# WaveFront *.obj file (generated by Autodesk ATF)

mtllib tvc stage 1.mtl

g Body1

v 0.767016 -1.401983 7.447795
v 0.706157 -1.434197 7.360153
v 0.644058 -1.463949 7.270725
v 0.580818 -1.491192 7.179654
v 0.516538 -1.515882 7.087085
v 0.516538 -1.642935 7.087085
v 0.580571 -1.620161 7.179297
v 0.643718 -1.595038 7.270235
v 0.705895 -1.567601 7.359775
v 0.767016 -1.537886 7.447795
v 0.580818 -1.491192 7.087085
v 0.644058 -1.463949 7.087085
v 0.706157 -1.434197 7.087085
v 0.767016 -1.401983 7.087085
v 0.767016 -1.537886 7.087085
v 0.705895 -1.567601 7.087085
v 0.643718 -1.595038 7.087085
v 0.580571 -1.620161 7.087085
vt -0.439147 1.503757 0.000000
vt -0.332448 1.535971 0.000000
vt -0.439147 1.639660 0.000000
vt -0.331987 1.669375 0.000000
vt -0.223573 1.565723 0.000000
vt -0.222977 1.696813 0.000000
vt -0.112698 1.592966 0.000000
vt -0.112264 1.721935 0.000000
vt -0.000000 1.617656 0.000000
vt -0.000000 1.744709 0.000000
vt -0.250477 1.744709 0.000000
vt -0.250477 1.617656 0.000000
vt -0.186445 1.721935 0.000000
vt -0.186198 1.592966 0.000000
vt -0.123298 1.696813 0.000000
vt -0.122957 1.565723 0.000000
vt -0.061121 1.669375 0.000000
vt -0.060858 1.535971 0.000000
vt -0.000000 1.639660 0.000000
vt -0.000000 1.503757 0.000000
vt -0.360709 1.503757 0.000000
vt 0.000000 1.503757 0.000000
vt -0.360709 1.639660 0.000000
vt -0.000000 1.639660 0.000000
vt 7.423092 -1.829985 0.000000
vt 7.062383 -1.829985 0.000000
vt 7.335451 -1.898848 0.000000
vt 7.062383 -1.898848 0.000000
vt 7.246023 -1.967711 0.000000
vt 7.062383 -1.967711 0.000000
vt 7.154951 -2.036574 0.000000
vt 7.062383 -2.036574 0.000000
vt 7.062383 -2.105437 0.000000
vt -7.423092 -2.023643 0.000000
vt -7.335072 -2.091609 0.000000
vt -7.062383 -2.023643 0.000000
vt -7.062383 -2.091609 0.000000
vt -7.245533 -2.159574 0.000000
vt -7.062383 -2.159574 0.000000
vt -7.154595 -2.227539 0.000000
vt -7.062383 -2.227539 0.000000
vt -7.062383 -2.295505 0.000000
vn -0.821386 -0.000000 0.570372
vn -0.821386 -0.000000 0.570372
vn -0.821386 -0.000000 0.570372
vn -0.821386 -0.000000 0.570372
vn -0.821386 -0.000000 0.570372
vn -0.821386 -0.000000 0.570372
vn -0.821386 -0.000000 0.570372
vn -0.821386 -0.000000 0.570372
vn -0.821386 -0.000000 0.570372
vn -0.821386 -0.000000 0.570372
vn -0.000000 -0.000000 -1.000000
vn -0.000000 -0.000000 -1.000000
vn -0.000000 -0.000000 -1.000000
vn -0.000000 -0.000000 -1.000000
vn -0.000000 -0.000000 -1.000000
vn -0.000000 -0.000000 -1.000000
vn -0.000000 -0.000000 -1.000000
vn -0.000000 -0.000000 -1.000000
vn -0.000000 -0.000000 -1.000000
vn -0.000000 -0.000000 -1.000000
vn 1.000000 -0.000000 -0.000000
vn 1.000000 -0.000000 -0.000000
vn 1.000000 -0.000000 -0.000000
vn 1.000000 -0.000000 -0.000000
vn -0.485427 0.874277 0.000000
vn -0.485427 0.874277 0.000000
vn -0.450044 0.893006 0.000000
vn -0.450044 0.893006 0.000000
vn -0.413940 0.910304 0.000000
vn -0.413940 0.910304 0.000000
vn -0.377173 0.926143 0.000000
vn -0.377173 0.926143 0.000000
vn -0.339801 0.940497 0.000000
vn 0.453769 -0.891119 -0.000000
vn 0.420551 -0.907269 -0.000000
vn 0.453769 -0.891119 -0.000000
vn 0.420551 -0.907269 -0.000000
vn 0.386759 -0.922181 -0.000000
vn 0.386759 -0.922181 -0.000000
vn 0.352440 -0.935834 -0.000000
vn 0.352440 -0.935834 -0.000000
vn 0.317640 -0.948211 -0.000000
usemtl Steel_-_Satin
f 1/1/1 2/2/2 10/3/3
f 10/3/3 2/2/2 9/4/4
f 9/4/4 2/2/2 3/5/5
f 9/4/4 3/5/5 8/6/6
f 8/6/6 3/5/5 4/7/7
f 8/6/6 4/7/7 7/8/8
f 7/8/8 4/7/7 5/9/9
f 7/8/8 5/9/9 6/10/10
f 6/11/11 5/12/12 18/13/13
f 18/13/13 5/12/12 11/14/14
f 18/13/13 11/14/14 17/15/15
f 17/15/15 11/14/14 12/16/16
f 17/15/15 12/16/16 16/17/17
f 16/17/17 12/16/16 13/18/18
f 16/17/17 13/18/18 15/19/19
f 15/19/19 13/18/18 14/20/20
f 14/21/21 1/22/22 15/23/23
f 15/23/23 1/22/22 10/24/24
f 1/25/25 14/26/26 2/27/27
f 2/27/27 14/26/26 13/28/28
f 2/27/27 13/28/28 3/29/29
f 3/29/29 13/28/28 12/30/30
f 3/29/29 12/30/30 4/31/31
f 4/31/31 12/30/30 11/32/32
f 4/31/31 11/32/32 5/33/33
f 10/34/34 9/35/35 15/36/36
f 15/36/36 9/35/35 16/37/37
f 16/37/37 9/35/35 8/38/38
f 16/37/37 8/38/38 17/39/39
f 17/39/39 8/38/38 7/40/40
f 17/39/39 7/40/40 18/41/41
f 18/41/41 7/40/40 6/42/42
g Body2

v 0.767016 1.605531 7.087085
v 0.706157 1.637745 7.087085
v 0.644058 1.667497 7.087085
v 0.580818 1.694740 7.087085
v 0.516538 1.719430 7.087085
v 0.516538 1.846483 7.087085
v 0.580571 1.823709 7.087085
v 0.643718 1.798587 7.087085
v 0.705895 1.771149 7.087085
v 0.767016 1.741434 7.087085
v 0.767016 1.605531 7.447795
v 0.767016 1.741434 7.447795
v 0.580818 1.694740 7.179654
v 0.644058 1.667497 7.270725
v 0.706157 1.637745 7.360153
v 0.705895 1.771149 7.359775
v 0.643718 1.798587 7.270235
v 0.580571 1.823709 7.179297
vt 0.000000 -1.503757 0.000000
vt -0.060858 -1.535971 0.000000
vt 0.000000 -1.639660 0.000000
vt -0.061121 -1.669375 0.000000
vt -0.122957 -1.565723 0.000000
vt -0.123298 -1.696813 0.000000
vt -0.186198 -1.592966 0.000000
vt -0.186445 -1.721935 0.000000
vt -0.250477 -1.617656 0.000000
vt -0.250477 -1.744709 0.000000
vt 0.000000 -1.503757 0.000000
vt -0.360709 -1.503757 0.000000
vt 0.000000 -1.639660 0.000000
vt -0.360709 -1.639660 0.000000
vt -0.000000 -1.744709 0.000000
vt -0.000000 -1.617656 0.000000
vt -0.112264 -1.721935 0.000000
vt -0.112698 -1.592966 0.000000
vt -0.222977 -1.696813 0.000000
vt -0.223573 -1.565723 0.000000
vt -0.331987 -1.669375 0.000000
vt -0.332448 -1.535971 0.000000
vt -0.439147 -1.639660 0.000000
vt -0.439147 -1.503757 0.000000
vt 7.423092 1.829985 0.000000
vt 7.335451 1.898848 0.000000
vt 7.062383 1.829985 0.000000
vt 7.062383 1.898848 0.000000
vt 7.246023 1.967711 0.000000
vt 7.062383 1.967711 0.000000
vt 7.154951 2.036574 0.000000
vt 7.062383 2.036574 0.000000
vt 7.062383 2.105437 0.000000
vt -7.423092 2.023643 0.000000
vt -7.062383 2.023643 0.000000
vt -7.335072 2.091609 0.000000
vt -7.062383 2.091609 0.000000
vt -7.245533 2.159574 0.000000
vt -7.062383 2.159574 0.000000
vt -7.154595 2.227539 0.000000
vt -7.062383 2.227539 0.000000
vt -7.062383 2.295505 0.000000
vn -0.000000 -0.000000 -1.000000
vn -0.000000 -0.000000 -1.000000
vn -0.000000 -0.000000 -1.000000
vn -0.000000 -0.000000 -1.000000
vn -0.000000 -0.000000 -1.000000
vn -0.000000 -0.000000 -1.000000
vn -0.000000 -0.000000 -1.000000
vn -0.000000 -0.000000 -1.000000
vn -0.000000 -0.000000 -1.000000
vn -0.000000 -0.000000 -1.000000
vn 1.000000 -0.000000 -0.000000
vn 1.000000 -0.000000 -0.000000
vn 1.000000 -0.000000 -0.000000
vn 1.000000 -0.000000 -0.000000
vn -0.821386 -0.000000 0.570372
vn -0.821386 -0.000000 0.570372
vn -0.821386 -0.000000 0.570372
vn -0.821386 -0.000000 0.570372
vn -0.821386 -0.000000 0.570372
vn -0.821386 -0.000000 0.570372
vn -0.821386 -0.000000 0.570372
vn -0.821386 -0.000000 0.570372
vn -0.821386 -0.000000 0.570372
vn -0.821386 -0.000000 0.570372
vn -0.485427 -0.874277 0.000000
vn -0.450044 -0.893006 0.000000
vn -0.485427 -0.874277 0.000000
vn -0.450044 -0.893006 0.000000
vn -0.413940 -0.910304 0.000000
vn -0.413940 -0.910304 0.000000
vn -0.377173 -0.926143 0.000000
vn -0.377173 -0.926143 0.000000
vn -0.339801 -0.940497 0.000000
vn 0.453769 0.891119 -0.000000
vn 0.453769 0.891119 -0.000000
vn 0.420551 0.907269 -0.000000
vn 0.420551 0.907269 -0.000000
vn 0.386759 0.922181 -0.000000
vn 0.386759 0.922181 -0.000000
vn 0.352440 0.935834 -0.000000
vn 0.352440 0.935834 -0.000000
vn 0.317640 0.948211 -0.000000
f 19/43/43 20/44/44 28/45/45
f 28/45/45 20/44/44 27/46/46
f 27/46/46 20/44/44 21/47/47
f 27/46/46 21/47/47 26/48/48
f 26/48/48 21/47/47 22/49/49
f 26/48/48 22/49/49 25/50/50
f 25/50/50 22/49/49 23/51/51
f 25/50/50 23/51/51 24/52/52
f 29/53/53 19/54/54 30/55/55
f 30/55/55 19/54/54 28/56/56
f 24/57/57 23/58/58 36/59/59
f 36/59/59 23/58/58 31/60/60
f 36/59/59 31/60/60 35/61/61
f 35/61/61 31/60/60 32/62/62
f 35/61/61 32/62/62 34/63/63
f 34/63/63 32/62/62 33/64/64
f 34/63/63 33/64/64 30/65/65
f 30/65/65 33/64/64 29/66/66
f 29/67/67 33/68/68 19/69/69
f 19/69/69 33/68/68 20/70/70
f 20/70/70 33/68/68 32/71/71
f 20/70/70 32/71/71 21/72/72
f 21/72/72 32/71/71 31/73/73
f 21/72/72 31/73/73 22/74/74
f 22/74/74 31/73/73 23/75/75
f 30/76/76 28/77/77 34/78/78
f 34/78/78 28/77/77 27/79/79
f 34/78/78 27/79/79 35/80/80
f 35/80/80 27/79/79 26/81/81
f 35/80/80 26/81/81 36/82/82
f 36/82/82 26/81/81 25/83/83
f 36/82/82 25/83/83 24/84/84
g Body3

v -0.071813 -1.978226 1.371372
v -0.032990 -1.978226 1.376483
v 0.003187 -1.978226 1.391468
v 0.034253 -1.978226 1.415306
v 0.058090 -1.978226 1.446372
v 0.073076 -1.978226 1.482549
v 0.078187 -1.978226 1.521372
v 0.073076 -1.978226 1.560195
v 0.058090 -1.978226 1.596372
v 0.034253 -1.978226 1.627438
v 0.003187 -1.978226 1.651276
v -0.032990 -1.978226 1.666261
v -0.071813 -1.978226 1.671372
v -0.110636 -1.978226 1.666261
v -0.146813 -1.978226 1.651276
v -0.177879 -1.978226 1.627438
v -0.201717 -1.978226 1.596372
v -0.216702 -1.978226 1.560195
v -0.221813 -1.978226 1.521372
v -0.216702 -1.978226 1.482549
v -0.201717 -1.978226 1.446372
v -0.177879 -1.978226 1.415306
v -0.146813 -1.978226 1.391468
v -0.110636 -1.978226 1.376483
v -0.221813 -1.611327 1.521372
v -0.218972 -1.611583 1.550217
v -0.210390 -1.612315 1.578787
v -0.196257 -1.613430 1.605048
v -0.177882 -1.614707 1.627435
v -0.155496 -1.615993 1.645811
v -0.129237 -1.617133 1.659945
v -0.100668 -1.617908 1.668529
v -0.071823 -1.618222 1.671372
v -0.042977 -1.618039 1.668533
v -0.014405 -1.617393 1.659951
v 0.011859 -1.616372 1.645818
v 0.034250 -1.615189 1.627440
v 0.052628 -1.613995 1.605051
v 0.066763 -1.612945 1.578788
v 0.075346 -1.612252 1.550218
v 0.078187 -1.612009 1.521372
v 0.075346 -1.612252 1.492526
v 0.066763 -1.612945 1.463955
v 0.052628 -1.613995 1.437692
v 0.034250 -1.615189 1.415303
v 0.011859 -1.616372 1.396926
v -0.014405 -1.617393 1.382792
v -0.042977 -1.618039 1.374211
v -0.071823 -1.618222 1.371372
v -0.100668 -1.617908 1.374214
v -0.129237 -1.617133 1.382798
v -0.155496 -1.615993 1.396932
v -0.177882 -1.614707 1.415308
v -0.196257 -1.613430 1.437696
v -0.210390 -1.612315 1.463957
v -0.218972 -1.611583 1.492526
v -0.071813 2.181774 1.671372
v -0.032990 2.181774 1.666261
v 0.003187 2.181774 1.651276
v 0.034253 2.181774 1.627438
v 0.058090 2.181774 1.596372
v 0.073076 2.181774 1.560195
v 0.078187 2.181774 1.521372
v 0.073076 2.181774 1.482549
v 0.058090 2.181774 1.446372
v 0.034253 2.181774 1.415306
v 0.003187 2.181774 1.391468
v -0.032990 2.181774 1.376483
v -0.071813 2.181774 1.371372
v -0.110636 2.181774 1.376483
v -0.146813 2.181774 1.391468
v -0.177879 2.181774 1.415306
v -0.201717 2.181774 1.446372
v -0.216702 2.181774 1.482549
v -0.221813 2.181774 1.521372
v -0.216702 2.181774 1.560195
v -0.201717 2.181774 1.596372
v -0.177879 2.181774 1.627438
v -0.146813 2.181774 1.651276
v -0.110636 2.181774 1.666261
v -0.221813 1.814875 1.521372
v -0.218972 1.815131 1.492526
v -0.210390 1.815863 1.463957
v -0.196257 1.816978 1.437696
v -0.177882 1.818255 1.415308
v -0.155496 1.819541 1.396932
v -0.129237 1.820681 1.382798
v -0.100668 1.821456 1.374214
v -0.071823 1.821770 1.371372
v -0.042977 1.821587 1.374211
v -0.014405 1.820941 1.382792
v 0.011859 1.819921 1.396926
v 0.034250 1.818737 1.415303
v 0.052628 1.817543 1.437692
v 0.066763 1.816493 1.463955
v 0.075346 1.815800 1.492526
v 0.078187 1.815557 1.521372
v 0.075346 1.815800 1.550218
v 0.066763 1.816493 1.578788
v 0.052628 1.817543 1.605051
v 0.034250 1.818737 1.627440
v 0.011859 1.819921 1.645818
v -0.014405 1.820941 1.659951
v -0.042977 1.821587 1.668533
v -0.071823 1.821770 1.671372
v -0.100668 1.821456 1.668529
v -0.129237 1.820681 1.659945
v -0.155496 1.819541 1.645811
v -0.177882 1.818255 1.627435
v -0.196257 1.816978 1.605048
v -0.210390 1.815863 1.578787
v -0.218972 1.815131 1.550217
v -1.787919 0.101774 0.024703
v -1.750333 -0.255834 0.024703
v -1.639217 -0.597813 0.024703
v -1.459428 -0.909217 0.024703
v -1.218824 -1.176435 0.024703
v -0.927919 -1.387790 0.024703
v -0.599428 -1.534043 0.024703
v -0.247708 -1.608804 0.024703
v 0.111870 -1.608804 0.024703
v 0.463590 -1.534043 0.024703
v 0.792081 -1.387790 0.024703
v 1.082986 -1.176435 0.024703
v 1.323590 -0.909217 0.024703
v 1.503379 -0.597813 0.024703
v 1.614495 -0.255834 0.024703
v 1.652081 0.101774 0.024703
v 1.614495 0.459382 0.024703
v 1.503379 0.801361 0.024703
v 1.323590 1.112765 0.024703
v 1.082986 1.379983 0.024703
v 0.792081 1.591338 0.024703
v 0.463590 1.737591 0.024703
v 0.111870 1.812352 0.024703
v -0.247708 1.812352 0.024703
v -0.599428 1.737591 0.024703
v -0.927919 1.591338 0.024703
v -1.218824 1.379983 0.024703
v -1.459428 1.112765 0.024703
v -1.639217 0.801361 0.024703
v -1.750333 0.459382 0.024703
v -1.907919 0.101774 0.024703
v -1.870254 0.472163 0.024703
v -1.758801 0.827389 0.024703
v -1.578124 1.152908 0.024703
v -1.335618 1.435393 0.024703
v -1.041213 1.663279 0.024703
v -0.706961 1.827238 0.024703
v -0.346546 1.920556 0.024703
v 0.025276 1.939412 0.024703
v 0.393282 1.883036 0.024703
v 0.742406 1.753734 0.024703
v 1.058356 1.556801 0.024703
v 1.328196 1.300299 0.024703
v 1.540879 0.994730 0.024703
v 1.687697 0.652602 0.024703
v 1.762641 0.287924 0.024703
v 1.762641 -0.084376 0.024703
v 1.687697 -0.449054 0.024703
v 1.540879 -0.791182 0.024703
v 1.328196 -1.096751 0.024703
v 1.058356 -1.353253 0.024703
v 0.742406 -1.550186 0.024703
v 0.393282 -1.679488 0.024703
v 0.025276 -1.735864 0.024703
v -0.346546 -1.717008 0.024703
v -0.706961 -1.623690 0.024703
v -1.041213 -1.459731 0.024703
v -1.335618 -1.231845 0.024703
v -1.578124 -0.949359 0.024703
v -1.758801 -0.623841 0.024703
v -1.870254 -0.268615 0.024703
v -1.787919 0.101774 8.024703
v -1.750333 0.459382 8.024703
v -1.639217 0.801361 8.024703
v -1.459428 1.112765 8.024703
v -1.218824 1.379983 8.024703
v -0.927919 1.591338 8.024703
v -0.599428 1.737591 8.024703
v -0.247708 1.812352 8.024703
v 0.111870 1.812352 8.024703
v 0.463590 1.737591 8.024703
v 0.792081 1.591338 8.024703
v 1.082986 1.379983 8.024703
v 1.323590 1.112765 8.024703
v 1.503379 0.801361 8.024703
v 1.614495 0.459382 8.024703
v 1.652081 0.101774 8.024703
v 1.614495 -0.255834 8.024703
v 1.503379 -0.597813 8.024703
v 1.323590 -0.909217 8.024703
v 1.082986 -1.176435 8.024703
v 0.792081 -1.387790 8.024703
v 0.463590 -1.534043 8.024703
v 0.111870 -1.608804 8.024703
v -0.247708 -1.608804 8.024703
v -0.599428 -1.534043 8.024703
v -0.927919 -1.387790 8.024703
v -1.218824 -1.176435 8.024703
v -1.459428 -0.909217 8.024703
v -1.639217 -0.597813 8.024703
v -1.750333 -0.255834 8.024703
v -1.907919 0.101774 8.024703
v -1.870254 -0.268615 8.024703
v -1.758801 -0.623841 8.024703
v -1.578124 -0.949359 8.024703
v -1.335618 -1.231845 8.024703
v -1.041213 -1.459731 8.024703
v -0.706961 -1.623690 8.024703
v -0.346546 -1.717008 8.024703
v 0.025276 -1.735864 8.024703
v 0.393282 -1.679488 8.024703
v 0.742406 -1.550186 8.024703
v 1.058356 -1.353253 8.024703
v 1.328196 -1.096751 8.024703
v 1.540879 -0.791182 8.024703
v 1.687697 -0.449054 8.024703
v 1.762641 -0.084376 8.024703
v 1.762641 0.287924 8.024703
v 1.687697 0.652602 8.024703
v 1.540879 0.994730 8.024703
v 1.328196 1.300299 8.024703
v 1.058356 1.556801 8.024703
v 0.742406 1.753734 8.024703
v 0.393282 1.883036 8.024703
v 0.025276 1.939412 8.024703
v -0.346546 1.920556 8.024703
v -0.706961 1.827238 8.024703
v -1.041213 1.663279 8.024703
v -1.335618 1.435393 8.024703
v -1.578124 1.152908 8.024703
v -1.758801 0.827389 8.024703
v -1.870254 0.472163 8.024703
v -0.461747 2.181774 1.111123
v -0.461747 2.181774 1.911123
v 0.338253 2.181774 1.911123
v 0.338253 2.181774 1.111123
v -0.461747 -1.978226 1.911123
v -0.461747 -1.978226 1.111123
v 0.338253 -1.978226 1.111123
v 0.338253 -1.978226 1.911123
v -0.461747 -1.695585 1.111123
v -0.195900 -1.733770 1.111123
v 0.072674 -1.732847 1.111123
v 0.338253 -1.692836 1.111123
v 0.338253 1.896384 1.111123
v 0.072674 1.936395 1.111123
v -0.195900 1.937318 1.111123
v -0.461747 1.899133 1.111123
v 0.338253 -1.692836 1.911123
v 0.338253 1.896384 1.911123
v -0.461747 1.899133 1.911123
v -0.461747 -1.695585 1.911123
v -0.195900 1.937318 1.911123
v 0.072674 1.936395 1.911123
v 0.072674 -1.732847 1.911123
v -0.195900 -1.733770 1.911123
v -0.020937 -1.818226 5.605628
v -0.041643 -1.818226 5.608354
v -0.060937 -1.818226 5.616346
v -0.077506 -1.818226 5.629060
v -0.090219 -1.818226 5.645628
v -0.098211 -1.818226 5.664923
v -0.100937 -1.818226 5.685628
v -0.098211 -1.818226 5.706334
v -0.090219 -1.818226 5.725628
v -0.077506 -1.818226 5.742197
v -0.060937 -1.818226 5.754911
v -0.041643 -1.818226 5.762903
v -0.020937 -1.818226 5.765628
v -0.000232 -1.818226 5.762903
v 0.019063 -1.818226 5.754911
v 0.035631 -1.818226 5.742197
v 0.048345 -1.818226 5.725628
v 0.056337 -1.818226 5.706334
v 0.059063 -1.818226 5.685628
v 0.056337 -1.818226 5.664923
v 0.048345 -1.818226 5.645628
v 0.035631 -1.818226 5.629060
v 0.019063 -1.818226 5.616346
v -0.000232 -1.818226 5.608354
v -0.397519 -1.818226 6.039903
v -0.397519 -1.818226 5.319903
v 0.322481 -1.818226 5.319903
v 0.322481 -1.818226 6.039903
v 0.322481 -1.696333 6.039903
v 0.083706 -1.731968 6.039903
v -0.157679 -1.736035 6.039903
v -0.397519 -1.708465 6.039903
v -0.397519 -1.708465 5.319903
v 0.322481 -1.696333 5.319903
v -0.157679 -1.736035 5.319903
v 0.083706 -1.731968 5.319903
v -0.100937 -1.617909 5.685628
v -0.099422 -1.617938 5.701012
v -0.094844 -1.618015 5.716253
v -0.087301 -1.618116 5.730265
v -0.077492 -1.618199 5.742211
v -0.065540 -1.618224 5.752015
v -0.051524 -1.618148 5.759550
v -0.036283 -1.617933 5.764121
v -0.020905 -1.617583 5.765628
v -0.005528 -1.617092 5.764108
v 0.009700 -1.616474 5.759529
v 0.023699 -1.615783 5.751992
v 0.035636 -1.615106 5.742192
v 0.045434 -1.614486 5.730253
v 0.052971 -1.613972 5.716247
v 0.057548 -1.613644 5.701011
v 0.059063 -1.613532 5.685628
v 0.057548 -1.613644 5.670246
v 0.052971 -1.613972 5.655010
v 0.045434 -1.614486 5.641004
v 0.035636 -1.615106 5.629064
v 0.023699 -1.615783 5.619265
v 0.009700 -1.616474 5.611728
v -0.005528 -1.617092 5.607148
v -0.020905 -1.617583 5.605628
v -0.036283 -1.617933 5.607136
v -0.051524 -1.618148 5.611706
v -0.065540 -1.618224 5.619242
v -0.077492 -1.618199 5.629046
v -0.087301 -1.618116 5.640992
v -0.094844 -1.618015 5.655004
v -0.099422 -1.617938 5.670245
v 1.196812 -1.063925 3.184598
v 1.082978 -1.176442 2.994874
v 0.959177 -1.277890 2.788539
v 0.959177 -1.424880 2.788539
v 1.196812 -1.234659 3.184598
v 0.813817 -1.375027 2.790985
v 0.659346 -1.456907 2.793583
v 0.497362 -1.522682 2.796308
v 0.497362 -1.649242 2.796308
v 0.658066 -1.588950 2.793605
v 0.812452 -1.513945 2.791008
v 0.273183 -1.584064 3.200136
v 0.273183 -1.706333 3.200136
v 0.273183 1.787612 3.200136
v 0.497362 1.726230 2.796308
v 0.497362 1.852790 2.796308
v 0.273183 1.909881 3.200136
v 0.659346 1.660455 2.793583
v 0.813817 1.578575 2.790985
v 0.959177 1.481438 2.788539
v 0.959177 1.628428 2.788539
v 0.812452 1.717493 2.791008
v 0.658066 1.792498 2.793605
v 0.510818 -1.517937 3.596195
v 0.510818 -1.644841 3.596195
v 0.510818 1.721485 3.596195
v 0.510818 1.848389 3.596195
v 1.082978 1.379990 2.994874
v 1.196812 1.267473 3.184598
v 1.196812 1.438208 3.184598
v 0.673024 -1.450451 3.593466
v 0.827499 -1.366771 3.590868
v 0.972633 -1.267770 3.588426
v 0.972633 -1.415741 3.588426
v 0.826086 -1.506441 3.590892
v 0.671697 -1.583031 3.593489
v 0.972633 1.471318 3.588426
v 0.827499 1.570320 3.590868
v 0.673024 1.653999 3.593466
v 0.671697 1.786579 3.593489
v 0.826086 1.709989 3.590892
v 0.972633 1.619289 3.588426
v 1.089220 -1.170794 3.378411
v 1.089220 1.374342 3.378411
v -0.577230 1.744638 3.727455
v -0.339595 1.800183 4.123514
v -0.339595 1.921607 4.123514
v -0.577230 1.869881 3.727455
v -1.039045 1.521392 3.735224
v -0.892800 1.611069 3.732764
v -0.738350 1.685732 3.730165
v -0.737244 1.815718 3.730147
v -0.891616 1.747108 3.732744
v -1.039045 1.664629 3.735224
v -0.563774 1.748749 4.527342
v -0.563774 1.873702 4.527342
v -0.563774 -1.545201 4.527342
v -0.339595 -1.596635 4.123514
v -0.339595 -1.718059 4.123514
v -0.563774 -1.670154 4.527342
v -0.577230 -1.541090 3.727455
v -0.577230 -1.666333 3.727455
v -0.724699 1.691441 4.530049
v -0.879145 1.618452 4.532647
v -1.025589 1.530504 4.535111
v -1.025589 1.672910 4.535111
v -0.878000 1.753854 4.532628
v -0.723631 1.820972 4.530031
v -1.025589 -1.326955 4.535111
v -0.879145 -1.414904 4.532647
v -0.724699 -1.487893 4.530049
v -0.723631 -1.617424 4.530031
v -0.878000 -1.550306 4.532628
v -1.025589 -1.469362 4.535111
v -0.738350 -1.482184 3.730165
v -0.892800 -1.407521 3.732764
v -1.039045 -1.317844 3.735224
v -1.039045 -1.461080 3.735224
v -0.891616 -1.543560 3.732744
v -0.737244 -1.612170 3.730147
v -1.148676 1.439819 4.329965
v -1.263225 1.338562 4.139052
v -1.263225 1.500647 4.139052
v -1.263225 -1.135014 4.139052
v -1.148676 -1.236271 4.329965
v -1.263225 -1.297099 4.139052
v 1.221200 -1.036897 4.082868
v 1.107658 -1.153781 3.893632
v 0.983564 -1.259396 3.686809
v 0.983564 -1.408187 3.686809
v 1.221200 -1.211151 4.082868
v 0.838620 -1.359933 3.689248
v 0.684140 -1.445096 3.691846
v 0.521750 -1.513989 3.694578
v 0.521750 -1.641181 3.694578
v 0.682773 -1.578125 3.691869
v 0.837166 -1.500231 3.689272
v 0.297570 -1.578945 4.098406
v 0.297570 -1.701561 4.098406
v 0.297570 1.782493 4.098406
v 0.521750 1.717537 3.694578
v 0.521750 1.844729 3.694578
v 0.297570 1.905109 4.098406
v 0.684140 1.648644 3.691846
v 0.838620 1.563481 3.689248
v 0.983564 1.462944 3.686809
v 0.983564 1.611735 3.686809
v 0.837166 1.703779 3.689272
v 0.682773 1.781673 3.691869
v 0.535206 -1.509015 4.494465
v 0.535206 -1.636570 4.494465
v 0.535206 1.712563 4.494465
v 0.535206 1.840118 4.494465
v 1.107658 1.357329 3.893632
v 1.221200 1.240445 4.082868
v 1.221200 1.414699 4.082868
v 0.697828 -1.438366 4.491729
v 0.852314 -1.351351 4.489130
v 0.997020 -1.248894 4.486696
v 0.997020 -1.398727 4.486696
v 0.850808 -1.492447 4.489156
v 0.696412 -1.571964 4.491753
v 0.997020 1.452442 4.486696
v 0.852314 1.554899 4.489130
v 0.697828 1.641914 4.491729
v 0.696412 1.775512 4.491753
v 0.850808 1.695995 4.489156
v 0.997020 1.602275 4.486696
v 1.113873 -1.147933 4.276202
v 1.113873 1.351481 4.276202
v 0.412351 -1.549813 2.745625
v 0.174715 -1.601026 2.349566
v 0.174715 -1.722158 2.349566
v 0.412351 -1.674441 2.745625
v 0.021079 -1.615922 2.352150
v -0.133273 -1.616984 2.354747
v -0.287100 -1.604204 2.357335
v -0.287100 -1.725125 2.357335
v -0.133259 -1.737065 2.354747
v 0.021041 -1.736074 2.352151
v -0.511279 -1.560102 2.761163
v -0.511279 -1.684012 2.761163
v -0.511279 1.763650 2.761163
v -0.287100 1.807752 2.357335
v -0.287100 1.928673 2.357335
v -0.511279 1.887560 2.761163
v -0.133273 1.820532 2.354747
v 0.021079 1.819470 2.352150
v 0.174715 1.804574 2.349566
v 0.174715 1.925706 2.349566
v 0.021041 1.939622 2.352151
v -0.133259 1.940614 2.354747
v -0.273644 -1.605879 3.157222
v -0.273644 -1.726689 3.157222
v -0.273644 1.809427 3.157222
v -0.273644 1.930237 3.157222
v 0.412351 1.753362 2.745625
v 0.412351 1.877989 2.745625
v -0.119708 -1.617446 3.154632
v 0.034645 -1.615165 3.152035
v 0.188171 -1.599055 3.149453
v 0.188171 -1.720318 3.149453
v 0.034592 -1.735368 3.152036
v -0.119708 -1.737497 3.154632
v 0.188171 1.802603 3.149453
v 0.034645 1.818713 3.152035
v -0.119708 1.820994 3.154632
v -0.119708 1.941045 3.154632
v 0.034592 1.938916 3.152036
v 0.188171 1.923866 3.149453
v 0.428609 -1.544999 3.639830
v 0.190973 -1.598630 3.243771
v 0.190973 -1.719922 3.243771
v 0.428609 -1.669965 3.639830
v 0.037470 -1.614994 3.246354
v -0.116883 -1.617529 3.248950
v -0.270841 -1.606214 3.251540
v -0.270841 -1.727002 3.251540
v -0.116886 -1.737574 3.248950
v 0.037414 -1.735209 3.246354
v -0.495021 -1.564354 3.655368
v -0.495021 -1.687970 3.655368
v -0.495021 1.767902 3.655368
v -0.270841 1.809762 3.251540
v -0.270841 1.930550 3.251540
v -0.495021 1.891518 3.655368
v -0.116883 1.821077 3.248950
v 0.037470 1.818542 3.246354
v 0.190973 1.802178 3.243771
v 0.190973 1.923470 3.243771
v 0.037414 1.938757 3.246354
v -0.116886 1.941122 3.248950
v -0.257385 -1.607759 4.051427
v -0.257385 -1.728445 4.051427
v -0.257385 1.811307 4.051427
v -0.257385 1.931993 4.051427
v 0.428609 1.748547 3.639830
v 0.428609 1.873513 3.639830
v -0.103318 -1.617862 4.048835
v 0.051035 -1.614108 4.046239
v 0.204429 -1.596527 4.043658
v 0.204429 -1.717958 4.043658
v 0.050966 -1.734381 4.046240
v -0.103334 -1.737885 4.048835
v 0.204429 1.800075 4.043658
v 0.051035 1.817656 4.046239
v -0.103318 1.821410 4.048835
v -0.103334 1.941433 4.048835
v 0.050966 1.937929 4.046240
v 0.204429 1.921507 4.043658
v 0.454740 -1.536892 4.553667
v 0.217105 -1.594446 4.157608
v 0.217105 -1.716016 4.157608
v 0.454740 -1.662433 4.553667
v 0.063814 -1.613174 4.160186
v -0.090539 -1.618077 4.162783
v -0.244710 -1.609116 4.165376
v -0.244710 -1.729713 4.165376
v -0.090569 -1.738087 4.162783
v 0.063731 -1.733510 4.160188
v -0.468890 -1.570835 4.569204
v -0.468890 -1.694005 4.569204
v -0.468890 1.774384 4.569204
v -0.244710 1.812664 4.165376
v -0.244710 1.933261 4.165376
v -0.468890 1.897553 4.569204
v -0.090539 1.821625 4.162783
v 0.063814 1.816722 4.160186
v 0.217105 1.797994 4.157608
v 0.217105 1.919564 4.157608
v 0.063731 1.937058 4.160188
v -0.090569 1.941635 4.162783
v -0.231254 -1.610453 4.965263
v -0.231254 -1.730962 4.965263
v -0.231254 1.814001 4.965263
v -0.231254 1.934510 4.965263
v 0.454740 1.740440 4.553667
v 0.454740 1.865981 4.553667
v -0.076974 -1.618202 4.962668
v 0.077379 -1.612078 4.960071
v 0.230561 -1.592130 4.957494
v 0.230561 -1.713855 4.957494
v 0.077283 -1.732488 4.960073
v -0.077018 -1.738203 4.962669
v 0.230561 1.795678 4.957494
v 0.077379 1.815626 4.960071
v -0.076974 1.821750 4.962668
v -0.077018 1.941752 4.962669
v 0.077283 1.936036 4.960073
v 0.230561 1.917403 4.957494
v -0.347724 -1.595314 3.221180
v -0.585359 -1.538548 2.825121
v -0.585359 -1.663971 2.825121
v -0.347724 -1.716827 3.221180
v -0.746599 -1.478667 2.827833
v -0.901052 -1.402981 2.830431
v -1.047174 -1.312248 2.832889
v -1.047174 -1.456000 2.832889
v -0.899844 -1.539415 2.830411
v -0.745470 -1.608935 2.827814
v -1.271354 -1.127106 3.236717
v -1.271354 -1.290111 3.236717
v -1.271354 1.330654 3.236717
v -1.047174 1.515796 2.832889
v -1.047174 1.659548 2.832889
v -1.271354 1.493659 3.236717
v -0.901052 1.606529 2.830431
v -0.746599 1.682215 2.827833
v -0.585359 1.742096 2.825121
v -0.585359 1.867519 2.825121
v -0.745470 1.812483 2.827814
v -0.899844 1.742963 2.830411
v -1.156881 -1.229602 3.427505
v -1.033718 -1.321473 3.632776
v -1.033718 -1.464378 3.632776
v -1.033718 1.525021 3.632776
v -1.156881 1.433150 3.427505
v -1.033718 1.667926 3.632776
v -0.347724 1.798862 3.221180
v -0.347724 1.920375 3.221180
v -0.887394 -1.410463 3.630315
v -0.732945 -1.484461 3.627717
v -0.571903 -1.542732 3.625007
v -0.571903 -1.667859 3.625007
v -0.731855 -1.614265 3.627698
v -0.886225 -1.546247 3.630295
v -0.571903 1.746280 3.625007
v -0.732945 1.688009 3.627717
v -0.887394 1.614011 3.630315
v -0.886225 1.749795 3.630295
v -0.731855 1.817813 3.627698
v -0.571903 1.871407 3.625007
v -1.418587 1.166713 1.162709
v -1.317626 1.283566 1.373204
v -1.206590 1.390893 1.566537
v -1.380844 1.390893 1.566537
v -1.568420 1.166713 1.162709
v -1.323474 1.277351 1.755774
v -1.429089 1.153257 1.962596
v -1.577880 1.153257 1.962596
v -1.529626 1.008313 1.960158
v -1.614789 0.853833 1.957559
v -1.683682 0.691443 1.954827
v -1.810874 0.691443 1.954827
v -1.747818 0.852466 1.957536
v -1.669924 1.006859 1.960134
v 1.547844 0.691443 1.954827
v 1.478951 0.853833 1.957559
v 1.393788 1.008313 1.960158
v 1.293251 1.153257 1.962596
v 1.442042 1.153257 1.962596
v 1.534086 1.006859 1.960134
v 1.611980 0.852466 1.957536
v 1.675036 0.691443 1.954827
v 1.187636 1.277351 1.755774
v 1.070752 1.390893 1.566537
v 1.245006 1.390893 1.566537
v -1.748638 0.467263 1.551000
v -1.871254 0.467263 1.551000
v 1.612800 0.467263 1.551000
v 1.735416 0.467263 1.551000
v 1.181788 1.283566 1.373204
v 1.282749 1.166713 1.162709
v 1.432582 1.166713 1.162709
v -1.678708 0.704899 1.154941
v -1.806263 0.704899 1.154941
v 1.542870 0.704899 1.154941
v 1.670425 0.704899 1.154941
v -1.608059 0.867521 1.157676
v -1.521044 1.022007 1.160275
v -1.662140 1.020501 1.160250
v -1.741657 0.866105 1.157653
v 1.385206 1.022007 1.160275
v 1.472221 0.867521 1.157676
v 1.605819 0.866105 1.157653
v 1.526302 1.020501 1.160250
v 1.629169 -0.178031 2.428226
v 1.576587 -0.402210 2.024398
v 1.701714 -0.402210 2.024398
v 1.750682 -0.178031 2.428226
v 1.572403 -0.415666 2.824285
v 1.697826 -0.415666 2.824285
v 1.518316 -0.563252 2.021689
v 1.444318 -0.717701 2.019091
v 1.355328 -0.864025 2.016629
v 1.498233 -0.864025 2.016629
v 1.580102 -0.716532 2.019111
v 1.648120 -0.562162 2.021707
v -1.491166 -0.864025 2.016629
v -1.580156 -0.717701 2.019091
v -1.654154 -0.563252 2.021689
v -1.712425 -0.402210 2.024398
v -1.837552 -0.402210 2.024398
v -1.783958 -0.562162 2.021707
v -1.715940 -0.716532 2.019111
v -1.634071 -0.864025 2.016629
v -1.765007 -0.178031 2.428226
v -1.886520 -0.178031 2.428226
v 1.263457 -0.987188 2.221901
v 1.160961 -1.101661 2.412688
v 1.323966 -1.101661 2.412688
v -1.296798 -1.101661 2.412688
v -1.399295 -0.987188 2.221901
v -1.459804 -1.101661 2.412688
v -1.708241 -0.415666 2.824285
v -1.833664 -0.415666 2.824285
v 1.346103 -0.877481 2.816516
v 1.489855 -0.877481 2.816516
v -1.481941 -0.877481 2.816516
v -1.625693 -0.877481 2.816516
v 1.436836 -0.731359 2.818974
v 1.512522 -0.576906 2.821573
v 1.642790 -0.575777 2.821592
v 1.573270 -0.730151 2.818995
v -1.648360 -0.576906 2.821573
v -1.572674 -0.731359 2.818974
v -1.709108 -0.730151 2.818995
v -1.778628 -0.575777 2.821592
v -1.687630 0.680511 6.453211
v -1.620144 0.842717 6.455939
v -1.536464 0.997192 6.458538
v -1.437463 1.142326 6.460979
v -1.585434 1.142326 6.460979
v -1.676134 0.995779 6.458514
v -1.752724 0.841390 6.455917
v -1.814534 0.680511 6.453211
v -1.340487 1.258913 6.670995
v -1.233618 1.366505 6.864807
v -1.404352 1.366505 6.864807
v -1.346135 1.252671 7.054531
v -1.447583 1.128870 7.260866
v -1.594573 1.128870 7.260866
v 1.311745 1.128870 7.260866
v 1.210297 1.252671 7.054531
v 1.097780 1.366505 6.864807
v 1.268515 1.366505 6.864807
v 1.458735 1.128870 7.260866
v 1.204649 1.258913 6.670995
v 1.301625 1.142326 6.460979
v 1.449596 1.142326 6.460979
v -1.544720 0.983510 7.258421
v -1.626600 0.829039 7.255822
v -1.692375 0.667055 7.253097
v -1.818935 0.667055 7.253097
v -1.758643 0.827759 7.255801
v -1.683638 0.982145 7.258398
v 1.556537 0.667055 7.253097
v 1.490762 0.829039 7.255822
v 1.408882 0.983510 7.258421
v 1.547800 0.982145 7.258398
v 1.622805 0.827759 7.255801
v 1.683097 0.667055 7.253097
v 1.400627 0.997192 6.458538
v 1.484306 0.842717 6.455939
v 1.551792 0.680511 6.453211
v 1.678696 0.680511 6.453211
v 1.616886 0.841390 6.455917
v 1.540296 0.995779 6.458514
v -1.753757 0.442876 6.849270
v -1.876026 0.442876 6.849270
v 1.617919 0.442876 6.849270
v 1.740188 0.442876 6.849270
v 1.579056 -0.394081 1.122064
v 1.521748 -0.555006 1.119357
v 1.448759 -0.709452 1.116759
v 1.360811 -0.855896 1.114295
v 1.503217 -0.855896 1.114295
v 1.584161 -0.708307 1.116778
v 1.651279 -0.553938 1.119375
v 1.704009 -0.394081 1.122064
v 1.630490 -0.169902 1.525892
v 1.751914 -0.169902 1.525892
v 1.270126 -0.978983 1.319440
v 1.168869 -1.093532 1.510354
v 1.330954 -1.093532 1.510354
v -1.304707 -1.093532 1.510354
v -1.405964 -0.978983 1.319440
v -1.496648 -0.855896 1.114295
v -1.639055 -0.855896 1.114295
v -1.466792 -1.093532 1.510354
v -1.584597 -0.709452 1.116759
v -1.657586 -0.555006 1.119357
v -1.714894 -0.394081 1.122064
v -1.839847 -0.394081 1.122064
v -1.787117 -0.553938 1.119375
v -1.719999 -0.708307 1.116778
v 1.351699 -0.869352 1.914182
v 1.494936 -0.869352 1.914182
v -1.487537 -0.869352 1.914182
v -1.630773 -0.869352 1.914182
v -1.766328 -0.169902 1.525892
v -1.887752 -0.169902 1.525892
v 1.441376 -0.723107 1.916642
v 1.516039 -0.568657 1.919240
v 1.574945 -0.407537 1.921951
v 1.700188 -0.407537 1.921951
v 1.646025 -0.567551 1.919259
v 1.577415 -0.721923 1.916662
v -1.710783 -0.407537 1.921951
v -1.651877 -0.568657 1.919240
v -1.577214 -0.723107 1.916642
v -1.713253 -0.721923 1.916662
v -1.781863 -0.567551 1.919259
v -1.836026 -0.407537 1.921951
v 1.628301 0.386798 5.891798
v 1.570747 0.624433 5.495739
v 1.696288 0.624433 5.495739
v 1.749871 0.386798 5.891798
v 1.642971 -0.075017 5.884029
v 1.651932 0.079154 5.886623
v 1.647029 0.233507 5.889219
v 1.767365 0.233424 5.889218
v 1.771942 0.079124 5.886622
v 1.763568 -0.075017 5.884029
v 1.625985 0.400254 5.091911
v 1.747710 0.400254 5.091911
v -1.761823 0.400254 5.091911
v -1.706585 0.624433 5.495739
v -1.832126 0.624433 5.495739
v -1.883548 0.400254 5.091911
v -1.764139 0.386798 5.891798
v -1.885709 0.386798 5.891798
v 1.645933 0.247072 5.089334
v 1.652057 0.092719 5.086738
v 1.644308 -0.061561 5.084142
v 1.764817 -0.061561 5.084142
v 1.772059 0.092675 5.086737
v 1.766343 0.246976 5.089333
v -1.780146 -0.061561 5.084142
v -1.787895 0.092719 5.086738
v -1.781771 0.247072 5.089334
v -1.902181 0.246976 5.089333
v -1.907896 0.092675 5.086737
v -1.900655 -0.061561 5.084142
v -1.782867 0.233507 5.889219
v -1.787770 0.079154 5.886623
v -1.778809 -0.075017 5.884029
v -1.899406 -0.075017 5.884029
v -1.907780 0.079124 5.886622
v -1.903203 0.233424 5.889218
v 1.604691 -0.299197 5.480201
v 1.727860 -0.299197 5.480201
v -1.740528 -0.299197 5.480201
v -1.863698 -0.299197 5.480201
v 1.579056 -0.394081 5.522064
v 1.521748 -0.555006 5.519357
v 1.448759 -0.709452 5.516759
v 1.360811 -0.855896 5.514295
v 1.503217 -0.855896 5.514295
v 1.584161 -0.708307 5.516778
v 1.651279 -0.553938 5.519375
v 1.704009 -0.394081 5.522064
v 1.630490 -0.169902 5.925892
v 1.751914 -0.169902 5.925892
v 1.270126 -0.978983 5.719440
v 1.168869 -1.093532 5.910354
v 1.330954 -1.093532 5.910354
v -1.304707 -1.093532 5.910354
v -1.405964 -0.978983 5.719440
v -1.496648 -0.855896 5.514295
v -1.639055 -0.855896 5.514295
v -1.466792 -1.093532 5.910354
v -1.584597 -0.709452 5.516759
v -1.657586 -0.555006 5.519357
v -1.714894 -0.394081 5.522064
v -1.839847 -0.394081 5.522064
v -1.787117 -0.553938 5.519375
v -1.719999 -0.708307 5.516778
v 1.351699 -0.869352 6.314182
v 1.494936 -0.869352 6.314182
v -1.487537 -0.869352 6.314182
v -1.630773 -0.869352 6.314182
v -1.766328 -0.169902 5.925892
v -1.887752 -0.169902 5.925892
v 1.441376 -0.723107 6.316642
v 1.516039 -0.568657 6.319240
v 1.574945 -0.407537 6.321951
v 1.700188 -0.407537 6.321951
v 1.646025 -0.567551 6.319259
v 1.577415 -0.721923 6.316662
v -1.710783 -0.407537 6.321951
v -1.651877 -0.568657 6.319240
v -1.577214 -0.723107 6.316642
v -1.713253 -0.721923 6.316662
v -1.781863 -0.567551 6.319259
v -1.836026 -0.407537 6.321951
v -1.687630 0.680511 2.053211
v -1.620144 0.842717 2.055939
v -1.536464 0.997192 2.058538
v -1.437463 1.142326 2.060979
v -1.585434 1.142326 2.060979
v -1.676134 0.995779 2.058514
v -1.752724 0.841390 2.055917
v -1.814534 0.680511 2.053211
v -1.340487 1.258913 2.270995
v -1.233618 1.366505 2.464807
v -1.404352 1.366505 2.464807
v -1.346135 1.252671 2.654531
v -1.447583 1.128870 2.860866
v -1.594573 1.128870 2.860866
v 1.311745 1.128870 2.860866
v 1.210297 1.252671 2.654531
v 1.097780 1.366505 2.464807
v 1.268515 1.366505 2.464807
v 1.458735 1.128870 2.860866
v 1.204649 1.258913 2.270995
v 1.301625 1.142326 2.060979
v 1.449596 1.142326 2.060979
v -1.544720 0.983510 2.858421
v -1.626600 0.829039 2.855822
v -1.692375 0.667055 2.853097
v -1.818935 0.667055 2.853097
v -1.758643 0.827759 2.855801
v -1.683638 0.982145 2.858398
v 1.556537 0.667055 2.853097
v 1.490762 0.829039 2.855822
v 1.408882 0.983510 2.858421
v 1.547800 0.982145 2.858398
v 1.622805 0.827759 2.855801
v 1.683097 0.667055 2.853097
v 1.400627 0.997192 2.058538
v 1.484306 0.842717 2.055939
v 1.551792 0.680511 2.053211
v 1.678696 0.680511 2.053211
v 1.616886 0.841390 2.055917
v 1.540296 0.995779 2.058514
v -1.753757 0.442876 2.449270
v -1.876026 0.442876 2.449270
v 1.617919 0.442876 2.449270
v 1.740188 0.442876 2.449270
v -1.719506 0.582044 7.303781
v -1.770719 0.344408 7.699840
v -1.891851 0.344408 7.699840
v -1.844134 0.582044 7.303781
v -1.785615 0.190772 7.697255
v -1.786677 0.036420 7.694659
v -1.773897 -0.117407 7.692071
v -1.894818 -0.117407 7.692071
v -1.906758 0.036434 7.694659
v -1.905767 0.190734 7.697254
v -1.729795 -0.341586 7.288243
v -1.853705 -0.341586 7.288243
v 1.593957 -0.341586 7.288243
v 1.638059 -0.117407 7.692071
v 1.758980 -0.117407 7.692071
v 1.717867 -0.341586 7.288243
v 1.650839 0.036420 7.694659
v 1.649777 0.190772 7.697255
v 1.634881 0.344408 7.699840
v 1.756013 0.344408 7.699840
v 1.769929 0.190734 7.697254
v 1.770921 0.036434 7.694659
v -1.775572 -0.103951 6.892184
v -1.896382 -0.103951 6.892184
v 1.639734 -0.103951 6.892184
v 1.760544 -0.103951 6.892184
v 1.583669 0.582044 7.303781
v 1.708296 0.582044 7.303781
v -1.787139 0.049985 6.894774
v -1.784858 0.204338 6.897370
v -1.768748 0.357864 6.899953
v -1.890011 0.357864 6.899953
v -1.905061 0.204285 6.897369
v -1.907190 0.049985 6.894774
v 1.632910 0.357864 6.899953
v 1.649020 0.204338 6.897370
v 1.651301 0.049985 6.894774
v 1.771352 0.049985 6.894774
v 1.769223 0.204285 6.897369
v 1.754173 0.357864 6.899953
v -1.766220 0.374122 6.005748
v -1.714692 0.598302 6.409575
v -1.839658 0.598302 6.409575
v -1.887651 0.374122 6.005748
v -1.768323 0.360666 6.805634
v -1.889615 0.360666 6.805634
v -1.784687 0.207163 6.803052
v -1.787222 0.052810 6.800455
v -1.775907 -0.101148 6.797866
v -1.896695 -0.101148 6.797866
v -1.907267 0.052807 6.800455
v -1.904902 0.207107 6.803051
v 1.640069 -0.101148 6.797866
v 1.651384 0.052810 6.800455
v 1.648849 0.207163 6.803052
v 1.632485 0.360666 6.805634
v 1.753777 0.360666 6.805634
v 1.769064 0.207107 6.803051
v 1.771429 0.052807 6.800455
v 1.760857 -0.101148 6.797866
v 1.578854 0.598302 6.409575
v 1.703820 0.598302 6.409575
v -1.734047 -0.325328 6.394038
v -1.857663 -0.325328 6.394038
v 1.598209 -0.325328 6.394038
v 1.721825 -0.325328 6.394038
v 1.630382 0.374122 6.005748
v 1.751814 0.374122 6.005748
v -1.777452 -0.087692 5.997979
v -1.898138 -0.087692 5.997979
v 1.641614 -0.087692 5.997979
v 1.762300 -0.087692 5.997979
v -1.787555 0.066375 6.000571
v -1.783801 0.220728 6.003167
v -1.904074 0.220659 6.003166
v -1.907578 0.066359 6.000570
v 1.647963 0.220728 6.003167
v 1.651717 0.066375 6.000571
v 1.771740 0.066359 6.000570
v 1.768236 0.220659 6.003166
v 1.628301 0.386798 1.491798
v 1.570747 0.624433 1.095739
v 1.696288 0.624433 1.095739
v 1.749871 0.386798 1.491798
v 1.642971 -0.075017 1.484029
v 1.651932 0.079154 1.486623
v 1.647029 0.233507 1.489219
v 1.767365 0.233424 1.489218
v 1.771942 0.079124 1.486622
v 1.763568 -0.075017 1.484029
v 1.625985 0.400254 0.691911
v 1.747710 0.400254 0.691911
v -1.761823 0.400254 0.691911
v -1.706585 0.624433 1.095739
v -1.832126 0.624433 1.095739
v -1.883548 0.400254 0.691911
v -1.764139 0.386798 1.491798
v -1.885709 0.386798 1.491798
v 1.645933 0.247072 0.689334
v 1.652057 0.092719 0.686738
v 1.644308 -0.061561 0.684142
v 1.764817 -0.061561 0.684142
v 1.772059 0.092675 0.686737
v 1.766343 0.246976 0.689333
v -1.780146 -0.061561 0.684142
v -1.787895 0.092719 0.686738
v -1.781771 0.247072 0.689334
v -1.902181 0.246976 0.689333
v -1.907896 0.092675 0.686737
v -1.900655 -0.061561 0.684142
v -1.782867 0.233507 1.489219
v -1.787770 0.079154 1.486623
v -1.778809 -0.075017 1.484029
v -1.899406 -0.075017 1.484029
v -1.907780 0.079124 1.486622
v -1.903203 0.233424 1.489218
v 1.604691 -0.299197 1.080201
v 1.727860 -0.299197 1.080201
v -1.740528 -0.299197 1.080201
v -1.863698 -0.299197 1.080201
v -1.719506 0.582044 2.903781
v -1.770719 0.344408 3.299840
v -1.891851 0.344408 3.299840
v -1.844134 0.582044 2.903781
v -1.785615 0.190772 3.297255
v -1.786677 0.036420 3.294659
v -1.773897 -0.117407 3.292071
v -1.894818 -0.117407 3.292071
v -1.906758 0.036434 3.294659
v -1.905767 0.190734 3.297254
v -1.729795 -0.341586 2.888243
v -1.853705 -0.341586 2.888243
v 1.593957 -0.341586 2.888243
v 1.638059 -0.117407 3.292071
v 1.758980 -0.117407 3.292071
v 1.717867 -0.341586 2.888243
v 1.650839 0.036420 3.294659
v 1.649777 0.190772 3.297255
v 1.634881 0.344408 3.299840
v 1.756013 0.344408 3.299840
v 1.769929 0.190734 3.297254
v 1.770921 0.036434 3.294659
v -1.775572 -0.103951 2.492184
v -1.896382 -0.103951 2.492184
v 1.639734 -0.103951 2.492184
v 1.760544 -0.103951 2.492184
v 1.583669 0.582044 2.903781
v 1.708296 0.582044 2.903781
v -1.787139 0.049985 2.494774
v -1.784858 0.204338 2.497370
v -1.768748 0.357864 2.499953
v -1.890011 0.357864 2.499953
v -1.905061 0.204285 2.497369
v -1.907190 0.049985 2.494774
v 1.632910 0.357864 2.499953
v 1.649020 0.204338 2.497370
v 1.651301 0.049985 2.494774
v 1.771352 0.049985 2.494774
v 1.769223 0.204285 2.497369
v 1.754173 0.357864 2.499953
v 1.629169 -0.178031 6.828226
v 1.576587 -0.402210 6.424398
v 1.701714 -0.402210 6.424398
v 1.750682 -0.178031 6.828226
v 1.572403 -0.415666 7.224285
v 1.697826 -0.415666 7.224285
v 1.518316 -0.563252 6.421689
v 1.444318 -0.717701 6.419091
v 1.355328 -0.864025 6.416629
v 1.498233 -0.864025 6.416629
v 1.580102 -0.716532 6.419111
v 1.648120 -0.562162 6.421707
v -1.491166 -0.864025 6.416629
v -1.580156 -0.717701 6.419091
v -1.654154 -0.563252 6.421689
v -1.712425 -0.402210 6.424398
v -1.837552 -0.402210 6.424398
v -1.783958 -0.562162 6.421707
v -1.715940 -0.716532 6.419111
v -1.634071 -0.864025 6.416629
v -1.765007 -0.178031 6.828226
v -1.886520 -0.178031 6.828226
v 1.263457 -0.987188 6.621901
v 1.160961 -1.101661 6.812688
v 1.323966 -1.101661 6.812688
v -1.296798 -1.101661 6.812688
v -1.399295 -0.987188 6.621901
v -1.459804 -1.101661 6.812688
v -1.708241 -0.415666 7.224285
v -1.833664 -0.415666 7.224285
v 1.346103 -0.877481 7.216516
v 1.489855 -0.877481 7.216516
v -1.481941 -0.877481 7.216516
v -1.625693 -0.877481 7.216516
v 1.436836 -0.731359 7.218974
v 1.512522 -0.576906 7.221573
v 1.642790 -0.575777 7.221592
v 1.573270 -0.730151 7.218995
v -1.648360 -0.576906 7.221573
v -1.572674 -0.731359 7.218974
v -1.709108 -0.730151 7.218995
v -1.778628 -0.575777 7.221592
v -1.766220 0.374122 1.605748
v -1.714692 0.598302 2.009575
v -1.839658 0.598302 2.009575
v -1.887651 0.374122 1.605748
v -1.768323 0.360666 2.405634
v -1.889615 0.360666 2.405634
v -1.784687 0.207163 2.403052
v -1.787222 0.052810 2.400455
v -1.775907 -0.101148 2.397866
v -1.896695 -0.101148 2.397866
v -1.907267 0.052807 2.400455
v -1.904902 0.207107 2.403051
v 1.640069 -0.101148 2.397866
v 1.651384 0.052810 2.400455
v 1.648849 0.207163 2.403052
v 1.632485 0.360666 2.405634
v 1.753777 0.360666 2.405634
v 1.769064 0.207107 2.403051
v 1.771429 0.052807 2.400455
v 1.760857 -0.101148 2.397866
v 1.578854 0.598302 2.009575
v 1.703820 0.598302 2.009575
v -1.734047 -0.325328 1.994038
v -1.857663 -0.325328 1.994038
v 1.598209 -0.325328 1.994038
v 1.721825 -0.325328 1.994038
v 1.630382 0.374122 1.605748
v 1.751814 0.374122 1.605748
v -1.777452 -0.087692 1.597979
v -1.898138 -0.087692 1.597979
v 1.641614 -0.087692 1.597979
v 1.762300 -0.087692 1.597979
v -1.787555 0.066375 1.600571
v -1.783801 0.220728 1.603167
v -1.904074 0.220659 1.603166
v -1.907578 0.066359 1.600570
v 1.647963 0.220728 1.603167
v 1.651717 0.066375 1.600571
v 1.771740 0.066359 1.600570
v 1.768236 0.220659 1.603166
v -1.418587 1.166713 5.562709
v -1.317626 1.283566 5.773204
v -1.206590 1.390893 5.966537
v -1.380844 1.390893 5.966537
v -1.568420 1.166713 5.562709
v -1.323474 1.277351 6.155774
v -1.429089 1.153257 6.362596
v -1.577880 1.153257 6.362596
v -1.529626 1.008313 6.360158
v -1.614789 0.853833 6.357559
v -1.683682 0.691443 6.354827
v -1.810874 0.691443 6.354827
v -1.747818 0.852466 6.357536
v -1.669924 1.006859 6.360134
v 1.547844 0.691443 6.354827
v 1.478951 0.853833 6.357559
v 1.393788 1.008313 6.360158
v 1.293251 1.153257 6.362596
v 1.442042 1.153257 6.362596
v 1.534086 1.006859 6.360134
v 1.611980 0.852466 6.357536
v 1.675036 0.691443 6.354827
v 1.187636 1.277351 6.155774
v 1.070752 1.390893 5.966537
v 1.245006 1.390893 5.966537
v -1.748638 0.467263 5.951000
v -1.871254 0.467263 5.951000
v 1.612800 0.467263 5.951000
v 1.735416 0.467263 5.951000
v 1.181788 1.283566 5.773204
v 1.282749 1.166713 5.562709
v 1.432582 1.166713 5.562709
v -1.678708 0.704899 5.554941
v -1.806263 0.704899 5.554941
v 1.542870 0.704899 5.554941
v 1.670425 0.704899 5.554941
v -1.608059 0.867521 5.557676
v -1.521044 1.022007 5.560275
v -1.662140 1.020501 5.560250
v -1.741657 0.866105 5.557653
v 1.385206 1.022007 5.560275
v 1.472221 0.867521 5.557676
v 1.605819 0.866105 5.557653
v 1.526302 1.020501 5.560250
v 0.767016 1.741434 6.997044
v 0.767016 1.741434 6.805503
v 0.800120 1.724151 6.805503
v 0.832867 1.706201 6.805503
v 0.865242 1.687589 6.805503
v 0.865242 1.687589 6.997044
v 0.901787 1.665510 6.997044
v 0.937810 1.642588 6.997044
v 0.973292 1.618837 6.997044
v 0.973292 1.618837 7.087085
v 0.937810 1.642588 7.087085
v 0.901787 1.665510 7.087085
v 0.865242 1.687589 7.087085
v 0.865242 1.687589 7.605503
v 0.838751 1.702883 7.605503
v 0.812009 1.717734 7.605503
v 0.785024 1.732139 7.605503
v 0.606330 1.813787 7.351752
v 0.419949 1.875917 7.087085
v 0.419949 1.875917 6.997044
v 0.538580 1.838944 6.997044
v 0.654445 1.794048 6.997044
v 0.767016 -1.537886 6.805503
v 0.767016 -1.537886 6.997044
v 0.654445 -1.590500 6.997044
v 0.538580 -1.635396 6.997044
v 0.419949 -1.672369 6.997044
v 0.419949 -1.672369 7.087085
v 0.606330 -1.610239 7.351752
v 0.785024 -1.528590 7.605503
v 0.812009 -1.514186 7.605503
v 0.838751 -1.499335 7.605503
v 0.865242 -1.484041 7.605503
v 0.865242 -1.484041 7.087085
v 0.901787 -1.461962 7.087085
v 0.937810 -1.439040 7.087085
v 0.973292 -1.415289 7.087085
v 0.973292 -1.415289 6.997044
v 0.937810 -1.439040 6.997044
v 0.901787 -1.461962 6.997044
v 0.865242 -1.484041 6.997044
v 0.865242 -1.484041 6.805503
v 0.832867 -1.502653 6.805503
v 0.800120 -1.520603 6.805503
v -0.138850 1.940406 7.385039
v 0.081613 1.935688 6.805503
v 0.112226 1.932934 6.805503
v 0.142788 1.929670 6.805503
v 0.173291 1.925895 6.805503
v 0.392664 1.883196 7.385039
v 0.359159 1.891524 7.385039
v 0.325503 1.899222 7.385039
v 0.291709 1.906287 7.385039
v 0.162923 1.927236 7.031424
v 0.126361 1.931489 6.921192
v 0.089253 1.935049 7.037972
v -0.035167 1.941483 7.385039
v -0.069733 1.941773 7.385039
v -0.104298 1.941414 7.385039
v 0.081613 -1.732140 6.805503
v -0.138850 -1.736858 7.385039
v -0.104298 -1.737866 7.385039
v -0.069733 -1.738225 7.385039
v -0.035167 -1.737934 7.385039
v 0.089253 -1.731501 7.037972
v 0.126361 -1.727940 6.921192
v 0.162923 -1.723688 7.031424
v 0.291709 -1.702739 7.385039
v 0.325503 -1.695674 7.385039
v 0.359159 -1.687976 7.385039
v 0.392664 -1.679648 7.385039
v 0.173291 -1.722347 6.805503
v 0.142788 -1.726122 6.805503
v 0.112226 -1.729386 6.805503
v -0.545945 1.878595 7.511096
v -0.545945 1.878595 6.805503
v -0.510823 1.887673 6.805503
v -0.475530 1.896058 6.805503
v -0.440078 1.903744 6.805503
v -0.440078 1.903744 7.511096
v -0.352454 1.919641 7.511096
v -0.264163 1.931279 7.511096
v -0.175413 1.938631 7.511096
v -0.175413 1.938631 7.605503
v -0.392352 1.912946 7.605503
v -0.604719 1.861730 7.605503
v -0.809519 1.785707 7.605503
v -0.809519 1.785707 7.511096
v -0.723268 1.821110 7.511096
v -0.635335 1.852100 7.511096
v -0.545945 -1.675047 6.805503
v -0.545945 -1.675047 7.511096
v -0.635335 -1.648551 7.511096
v -0.723268 -1.617562 7.511096
v -0.809519 -1.582159 7.511096
v -0.809519 -1.582159 7.605503
v -0.604719 -1.658182 7.605503
v -0.392352 -1.709398 7.605503
v -0.175413 -1.735083 7.605503
v -0.175413 -1.735083 7.511096
v -0.264163 -1.727731 7.511096
v -0.352454 -1.716093 7.511096
v -0.440078 -1.700196 7.511096
v -0.440078 -1.700196 6.805503
v -0.475530 -1.692509 6.805503
v -0.510823 -1.684125 6.805503
v 0.767016 1.605531 6.805503
v 0.767016 1.605531 6.997044
v 0.654980 1.662484 6.997044
v 0.539085 1.711105 6.997044
v 0.419949 1.751133 6.997044
v 0.419949 1.751133 7.087085
v 0.606994 1.683827 7.352695
v 0.785024 1.595390 7.605503
v 0.812058 1.579624 7.605503
v 0.838800 1.563369 7.605503
v 0.865242 1.546630 7.605503
v 0.865242 1.546630 7.087085
v 0.901901 1.522284 7.087085
v 0.937926 1.497008 7.087085
v 0.973292 1.470818 7.087085
v 0.973292 1.470818 6.997044
v 0.937926 1.497008 6.997044
v 0.901901 1.522284 6.997044
v 0.865242 1.546630 6.997044
v 0.865242 1.546630 6.805503
v 0.832939 1.566989 6.805503
v 0.800191 1.586626 6.805503
v 0.767016 -1.401983 6.997044
v 0.767016 -1.401983 6.805503
v 0.800191 -1.383078 6.805503
v 0.832939 -1.363441 6.805503
v 0.865242 -1.343082 6.805503
v 0.865242 -1.343082 6.997044
v 0.901901 -1.318736 6.997044
v 0.937926 -1.293459 6.997044
v 0.973292 -1.267270 6.997044
v 0.973292 -1.267270 7.087085
v 0.937926 -1.293459 7.087085
v 0.901901 -1.318736 7.087085
v 0.865242 -1.343082 7.087085
v 0.865242 -1.343082 7.605503
v 0.838800 -1.359821 7.605503
v 0.812058 -1.376076 7.605503
v 0.785024 -1.391842 7.605503
v 0.606994 -1.480279 7.352695
v 0.419949 -1.547585 7.087085
v 0.419949 -1.547585 6.997044
v 0.539085 -1.507557 6.997044
v 0.654980 -1.458936 6.997044
v -0.138850 -1.616763 7.385039
v 0.081613 -1.611714 6.805503
v 0.112234 -1.608765 6.805503
v 0.142796 -1.605270 6.805503
v 0.173291 -1.601228 6.805503
v 0.392664 -1.555411 7.385039
v 0.359181 -1.564355 7.385039
v 0.325525 -1.572622 7.385039
v 0.291709 -1.580209 7.385039
v 0.162923 -1.602665 7.031424
v 0.126361 -1.607218 6.921192
v 0.089253 -1.611030 7.037972
v -0.035167 -1.617914 7.385039
v -0.069734 -1.618225 7.385039
v -0.104299 -1.617841 7.385039
v 0.081613 1.815262 6.805503
v -0.138850 1.820311 7.385039
v -0.104299 1.821389 7.385039
v -0.069734 1.821773 7.385039
v -0.035167 1.821462 7.385039
v 0.089253 1.814578 7.037972
v 0.126361 1.810767 6.921192
v 0.162923 1.806213 7.031424
v 0.291709 1.783757 7.385039
v 0.325525 1.776170 7.385039
v 0.359181 1.767903 7.385039
v 0.392664 1.758959 7.385039
v 0.173291 1.804777 6.805503
v 0.142796 1.808818 6.805503
v 0.112234 1.812313 6.805503
v -0.545945 1.754012 6.805503
v -0.545945 1.754012 7.511096
v -0.635590 1.725397 7.511096
v -0.723535 1.691921 7.511096
v -0.809519 1.653686 7.511096
v -0.809519 1.653686 7.605503
v -0.605761 1.735520 7.605503
v -0.393238 1.790729 7.605503
v -0.175413 1.818412 7.605503
v -0.175413 1.818412 7.511096
v -0.264241 1.810533 7.511096
v -0.352542 1.798061 7.511096
v -0.440078 1.781029 7.511096
v -0.440078 1.781029 6.805503
v -0.475555 1.772772 6.805503
v -0.510849 1.763765 6.805503
v -0.545945 -1.550464 7.511096
v -0.545945 -1.550464 6.805503
v -0.510849 -1.560217 6.805503
v -0.475555 -1.569223 6.805503
v -0.440078 -1.577481 6.805503
v -0.440078 -1.577481 7.511096
v -0.352542 -1.594513 7.511096
v -0.264241 -1.606985 7.511096
v -0.175413 -1.614864 7.511096
v -0.175413 -1.614864 7.605503
v -0.393238 -1.587181 7.605503
v -0.605761 -1.531972 7.605503
v -0.809519 -1.450137 7.605503
v -0.809519 -1.450137 7.511096
v -0.723535 -1.488373 7.511096
v -0.635590 -1.521848 7.511096
vt -2.750000 -0.039270 0.000000
vt -2.389813 -0.029025 0.000000
vt -2.750000 -0.000000 0.000000
vt -2.389996 0.000010 0.000000
vt -2.389682 0.029044 0.000000
vt -2.389167 -0.058911 0.000000
vt -2.750000 -0.078540 0.000000
vt -2.388146 -0.088790 0.000000
vt -2.750000 -0.117810 0.000000
vt -2.386963 -0.117806 0.000000
vt -2.385769 -0.146821 0.000000
vt -2.750000 -0.157080 0.000000
vt -2.384719 -0.176699 0.000000
vt -2.750000 -0.196350 0.000000
vt -2.384026 -0.206585 0.000000
vt -2.750000 -0.235619 0.000000
vt -2.383783 -0.235619 0.000000
vt -2.384026 -0.264654 0.000000
vt -2.750000 -0.274889 0.000000
vt -2.384719 -0.294540 0.000000
vt -2.750000 -0.314159 0.000000
vt -2.385769 -0.324418 0.000000
vt -2.750000 -0.353429 0.000000
vt -2.386963 -0.353433 0.000000
vt -2.388146 -0.382449 0.000000
vt -2.750000 -0.392699 0.000000
vt -2.389167 -0.412328 0.000000
vt -2.750000 -0.431969 0.000000
vt -2.389813 -0.442214 0.000000
vt -2.750000 -0.471239 0.000000
vt -2.389996 -0.471248 0.000000
vt -2.389996 0.471229 0.000000
vt -2.750000 0.471239 0.000000
vt -2.389682 0.442195 0.000000
vt -2.750000 0.431969 0.000000
vt -2.388907 0.412312 0.000000
vt -2.750000 0.392699 0.000000
vt -2.387767 0.382437 0.000000
vt -2.750000 0.353429 0.000000
vt -2.386481 0.353425 0.000000
vt -2.385204 0.324414 0.000000
vt -2.750000 0.314159 0.000000
vt -2.384089 0.294538 0.000000
vt -2.750000 0.274889 0.000000
vt -2.383357 0.264654 0.000000
vt -2.750000 0.235619 0.000000
vt -2.383101 0.235619 0.000000
vt -2.383357 0.206585 0.000000
vt -2.750000 0.196350 0.000000
vt -2.384089 0.176701 0.000000
vt -2.750000 0.157080 0.000000
vt -2.385204 0.146825 0.000000
vt -2.750000 0.117810 0.000000
vt -2.386481 0.117814 0.000000
vt -2.387767 0.088802 0.000000
vt -2.750000 0.078540 0.000000
vt -2.388907 0.058927 0.000000
vt -2.750000 0.039270 0.000000
vt 1.410000 -0.431969 0.000000
vt 1.049813 -0.442214 0.000000
vt 1.410000 -0.471239 0.000000
vt 1.410000 0.471239 0.000000
vt 1.049813 0.500264 0.000000
vt 1.049996 0.471229 0.000000
vt 1.049682 0.442195 0.000000
vt 1.049167 -0.412328 0.000000
vt 1.410000 -0.392699 0.000000
vt 1.048146 -0.382449 0.000000
vt 1.410000 -0.353429 0.000000
vt 1.046963 -0.353433 0.000000
vt 1.045769 -0.324418 0.000000
vt 1.410000 -0.314159 0.000000
vt 1.044719 -0.294540 0.000000
vt 1.410000 -0.274889 0.000000
vt 1.044026 -0.264654 0.000000
vt 1.410000 -0.235619 0.000000
vt 1.043783 -0.235619 0.000000
vt 1.044026 -0.206585 0.000000
vt 1.410000 -0.196350 0.000000
vt 1.044719 -0.176699 0.000000
vt 1.410000 -0.157080 0.000000
vt 1.045769 -0.146821 0.000000
vt 1.410000 -0.117810 0.000000
vt 1.046963 -0.117806 0.000000
vt 1.048146 -0.088790 0.000000
vt 1.410000 -0.078540 0.000000
vt 1.049167 -0.058911 0.000000
vt 1.410000 -0.039270 0.000000
vt 1.049813 -0.029025 0.000000
vt 1.410000 0.000000 0.000000
vt 1.049996 0.000010 0.000000
vt 1.049682 0.029044 0.000000
vt 1.410000 0.039270 0.000000
vt 1.048907 0.058927 0.000000
vt 1.410000 0.078540 0.000000
vt 1.047767 0.088802 0.000000
vt 1.410000 0.117810 0.000000
vt 1.046481 0.117814 0.000000
vt 1.045204 0.146825 0.000000
vt 1.410000 0.157080 0.000000
vt 1.044089 0.176701 0.000000
vt 1.410000 0.196350 0.000000
vt 1.043357 0.206585 0.000000
vt 1.410000 0.235619 0.000000
vt 1.043101 0.235619 0.000000
vt 1.043357 0.264654 0.000000
vt 1.410000 0.274889 0.000000
vt 1.044089 0.294538 0.000000
vt 1.410000 0.314159 0.000000
vt 1.045204 0.324414 0.000000
vt 1.410000 0.353429 0.000000
vt 1.046481 0.353425 0.000000
vt 1.047767 0.382437 0.000000
vt 1.410000 0.392699 0.000000
vt 1.048907 0.412312 0.000000
vt 1.410000 0.431969 0.000000
vt 1.682414 -0.357608 0.000000
vt 1.802335 -0.370389 0.000000
vt 1.720000 -0.000000 0.000000
vt 1.840000 -0.000000 0.000000
vt 1.802335 0.370389 0.000000
vt 1.690882 -0.725615 0.000000
vt 1.571298 -0.699587 0.000000
vt 1.510205 -1.051134 0.000000
vt 1.391509 -1.010991 0.000000
vt 1.267699 -1.333619 0.000000
vt 1.150905 -1.278209 0.000000
vt 0.973294 -1.561505 0.000000
vt 0.860000 -1.489564 0.000000
vt 0.639042 -1.725464 0.000000
vt 0.531509 -1.635817 0.000000
vt 0.278627 -1.818782 0.000000
vt 0.179789 -1.710578 0.000000
vt -0.093194 -1.837638 0.000000
vt -0.179789 -1.710578 0.000000
vt -0.461201 -1.781262 0.000000
vt -0.531509 -1.635817 0.000000
vt -0.810325 -1.651960 0.000000
vt -0.860000 -1.489564 0.000000
vt -1.126275 -1.455027 0.000000
vt -1.150905 -1.278209 0.000000
vt -1.396115 -1.198525 0.000000
vt -1.391509 -1.010991 0.000000
vt -1.608798 -0.892956 0.000000
vt -1.571298 -0.699587 0.000000
vt -1.755616 -0.550828 0.000000
vt -1.682414 -0.357608 0.000000
vt -1.830560 -0.186150 0.000000
vt -1.720000 0.000000 0.000000
vt -1.830560 0.186150 0.000000
vt -1.682414 0.357608 0.000000
vt -1.755616 0.550828 0.000000
vt -1.571298 0.699587 0.000000
vt -1.608798 0.892956 0.000000
vt -1.391509 1.010991 0.000000
vt -1.396115 1.198525 0.000000
vt -1.150905 1.278209 0.000000
vt -1.126275 1.455027 0.000000
vt -0.860000 1.489564 0.000000
vt -0.810325 1.651960 0.000000
vt -0.531509 1.635817 0.000000
vt -0.461201 1.781262 0.000000
vt -0.179789 1.710578 0.000000
vt -0.093194 1.837638 0.000000
vt 0.179789 1.710578 0.000000
vt 0.278627 1.818782 0.000000
vt 0.531509 1.635817 0.000000
vt 0.639042 1.725464 0.000000
vt 0.860000 1.489564 0.000000
vt 0.973294 1.561505 0.000000
vt 1.150905 1.278209 0.000000
vt 1.267699 1.333619 0.000000
vt 1.391509 1.010991 0.000000
vt 1.510205 1.051134 0.000000
vt 1.571298 0.699587 0.000000
vt 1.690882 0.725615 0.000000
vt 1.682414 0.357608 0.000000
vt -1.682414 0.357608 0.000000
vt -1.802335 0.370389 0.000000
vt -1.720000 0.000000 0.000000
vt -1.840000 -0.000000 0.000000
vt -1.802335 -0.370389 0.000000
vt -1.690882 0.725615 0.000000
vt -1.571298 0.699587 0.000000
vt -1.510205 1.051134 0.000000
vt -1.391509 1.010991 0.000000
vt -1.267699 1.333619 0.000000
vt -1.150905 1.278209 0.000000
vt -0.973294 1.561505 0.000000
vt -0.860000 1.489564 0.000000
vt -0.639042 1.725464 0.000000
vt -0.531509 1.635817 0.000000
vt -0.278627 1.818782 0.000000
vt -0.179789 1.710578 0.000000
vt 0.093194 1.837638 0.000000
vt 0.179789 1.710578 0.000000
vt 0.461201 1.781262 0.000000
vt 0.531509 1.635817 0.000000
vt 0.810325 1.651960 0.000000
vt 0.860000 1.489564 0.000000
vt 1.126275 1.455027 0.000000
vt 1.150905 1.278209 0.000000
vt 1.396115 1.198525 0.000000
vt 1.391509 1.010991 0.000000
vt 1.608798 0.892956 0.000000
vt 1.571298 0.699587 0.000000
vt 1.755616 0.550828 0.000000
vt 1.682414 0.357608 0.000000
vt 1.830560 0.186150 0.000000
vt 1.720000 0.000000 0.000000
vt 1.830560 -0.186150 0.000000
vt 1.682414 -0.357608 0.000000
vt 1.755616 -0.550828 0.000000
vt 1.571298 -0.699587 0.000000
vt 1.608798 -0.892956 0.000000
vt 1.391509 -1.010991 0.000000
vt 1.396115 -1.198525 0.000000
vt 1.150905 -1.278209 0.000000
vt 1.126275 -1.455027 0.000000
vt 0.860000 -1.489564 0.000000
vt 0.810325 -1.651960 0.000000
vt 0.531509 -1.635817 0.000000
vt 0.461201 -1.781262 0.000000
vt 0.179789 -1.710578 0.000000
vt 0.093194 -1.837638 0.000000
vt -0.179789 -1.710578 0.000000
vt -0.278627 -1.818782 0.000000
vt -0.531509 -1.635817 0.000000
vt -0.639042 -1.725464 0.000000
vt -0.860000 -1.489564 0.000000
vt -0.973294 -1.561505 0.000000
vt -1.150905 -1.278209 0.000000
vt -1.267699 -1.333619 0.000000
vt -1.391509 -1.010991 0.000000
vt -1.510205 -1.051134 0.000000
vt -1.571298 -0.699587 0.000000
vt -1.690882 -0.725615 0.000000
vt -1.682414 -0.357608 0.000000
vt 0.155138 -0.048889 0.000000
vt 0.400000 -0.400000 0.000000
vt 0.160249 -0.010066 0.000000
vt 0.400000 0.400000 0.000000
vt 0.155138 0.028757 0.000000
vt 0.140153 0.064934 0.000000
vt 0.116315 0.096000 0.000000
vt 0.085249 0.119838 0.000000
vt 0.049072 0.134823 0.000000
vt 0.010249 0.139934 0.000000
vt -0.400000 0.400000 0.000000
vt -0.028574 0.134823 0.000000
vt -0.064751 0.119838 0.000000
vt -0.095817 0.096000 0.000000
vt -0.119655 0.064934 0.000000
vt -0.134640 0.028757 0.000000
vt -0.139751 -0.010066 0.000000
vt -0.400000 -0.400000 0.000000
vt -0.134640 -0.048889 0.000000
vt -0.119655 -0.085066 0.000000
vt -0.095817 -0.116132 0.000000
vt -0.064751 -0.139970 0.000000
vt -0.028574 -0.154955 0.000000
vt 0.010249 -0.160066 0.000000
vt 0.049072 -0.154955 0.000000
vt 0.085249 -0.139970 0.000000
vt 0.116315 -0.116132 0.000000
vt 0.140153 -0.085066 0.000000
vt 0.134640 -0.048889 0.000000
vt 0.400000 -0.400000 0.000000
vt 0.139751 -0.010066 0.000000
vt 0.400000 0.400000 0.000000
vt 0.134640 0.028757 0.000000
vt 0.119655 0.064934 0.000000
vt 0.095817 0.096000 0.000000
vt 0.064751 0.119838 0.000000
vt 0.028574 0.134823 0.000000
vt -0.010249 0.139934 0.000000
vt -0.400000 0.400000 0.000000
vt -0.049072 0.134823 0.000000
vt -0.085249 0.119838 0.000000
vt -0.116315 0.096000 0.000000
vt -0.140153 0.064934 0.000000
vt -0.155138 0.028757 0.000000
vt -0.160249 -0.010066 0.000000
vt -0.400000 -0.400000 0.000000
vt -0.155138 -0.048889 0.000000
vt -0.140153 -0.085066 0.000000
vt -0.116315 -0.116132 0.000000
vt -0.085249 -0.139970 0.000000
vt -0.049072 -0.154955 0.000000
vt -0.010249 -0.160066 0.000000
vt 0.028574 -0.154955 0.000000
vt 0.064751 -0.139970 0.000000
vt 0.095817 -0.116132 0.000000
vt 0.119655 -0.085066 0.000000
vt 0.800000 -1.797359 0.000000
vt 0.534153 -1.835544 0.000000
vt 0.800000 -2.080000 0.000000
vt 0.000000 -2.080000 0.000000
vt 0.265579 -1.834621 0.000000
vt -0.000000 -1.794610 0.000000
vt 0.000000 1.794610 0.000000
vt 0.265579 1.834621 0.000000
vt 0.000000 2.080000 0.000000
vt 0.534153 1.835544 0.000000
vt 0.800000 2.080000 0.000000
vt 0.800000 1.797359 0.000000
vt 0.800000 -1.794610 0.000000
vt 0.000000 -1.794610 0.000000
vt 0.800000 -2.080000 0.000000
vt 0.000000 -2.080000 0.000000
vt 0.000000 1.794610 0.000000
vt 0.800000 1.794610 0.000000
vt 0.000000 2.080000 0.000000
vt 0.800000 2.080000 0.000000
vt -0.000000 1.797359 0.000000
vt 0.800000 1.797359 0.000000
vt 0.000000 2.080000 0.000000
vt 0.800000 2.080000 0.000000
vt 0.800000 -1.797359 0.000000
vt -0.000000 -1.797359 0.000000
vt 0.800000 -2.080000 0.000000
vt 0.000000 -2.080000 0.000000
vt 0.000000 1.797359 0.000000
vt 0.265847 1.835544 0.000000
vt 0.000000 2.080000 0.000000
vt 0.800000 2.080000 0.000000
vt 0.534421 1.834621 0.000000
vt 0.800000 1.794610 0.000000
vt 0.800000 -1.794610 0.000000
vt 0.534421 -1.834621 0.000000
vt 0.800000 -2.080000 0.000000
vt 0.265847 -1.835544 0.000000
vt 0.000000 -2.080000 0.000000
vt 0.000000 -1.797359 0.000000
vt 0.071548 -0.004124 0.000000
vt 0.360000 -0.360000 0.000000
vt 0.074274 0.016582 0.000000
vt 0.360000 0.360000 0.000000
vt 0.071548 0.037287 0.000000
vt 0.063556 0.056582 0.000000
vt 0.050843 0.073150 0.000000
vt 0.034274 0.085864 0.000000
vt 0.014980 0.093856 0.000000
vt -0.005726 0.096582 0.000000
vt -0.360000 0.360000 0.000000
vt -0.026431 0.093856 0.000000
vt -0.045726 0.085864 0.000000
vt -0.062294 0.073150 0.000000
vt -0.075008 0.056582 0.000000
vt -0.083000 0.037287 0.000000
vt -0.085726 0.016582 0.000000
vt -0.360000 -0.360000 0.000000
vt -0.083000 -0.004124 0.000000
vt -0.075008 -0.023418 0.000000
vt -0.062294 -0.039987 0.000000
vt -0.045726 -0.052700 0.000000
vt -0.026431 -0.060692 0.000000
vt -0.005726 -0.063418 0.000000
vt 0.014980 -0.060692 0.000000
vt 0.034274 -0.052700 0.000000
vt 0.050843 -0.039987 0.000000
vt 0.063556 -0.023418 0.000000
vt 0.000000 1.798107 0.000000
vt 0.238775 1.833742 0.000000
vt 0.000000 1.920000 0.000000
vt 0.480160 1.837809 0.000000
vt 0.720000 1.920000 0.000000
vt 0.720000 1.810239 0.000000
vt 0.000000 1.810239 0.000000
vt 0.720000 1.810239 0.000000
vt 0.000000 1.920000 0.000000
vt 0.720000 1.920000 0.000000
vt 0.000000 1.798107 0.000000
vt 0.720000 1.798107 0.000000
vt 0.000000 1.920000 0.000000
vt 0.720000 1.920000 0.000000
vt 0.000000 1.810239 0.000000
vt 0.239840 1.837809 0.000000
vt 0.000000 1.920000 0.000000
vt 0.720000 1.920000 0.000000
vt 0.481225 1.833742 0.000000
vt 0.720000 1.798107 0.000000
vt 0.040288 0.110179 0.000000
vt 0.040317 0.125664 0.000000
vt -0.160000 0.125664 0.000000
vt 0.040288 0.141148 0.000000
vt -0.160000 0.146608 0.000000
vt 0.040211 0.157090 0.000000
vt -0.160000 0.167552 0.000000
vt 0.040110 0.173032 0.000000
vt -0.160000 0.188496 0.000000
vt 0.040027 0.188515 0.000000
vt 0.040002 0.204000 0.000000
vt -0.160000 0.209440 0.000000
vt 0.040078 0.219942 0.000000
vt -0.160000 0.230383 0.000000
vt 0.040293 0.235882 0.000000
vt -0.160000 0.251327 0.000000
vt -0.160000 -0.251327 0.000000
vt 0.040293 -0.266773 0.000000
vt 0.040643 -0.251295 0.000000
vt 0.041134 -0.235817 0.000000
vt -0.160000 -0.230383 0.000000
vt 0.041752 -0.219887 0.000000
vt -0.160000 -0.209440 0.000000
vt 0.042442 -0.203959 0.000000
vt -0.160000 -0.188496 0.000000
vt 0.043120 -0.188489 0.000000
vt 0.043740 -0.173017 0.000000
vt -0.160000 -0.167552 0.000000
vt 0.044254 -0.157084 0.000000
vt -0.160000 -0.146608 0.000000
vt 0.044582 -0.141146 0.000000
vt -0.160000 -0.125664 0.000000
vt 0.044694 -0.125664 0.000000
vt 0.044582 -0.110181 0.000000
vt -0.160000 -0.104720 0.000000
vt 0.044254 -0.094244 0.000000
vt -0.160000 -0.083776 0.000000
vt 0.043740 -0.078310 0.000000
vt -0.160000 -0.062832 0.000000
vt 0.043120 -0.062838 0.000000
vt 0.042442 -0.047368 0.000000
vt -0.160000 -0.041888 0.000000
vt 0.041752 -0.031441 0.000000
vt -0.160000 -0.020944 0.000000
vt 0.041134 -0.015510 0.000000
vt -0.160000 -0.000000 0.000000
vt 0.040643 -0.000033 0.000000
vt 0.040293 0.015446 0.000000
vt -0.160000 0.020944 0.000000
vt 0.040078 0.031386 0.000000
vt -0.160000 0.041888 0.000000
vt 0.040002 0.047327 0.000000
vt -0.160000 0.062832 0.000000
vt 0.040027 0.062812 0.000000
vt 0.040110 0.078296 0.000000
vt -0.160000 0.083776 0.000000
vt 0.040211 0.094237 0.000000
vt -0.160000 0.104720 0.000000
vt 0.000000 -1.165699 0.000000
vt -0.221255 -1.278216 0.000000
vt 0.000000 -1.336433 0.000000
vt -0.461880 -1.526654 0.000000
vt -0.461880 -1.379664 0.000000
vt -0.000000 -1.379664 0.000000
vt -0.145381 -1.476801 0.000000
vt -0.000000 -1.526654 0.000000
vt -0.146746 -1.615719 0.000000
vt -0.299873 -1.558681 0.000000
vt -0.301154 -1.690724 0.000000
vt -0.461880 -1.624456 0.000000
vt -0.461880 -1.751016 0.000000
vt -0.000000 -1.624456 0.000000
vt -0.461880 -1.685838 0.000000
vt -0.000000 -1.751016 0.000000
vt -0.461880 -1.808107 0.000000
vt -0.000000 1.624456 0.000000
vt -0.000000 1.751016 0.000000
vt -0.461880 1.685838 0.000000
vt -0.461880 1.808107 0.000000
vt -0.461880 1.751016 0.000000
vt -0.461880 1.624456 0.000000
vt -0.301154 1.690724 0.000000
vt -0.299873 1.558681 0.000000
vt -0.146746 1.615719 0.000000
vt -0.145381 1.476801 0.000000
vt -0.000000 1.526654 0.000000
vt -0.000000 1.379664 0.000000
vt -0.461880 -1.619711 0.000000
vt -0.461880 -1.746615 0.000000
vt -0.000000 -1.685838 0.000000
vt -0.000000 -1.808107 0.000000
vt -0.461880 1.619711 0.000000
vt -0.000000 1.685838 0.000000
vt -0.461880 1.746615 0.000000
vt -0.000000 1.808107 0.000000
vt -0.461880 1.379664 0.000000
vt -0.221255 1.278216 0.000000
vt -0.461880 1.526654 0.000000
vt -0.000000 1.336433 0.000000
vt -0.000000 1.165699 0.000000
vt -0.000000 -1.746615 0.000000
vt -0.000000 -1.619711 0.000000
vt -0.160901 -1.684805 0.000000
vt -0.162229 -1.552225 0.000000
vt -0.315313 -1.608215 0.000000
vt -0.316726 -1.468546 0.000000
vt -0.461880 -1.517515 0.000000
vt -0.461880 -1.369544 0.000000
vt -0.461880 1.369544 0.000000
vt -0.316726 1.468546 0.000000
vt -0.461880 1.517515 0.000000
vt -0.315313 1.608215 0.000000
vt -0.162229 1.552225 0.000000
vt -0.160901 1.684805 0.000000
vt -0.000000 1.619711 0.000000
vt -0.000000 1.746615 0.000000
vt -0.000000 -1.369544 0.000000
vt -0.240206 -1.272568 0.000000
vt -0.000000 -1.517515 0.000000
vt -0.461880 -1.336433 0.000000
vt -0.461880 -1.165699 0.000000
vt -0.461880 1.165699 0.000000
vt -0.240206 1.272568 0.000000
vt -0.461880 1.336433 0.000000
vt -0.000000 1.517515 0.000000
vt -0.000000 1.369544 0.000000
vt -0.461880 1.642864 0.000000
vt -0.000000 1.698409 0.000000
vt -0.461880 1.768107 0.000000
vt -0.000000 1.819833 0.000000
vt -0.461880 1.419618 0.000000
vt -0.315615 1.509295 0.000000
vt -0.461880 1.562854 0.000000
vt -0.314430 1.645334 0.000000
vt -0.161143 1.583958 0.000000
vt -0.160037 1.713944 0.000000
vt -0.000000 1.642864 0.000000
vt -0.000000 1.768107 0.000000
vt -0.000000 1.646975 0.000000
vt -0.000000 1.771928 0.000000
vt -0.461880 1.698409 0.000000
vt -0.461880 1.819833 0.000000
vt -0.000000 -1.646975 0.000000
vt -0.461880 -1.698409 0.000000
vt -0.000000 -1.771928 0.000000
vt -0.461880 -1.819833 0.000000
vt -0.461880 -1.642864 0.000000
vt -0.461880 -1.768107 0.000000
vt 0.000000 -1.698409 0.000000
vt 0.000000 -1.819833 0.000000
vt -0.461880 1.771928 0.000000
vt -0.461880 1.646975 0.000000
vt -0.302001 1.719198 0.000000
vt -0.300933 1.589667 0.000000
vt -0.147610 1.652080 0.000000
vt -0.146465 1.516678 0.000000
vt -0.000000 1.571136 0.000000
vt -0.000000 1.428729 0.000000
vt -0.000000 -1.428729 0.000000
vt -0.146465 -1.516678 0.000000
vt -0.000000 -1.571136 0.000000
vt -0.147610 -1.652080 0.000000
vt -0.300933 -1.589667 0.000000
vt -0.302001 -1.719198 0.000000
vt -0.461880 -1.646975 0.000000
vt -0.461880 -1.771928 0.000000
vt -0.000000 -1.768107 0.000000
vt -0.000000 -1.642864 0.000000
vt -0.160037 -1.713944 0.000000
vt -0.161143 -1.583958 0.000000
vt -0.314430 -1.645334 0.000000
vt -0.315615 -1.509295 0.000000
vt -0.461880 -1.562854 0.000000
vt -0.461880 -1.419618 0.000000
vt -0.461880 1.428729 0.000000
vt -0.222642 1.338045 0.000000
vt -0.461880 1.571136 0.000000
vt -0.000000 1.398873 0.000000
vt 0.000000 1.236788 0.000000
vt 0.000000 -1.236788 0.000000
vt -0.222642 -1.338045 0.000000
vt -0.000000 -1.398873 0.000000
vt -0.461880 -1.571136 0.000000
vt -0.461880 -1.428729 0.000000
vt -0.461880 1.236788 0.000000
vt 0.000000 1.419618 0.000000
vt -0.461880 1.398873 0.000000
vt -0.000000 1.562854 0.000000
vt -0.461880 -1.236788 0.000000
vt -0.461880 -1.398873 0.000000
vt 0.000000 -1.419618 0.000000
vt -0.000000 -1.562854 0.000000
vt -0.000000 -1.138671 0.000000
vt -0.220686 -1.255555 0.000000
vt 0.000000 -1.312925 0.000000
vt -0.461880 -1.509961 0.000000
vt -0.461880 -1.361170 0.000000
vt -0.000000 -1.361170 0.000000
vt -0.144965 -1.461707 0.000000
vt -0.000000 -1.509961 0.000000
vt -0.146419 -1.602005 0.000000
vt -0.299467 -1.546870 0.000000
vt -0.300834 -1.679899 0.000000
vt -0.461880 -1.615763 0.000000
vt -0.461880 -1.742955 0.000000
vt -0.000000 -1.615763 0.000000
vt -0.461880 -1.680719 0.000000
vt -0.000000 -1.742955 0.000000
vt -0.461880 -1.803335 0.000000
vt -0.000000 1.615763 0.000000
vt -0.000000 1.742955 0.000000
vt -0.461880 1.680719 0.000000
vt -0.461880 1.803335 0.000000
vt -0.461880 1.742955 0.000000
vt -0.461880 1.615763 0.000000
vt -0.300834 1.679899 0.000000
vt -0.299467 1.546870 0.000000
vt -0.146419 1.602005 0.000000
vt -0.144965 1.461707 0.000000
vt -0.000000 1.509961 0.000000
vt -0.000000 1.361170 0.000000
vt -0.461880 -1.610789 0.000000
vt -0.461880 -1.738344 0.000000
vt -0.000000 -1.680719 0.000000
vt -0.000000 -1.803335 0.000000
vt -0.461880 1.610789 0.000000
vt -0.000000 1.680719 0.000000
vt -0.461880 1.738344 0.000000
vt -0.000000 1.803335 0.000000
vt -0.461880 1.361170 0.000000
vt -0.220686 1.255555 0.000000
vt -0.461880 1.509961 0.000000
vt 0.000000 1.312925 0.000000
vt -0.000000 1.138671 0.000000
vt -0.000000 -1.738344 0.000000
vt -0.000000 -1.610789 0.000000
vt -0.161229 -1.673738 0.000000
vt -0.162646 -1.540140 0.000000
vt -0.315647 -1.594221 0.000000
vt -0.317153 -1.453125 0.000000
vt -0.461880 -1.500501 0.000000
vt -0.461880 -1.350668 0.000000
vt -0.461880 1.350668 0.000000
vt -0.317153 1.453125 0.000000
vt -0.461880 1.500501 0.000000
vt -0.315647 1.594221 0.000000
vt -0.162646 1.540140 0.000000
vt -0.161229 1.673738 0.000000
vt -0.000000 1.610789 0.000000
vt -0.000000 1.738344 0.000000
vt -0.000000 -1.350668 0.000000
vt -0.240754 -1.249707 0.000000
vt -0.000000 -1.500501 0.000000
vt -0.461880 -1.312925 0.000000
vt -0.461880 -1.138671 0.000000
vt -0.461880 1.138671 0.000000
vt -0.240754 1.249707 0.000000
vt -0.461880 1.312925 0.000000
vt -0.000000 1.500501 0.000000
vt -0.000000 1.350668 0.000000
vt 0.000000 -1.651587 0.000000
vt -0.461880 -1.702800 0.000000
vt 0.000000 -1.776215 0.000000
vt -0.461880 -1.823932 0.000000
vt -0.000000 -1.702800 0.000000
vt -0.153658 -1.717696 0.000000
vt -0.000000 -1.823932 0.000000
vt -0.153696 -1.837848 0.000000
vt -0.308032 -1.718758 0.000000
vt -0.308018 -1.838839 0.000000
vt -0.461880 -1.826899 0.000000
vt -0.461880 -1.705978 0.000000
vt -0.461880 -1.661876 0.000000
vt -0.461880 -1.785786 0.000000
vt -0.000000 -1.705978 0.000000
vt -0.000000 -1.826899 0.000000
vt -0.461880 1.661876 0.000000
vt -0.000000 1.705978 0.000000
vt -0.461880 1.785786 0.000000
vt -0.000000 1.826899 0.000000
vt -0.461880 1.705978 0.000000
vt -0.308032 1.718758 0.000000
vt -0.461880 1.826899 0.000000
vt -0.308018 1.838839 0.000000
vt -0.153696 1.837848 0.000000
vt -0.153658 1.717696 0.000000
vt -0.000000 1.823932 0.000000
vt -0.000000 1.702800 0.000000
vt -0.000000 -1.661876 0.000000
vt -0.461880 -1.707653 0.000000
vt -0.000000 -1.785786 0.000000
vt -0.461880 -1.828463 0.000000
vt -0.000000 1.661876 0.000000
vt -0.000000 1.785786 0.000000
vt -0.461880 1.707653 0.000000
vt -0.461880 1.828463 0.000000
vt -0.000000 1.651587 0.000000
vt -0.000000 1.776215 0.000000
vt -0.461880 1.702800 0.000000
vt -0.461880 1.823932 0.000000
vt -0.000000 -1.707653 0.000000
vt -0.153957 -1.719220 0.000000
vt -0.000000 -1.828463 0.000000
vt -0.153958 -1.839271 0.000000
vt -0.308279 -1.837142 0.000000
vt -0.308332 -1.716939 0.000000
vt -0.461880 -1.822092 0.000000
vt -0.461880 -1.700829 0.000000
vt -0.461880 1.700829 0.000000
vt -0.308332 1.716939 0.000000
vt -0.461880 1.822092 0.000000
vt -0.308279 1.837142 0.000000
vt -0.153957 1.719220 0.000000
vt -0.153958 1.839271 0.000000
vt -0.000000 1.828463 0.000000
vt -0.000000 1.707653 0.000000
vt -0.461880 -1.651587 0.000000
vt -0.461880 -1.776215 0.000000
vt -0.000000 -1.700829 0.000000
vt -0.000000 -1.822092 0.000000
vt -0.461880 1.651587 0.000000
vt -0.000000 1.700829 0.000000
vt -0.461880 1.776215 0.000000
vt -0.000000 1.822092 0.000000
vt 0.000000 -1.646773 0.000000
vt -0.461880 -1.700404 0.000000
vt 0.000000 -1.771739 0.000000
vt -0.461880 -1.821696 0.000000
vt -0.000000 -1.700404 0.000000
vt -0.153526 -1.716768 0.000000
vt -0.000000 -1.821696 0.000000
vt -0.153581 -1.836983 0.000000
vt -0.307900 -1.719303 0.000000
vt -0.307903 -1.839348 0.000000
vt -0.461880 -1.828776 0.000000
vt -0.461880 -1.707988 0.000000
vt -0.461880 -1.666128 0.000000
vt -0.461880 -1.789744 0.000000
vt -0.000000 -1.707988 0.000000
vt -0.000000 -1.828776 0.000000
vt -0.461880 1.666128 0.000000
vt -0.000000 1.707988 0.000000
vt -0.461880 1.789744 0.000000
vt -0.000000 1.828776 0.000000
vt -0.461880 1.707988 0.000000
vt -0.307900 1.719303 0.000000
vt -0.461880 1.828776 0.000000
vt -0.307903 1.839348 0.000000
vt -0.153581 1.836983 0.000000
vt -0.153526 1.716768 0.000000
vt -0.000000 1.821696 0.000000
vt -0.000000 1.700404 0.000000
vt -0.000000 -1.666128 0.000000
vt -0.461880 -1.709533 0.000000
vt -0.000000 -1.789744 0.000000
vt -0.461880 -1.830219 0.000000
vt -0.000000 1.666128 0.000000
vt -0.000000 1.789744 0.000000
vt -0.461880 1.709533 0.000000
vt -0.461880 1.830219 0.000000
vt -0.000000 1.646773 0.000000
vt -0.000000 1.771739 0.000000
vt -0.461880 1.700404 0.000000
vt -0.461880 1.821696 0.000000
vt 0.000000 -1.709533 0.000000
vt -0.154089 -1.719636 0.000000
vt 0.000000 -1.830219 0.000000
vt -0.154073 -1.839659 0.000000
vt -0.308395 -1.836155 0.000000
vt -0.308464 -1.715882 0.000000
vt -0.461880 -1.819733 0.000000
vt -0.461880 -1.698301 0.000000
vt -0.461880 1.698301 0.000000
vt -0.308464 1.715882 0.000000
vt -0.461880 1.819733 0.000000
vt -0.308395 1.836155 0.000000
vt -0.154089 1.719636 0.000000
vt -0.154073 1.839659 0.000000
vt 0.000000 1.830219 0.000000
vt 0.000000 1.709533 0.000000
vt -0.461880 -1.646773 0.000000
vt -0.461880 -1.771739 0.000000
vt -0.000000 -1.698301 0.000000
vt -0.000000 -1.819733 0.000000
vt -0.461880 1.646773 0.000000
vt -0.000000 1.698301 0.000000
vt -0.461880 1.771739 0.000000
vt -0.000000 1.819733 0.000000
vt 0.000000 -1.638666 0.000000
vt -0.461880 -1.696220 0.000000
vt 0.000000 -1.764207 0.000000
vt -0.461880 -1.817790 0.000000
vt -0.000000 -1.696220 0.000000
vt -0.153313 -1.714948 0.000000
vt -0.000000 -1.817790 0.000000
vt -0.153395 -1.835284 0.000000
vt -0.307688 -1.719851 0.000000
vt -0.307718 -1.839861 0.000000
vt -0.461880 -1.831487 0.000000
vt -0.461880 -1.710890 0.000000
vt -0.461880 -1.672610 0.000000
vt -0.461880 -1.795779 0.000000
vt -0.000000 -1.710890 0.000000
vt 0.000000 -1.831487 0.000000
vt -0.461880 1.672610 0.000000
vt -0.000000 1.710890 0.000000
vt -0.461880 1.795779 0.000000
vt 0.000000 1.831487 0.000000
vt -0.461880 1.710890 0.000000
vt -0.307688 1.719851 0.000000
vt -0.461880 1.831487 0.000000
vt -0.307718 1.839861 0.000000
vt -0.153395 1.835284 0.000000
vt -0.153313 1.714948 0.000000
vt -0.000000 1.817790 0.000000
vt -0.000000 1.696220 0.000000
vt -0.000000 -1.672610 0.000000
vt -0.461880 -1.712227 0.000000
vt -0.000000 -1.795779 0.000000
vt -0.461880 -1.832736 0.000000
vt -0.000000 1.672610 0.000000
vt -0.000000 1.795779 0.000000
vt -0.461880 1.712227 0.000000
vt -0.461880 1.832736 0.000000
vt -0.000000 1.638666 0.000000
vt -0.000000 1.764207 0.000000
vt -0.461880 1.696220 0.000000
vt -0.461880 1.817790 0.000000
vt -0.000000 -1.712227 0.000000
vt -0.154302 -1.719976 0.000000
vt -0.000000 -1.832736 0.000000
vt -0.154258 -1.839978 0.000000
vt -0.308581 -1.834262 0.000000
vt -0.308677 -1.713852 0.000000
vt -0.461880 -1.815629 0.000000
vt -0.461880 -1.693904 0.000000
vt -0.461880 1.693904 0.000000
vt -0.308677 1.713852 0.000000
vt -0.461880 1.815629 0.000000
vt -0.308581 1.834262 0.000000
vt -0.154302 1.719976 0.000000
vt -0.154258 1.839978 0.000000
vt -0.000000 1.832736 0.000000
vt -0.000000 1.712227 0.000000
vt -0.461880 -1.638666 0.000000
vt -0.461880 -1.764207 0.000000
vt -0.000000 -1.693904 0.000000
vt 0.000000 -1.815629 0.000000
vt -0.461880 1.638666 0.000000
vt -0.000000 1.693904 0.000000
vt -0.461880 1.764207 0.000000
vt 0.000000 1.815629 0.000000
vt -0.461880 -1.640322 0.000000
vt -0.461880 -1.765745 0.000000
vt 0.000000 -1.697088 0.000000
vt 0.000000 -1.818601 0.000000
vt -0.000000 -1.765745 0.000000
vt -0.000000 -1.640322 0.000000
vt -0.160133 -1.710709 0.000000
vt -0.161263 -1.580441 0.000000
vt -0.314529 -1.641189 0.000000
vt -0.315738 -1.504755 0.000000
vt -0.461880 -1.557774 0.000000
vt -0.461880 -1.414022 0.000000
vt -0.461880 -1.228880 0.000000
vt -0.461880 -1.391885 0.000000
vt -0.000000 -1.414022 0.000000
vt -0.000000 -1.557774 0.000000
vt -0.461880 1.228880 0.000000
vt -0.000000 1.414022 0.000000
vt -0.461880 1.391885 0.000000
vt -0.000000 1.557774 0.000000
vt -0.461880 1.414022 0.000000
vt -0.315738 1.504755 0.000000
vt -0.461880 1.557774 0.000000
vt -0.314529 1.641189 0.000000
vt -0.161263 1.580441 0.000000
vt -0.160133 1.710709 0.000000
vt -0.000000 1.640322 0.000000
vt -0.000000 1.765745 0.000000
vt -0.000000 -1.228880 0.000000
vt -0.222495 -1.331376 0.000000
vt -0.000000 -1.391885 0.000000
vt -0.461880 -1.566152 0.000000
vt -0.461880 -1.423247 0.000000
vt -0.461880 1.423247 0.000000
vt -0.222495 1.331376 0.000000
vt -0.461880 1.566152 0.000000
vt -0.000000 1.391885 0.000000
vt -0.000000 1.228880 0.000000
vt -0.461880 1.640322 0.000000
vt -0.000000 1.697088 0.000000
vt -0.461880 1.765745 0.000000
vt -0.000000 1.818601 0.000000
vt -0.000000 -1.423247 0.000000
vt -0.146345 -1.512237 0.000000
vt -0.000000 -1.566152 0.000000
vt -0.147514 -1.648021 0.000000
vt -0.300816 -1.586235 0.000000
vt -0.301906 -1.716039 0.000000
vt -0.461880 -1.644506 0.000000
vt -0.461880 -1.769633 0.000000
vt -0.461880 1.769633 0.000000
vt -0.461880 1.644506 0.000000
vt -0.301906 1.716039 0.000000
vt -0.300816 1.586235 0.000000
vt -0.147514 1.648021 0.000000
vt -0.146345 1.512237 0.000000
vt -0.000000 1.566152 0.000000
vt -0.000000 1.423247 0.000000
vt -0.000000 -1.644506 0.000000
vt -0.461880 -1.697088 0.000000
vt -0.000000 -1.769633 0.000000
vt -0.461880 -1.818601 0.000000
vt -0.000000 1.644506 0.000000
vt -0.000000 1.769633 0.000000
vt -0.461880 1.697088 0.000000
vt -0.461880 1.818601 0.000000
vt -0.000000 -1.350668 0.000000
vt -0.240754 -1.249707 0.000000
vt -0.000000 -1.500501 0.000000
vt -0.461880 -1.312925 0.000000
vt -0.461880 -1.138671 0.000000
vt -0.000000 -1.138671 0.000000
vt -0.220686 -1.255555 0.000000
vt -0.000000 -1.312925 0.000000
vt -0.461880 -1.509961 0.000000
vt -0.461880 -1.361170 0.000000
vt 0.000000 -1.361170 0.000000
vt -0.144965 -1.461707 0.000000
vt -0.000000 -1.509961 0.000000
vt -0.146419 -1.602005 0.000000
vt -0.299467 -1.546870 0.000000
vt -0.300834 -1.679899 0.000000
vt -0.461880 -1.615763 0.000000
vt -0.461880 -1.742955 0.000000
vt -0.461880 1.742955 0.000000
vt -0.461880 1.615763 0.000000
vt -0.300834 1.679899 0.000000
vt -0.299467 1.546870 0.000000
vt -0.146419 1.602005 0.000000
vt -0.144965 1.461707 0.000000
vt -0.000000 1.509961 0.000000
vt -0.000000 1.361170 0.000000
vt -0.461880 1.361170 0.000000
vt -0.220686 1.255555 0.000000
vt -0.461880 1.509961 0.000000
vt -0.000000 1.312925 0.000000
vt -0.000000 1.138671 0.000000
vt 0.000000 -1.615763 0.000000
vt -0.461880 -1.680719 0.000000
vt 0.000000 -1.742955 0.000000
vt -0.461880 -1.803335 0.000000
vt -0.000000 1.615763 0.000000
vt -0.000000 1.742955 0.000000
vt -0.461880 1.680719 0.000000
vt -0.461880 1.803335 0.000000
vt -0.461880 1.138671 0.000000
vt -0.240754 1.249707 0.000000
vt -0.461880 1.312925 0.000000
vt -0.000000 1.500501 0.000000
vt -0.000000 1.350668 0.000000
vt -0.461880 -1.610789 0.000000
vt -0.461880 -1.738344 0.000000
vt -0.000000 -1.680719 0.000000
vt -0.000000 -1.803335 0.000000
vt -0.461880 1.610789 0.000000
vt -0.000000 1.680719 0.000000
vt -0.461880 1.738344 0.000000
vt -0.000000 1.803335 0.000000
vt -0.000000 -1.738344 0.000000
vt -0.000000 -1.610789 0.000000
vt -0.161229 -1.673738 0.000000
vt -0.162646 -1.540140 0.000000
vt -0.315647 -1.594221 0.000000
vt -0.317153 -1.453125 0.000000
vt -0.461880 -1.500501 0.000000
vt -0.461880 -1.350668 0.000000
vt -0.461880 1.350668 0.000000
vt -0.317153 1.453125 0.000000
vt -0.461880 1.500501 0.000000
vt -0.315647 1.594221 0.000000
vt -0.162646 1.540140 0.000000
vt -0.161229 1.673738 0.000000
vt -0.000000 1.610789 0.000000
vt -0.000000 1.738344 0.000000
vt -0.000000 1.644506 0.000000
vt -0.000000 1.769633 0.000000
vt -0.461880 1.697088 0.000000
vt -0.461880 1.818601 0.000000
vt -0.461880 1.640322 0.000000
vt -0.000000 1.697088 0.000000
vt -0.461880 1.765745 0.000000
vt 0.000000 1.818601 0.000000
vt -0.461880 1.769633 0.000000
vt -0.461880 1.644506 0.000000
vt -0.301906 1.716039 0.000000
vt -0.300816 1.586235 0.000000
vt -0.147514 1.648021 0.000000
vt -0.146345 1.512237 0.000000
vt -0.000000 1.566152 0.000000
vt -0.000000 1.423247 0.000000
vt -0.000000 -1.423247 0.000000
vt -0.146345 -1.512237 0.000000
vt -0.000000 -1.566152 0.000000
vt -0.147514 -1.648021 0.000000
vt -0.300816 -1.586235 0.000000
vt -0.301906 -1.716039 0.000000
vt -0.461880 -1.644506 0.000000
vt -0.461880 -1.769633 0.000000
vt -0.000000 -1.644506 0.000000
vt -0.461880 -1.697088 0.000000
vt -0.000000 -1.769633 0.000000
vt -0.461880 -1.818601 0.000000
vt -0.461880 1.423247 0.000000
vt -0.222495 1.331376 0.000000
vt -0.461880 1.566152 0.000000
vt -0.000000 1.391885 0.000000
vt -0.000000 1.228880 0.000000
vt -0.000000 -1.228880 0.000000
vt -0.222495 -1.331376 0.000000
vt -0.000000 -1.391885 0.000000
vt -0.461880 -1.566152 0.000000
vt -0.461880 -1.423247 0.000000
vt -0.461880 -1.640322 0.000000
vt -0.461880 -1.765745 0.000000
vt -0.000000 -1.697088 0.000000
vt 0.000000 -1.818601 0.000000
vt -0.461880 1.228880 0.000000
vt -0.000000 1.414022 0.000000
vt -0.461880 1.391885 0.000000
vt -0.000000 1.557774 0.000000
vt -0.461880 -1.228880 0.000000
vt -0.461880 -1.391885 0.000000
vt 0.000000 -1.414022 0.000000
vt 0.000000 -1.557774 0.000000
vt -0.461880 1.414022 0.000000
vt -0.315738 1.504755 0.000000
vt -0.461880 1.557774 0.000000
vt -0.314529 1.641189 0.000000
vt -0.161263 1.580441 0.000000
vt -0.160133 1.710709 0.000000
vt -0.000000 1.640322 0.000000
vt -0.000000 1.765745 0.000000
vt 0.000000 -1.765745 0.000000
vt 0.000000 -1.640322 0.000000
vt -0.160133 -1.710709 0.000000
vt -0.161263 -1.580441 0.000000
vt -0.314529 -1.641189 0.000000
vt -0.315738 -1.504755 0.000000
vt -0.461880 -1.557774 0.000000
vt -0.461880 -1.414022 0.000000
vt -0.000000 -1.746615 0.000000
vt -0.000000 -1.619711 0.000000
vt -0.160901 -1.684805 0.000000
vt -0.162229 -1.552225 0.000000
vt -0.315313 -1.608215 0.000000
vt -0.316726 -1.468546 0.000000
vt -0.461880 -1.517515 0.000000
vt -0.461880 -1.369544 0.000000
vt -0.000000 -1.369544 0.000000
vt -0.240206 -1.272568 0.000000
vt -0.000000 -1.517515 0.000000
vt -0.461880 -1.336433 0.000000
vt -0.461880 -1.165699 0.000000
vt -0.000000 -1.165699 0.000000
vt -0.221255 -1.278216 0.000000
vt -0.000000 -1.336433 0.000000
vt -0.461880 -1.526654 0.000000
vt -0.461880 -1.379664 0.000000
vt -0.461880 1.379664 0.000000
vt -0.221255 1.278216 0.000000
vt -0.461880 1.526654 0.000000
vt -0.000000 1.336433 0.000000
vt -0.000000 1.165699 0.000000
vt -0.461880 1.165699 0.000000
vt -0.240206 1.272568 0.000000
vt -0.461880 1.336433 0.000000
vt -0.000000 1.517515 0.000000
vt -0.000000 1.369544 0.000000
vt 0.000000 -1.379664 0.000000
vt -0.145381 -1.476801 0.000000
vt 0.000000 -1.526654 0.000000
vt -0.146746 -1.615719 0.000000
vt -0.299873 -1.558681 0.000000
vt -0.301154 -1.690724 0.000000
vt -0.461880 -1.624456 0.000000
vt -0.461880 -1.751016 0.000000
vt -0.461880 1.751016 0.000000
vt -0.461880 1.624456 0.000000
vt -0.301154 1.690724 0.000000
vt -0.299873 1.558681 0.000000
vt -0.146746 1.615719 0.000000
vt -0.145381 1.476801 0.000000
vt -0.000000 1.526654 0.000000
vt -0.000000 1.379664 0.000000
vt -0.461880 1.369544 0.000000
vt -0.316726 1.468546 0.000000
vt -0.461880 1.517515 0.000000
vt -0.315313 1.608215 0.000000
vt -0.162229 1.552225 0.000000
vt -0.160901 1.684805 0.000000
vt -0.000000 1.619711 0.000000
vt -0.000000 1.746615 0.000000
vt 0.000000 -1.624456 0.000000
vt -0.461880 -1.685838 0.000000
vt 0.000000 -1.751016 0.000000
vt -0.461880 -1.808107 0.000000
vt -0.000000 1.624456 0.000000
vt -0.000000 1.751016 0.000000
vt -0.461880 1.685838 0.000000
vt -0.461880 1.808107 0.000000
vt -0.461880 -1.619711 0.000000
vt -0.461880 -1.746615 0.000000
vt -0.000000 -1.685838 0.000000
vt -0.000000 -1.808107 0.000000
vt -0.461880 1.619711 0.000000
vt -0.000000 1.685838 0.000000
vt -0.461880 1.746615 0.000000
vt -0.000000 1.808107 0.000000
vt -0.461880 1.771928 0.000000
vt -0.461880 1.646975 0.000000
vt -0.302001 1.719198 0.000000
vt -0.300933 1.589667 0.000000
vt -0.147610 1.652080 0.000000
vt -0.146465 1.516678 0.000000
vt 0.000000 1.571136 0.000000
vt -0.000000 1.428729 0.000000
vt -0.000000 1.646975 0.000000
vt -0.000000 1.771928 0.000000
vt -0.461880 1.698409 0.000000
vt -0.461880 1.819833 0.000000
vt -0.461880 1.428729 0.000000
vt -0.222642 1.338045 0.000000
vt -0.461880 1.571136 0.000000
vt -0.000000 1.398873 0.000000
vt -0.000000 1.236788 0.000000
vt -0.000000 -1.236788 0.000000
vt -0.222642 -1.338045 0.000000
vt -0.000000 -1.398873 0.000000
vt -0.461880 -1.571136 0.000000
vt -0.461880 -1.428729 0.000000
vt -0.000000 -1.428729 0.000000
vt -0.146465 -1.516678 0.000000
vt 0.000000 -1.571136 0.000000
vt -0.147610 -1.652080 0.000000
vt -0.300933 -1.589667 0.000000
vt -0.302001 -1.719198 0.000000
vt -0.461880 -1.646975 0.000000
vt -0.461880 -1.771928 0.000000
vt -0.461880 1.236788 0.000000
vt -0.000000 1.419618 0.000000
vt -0.461880 1.398873 0.000000
vt -0.000000 1.562854 0.000000
vt -0.461880 -1.236788 0.000000
vt -0.461880 -1.398873 0.000000
vt 0.000000 -1.419618 0.000000
vt 0.000000 -1.562854 0.000000
vt -0.000000 -1.646975 0.000000
vt -0.461880 -1.698409 0.000000
vt -0.000000 -1.771928 0.000000
vt -0.461880 -1.819833 0.000000
vt -0.461880 1.419618 0.000000
vt -0.315615 1.509295 0.000000
vt -0.461880 1.562854 0.000000
vt -0.314430 1.645334 0.000000
vt -0.161143 1.583958 0.000000
vt -0.160037 1.713944 0.000000
vt -0.000000 1.642864 0.000000
vt -0.000000 1.768107 0.000000
vt 0.000000 -1.768107 0.000000
vt 0.000000 -1.642864 0.000000
vt -0.160037 -1.713944 0.000000
vt -0.161143 -1.583958 0.000000
vt -0.314430 -1.645334 0.000000
vt -0.315615 -1.509295 0.000000
vt -0.461880 -1.562854 0.000000
vt -0.461880 -1.419618 0.000000
vt -0.461880 1.642864 0.000000
vt -0.000000 1.698409 0.000000
vt -0.461880 1.768107 0.000000
vt -0.000000 1.819833 0.000000
vt -0.461880 -1.642864 0.000000
vt -0.461880 -1.768107 0.000000
vt -0.000000 -1.698409 0.000000
vt -0.000000 -1.819833 0.000000
vt -0.000000 1.638666 0.000000
vt -0.000000 1.764207 0.000000
vt -0.461880 1.696220 0.000000
vt -0.461880 1.817790 0.000000
vt -0.461880 1.710890 0.000000
vt -0.307688 1.719851 0.000000
vt -0.461880 1.831487 0.000000
vt -0.307718 1.839861 0.000000
vt -0.153395 1.835284 0.000000
vt -0.153313 1.714948 0.000000
vt -0.000000 1.817790 0.000000
vt -0.000000 1.696220 0.000000
vt -0.461880 1.638666 0.000000
vt -0.000000 1.693904 0.000000
vt -0.461880 1.764207 0.000000
vt -0.000000 1.815629 0.000000
vt -0.461880 -1.638666 0.000000
vt -0.461880 -1.764207 0.000000
vt -0.000000 -1.693904 0.000000
vt -0.000000 -1.815629 0.000000
vt -0.000000 -1.638666 0.000000
vt -0.461880 -1.696220 0.000000
vt -0.000000 -1.764207 0.000000
vt -0.461880 -1.817790 0.000000
vt -0.461880 1.693904 0.000000
vt -0.308677 1.713852 0.000000
vt -0.461880 1.815629 0.000000
vt -0.308581 1.834262 0.000000
vt -0.154302 1.719976 0.000000
vt -0.154258 1.839978 0.000000
vt -0.000000 1.832736 0.000000
vt -0.000000 1.712227 0.000000
vt -0.000000 -1.712227 0.000000
vt -0.154302 -1.719976 0.000000
vt -0.000000 -1.832736 0.000000
vt -0.154258 -1.839978 0.000000
vt -0.308581 -1.834262 0.000000
vt -0.308677 -1.713852 0.000000
vt -0.461880 -1.815629 0.000000
vt -0.461880 -1.693904 0.000000
vt 0.000000 -1.696220 0.000000
vt -0.153313 -1.714948 0.000000
vt 0.000000 -1.817790 0.000000
vt -0.153395 -1.835284 0.000000
vt -0.307688 -1.719851 0.000000
vt -0.307718 -1.839861 0.000000
vt -0.461880 -1.831487 0.000000
vt -0.461880 -1.710890 0.000000
vt -0.000000 1.672610 0.000000
vt -0.000000 1.795779 0.000000
vt -0.461880 1.712227 0.000000
vt -0.461880 1.832736 0.000000
vt -0.000000 -1.672610 0.000000
vt -0.461880 -1.712227 0.000000
vt -0.000000 -1.795779 0.000000
vt -0.461880 -1.832736 0.000000
vt -0.461880 1.672610 0.000000
vt -0.000000 1.710890 0.000000
vt -0.461880 1.795779 0.000000
vt -0.000000 1.831487 0.000000
vt -0.461880 -1.672610 0.000000
vt -0.461880 -1.795779 0.000000
vt 0.000000 -1.710890 0.000000
vt 0.000000 -1.831487 0.000000
vt -0.461880 1.771928 0.000000
vt -0.461880 1.646975 0.000000
vt -0.302001 1.719198 0.000000
vt -0.300933 1.589667 0.000000
vt -0.147610 1.652080 0.000000
vt -0.146465 1.516678 0.000000
vt -0.000000 1.571136 0.000000
vt -0.000000 1.428729 0.000000
vt -0.000000 1.646975 0.000000
vt -0.000000 1.771928 0.000000
vt -0.461880 1.698409 0.000000
vt -0.461880 1.819833 0.000000
vt -0.461880 1.428729 0.000000
vt -0.222642 1.338045 0.000000
vt -0.461880 1.571136 0.000000
vt 0.000000 1.398873 0.000000
vt -0.000000 1.236788 0.000000
vt -0.000000 -1.236788 0.000000
vt -0.222642 -1.338045 0.000000
vt 0.000000 -1.398873 0.000000
vt -0.461880 -1.571136 0.000000
vt -0.461880 -1.428729 0.000000
vt -0.000000 -1.428729 0.000000
vt -0.146465 -1.516678 0.000000
vt -0.000000 -1.571136 0.000000
vt -0.147610 -1.652080 0.000000
vt -0.300933 -1.589667 0.000000
vt -0.302001 -1.719198 0.000000
vt -0.461880 -1.646975 0.000000
vt -0.461880 -1.771928 0.000000
vt -0.461880 1.236788 0.000000
vt -0.000000 1.419618 0.000000
vt -0.461880 1.398873 0.000000
vt -0.000000 1.562854 0.000000
vt -0.461880 -1.236788 0.000000
vt -0.461880 -1.398873 0.000000
vt 0.000000 -1.419618 0.000000
vt 0.000000 -1.562854 0.000000
vt -0.000000 -1.646975 0.000000
vt -0.461880 -1.698409 0.000000
vt -0.000000 -1.771928 0.000000
vt -0.461880 -1.819833 0.000000
vt -0.461880 1.419618 0.000000
vt -0.315615 1.509295 0.000000
vt -0.461880 1.562854 0.000000
vt -0.314430 1.645334 0.000000
vt -0.161143 1.583958 0.000000
vt -0.160037 1.713944 0.000000
vt -0.000000 1.642864 0.000000
vt -0.000000 1.768107 0.000000
vt 0.000000 -1.768107 0.000000
vt 0.000000 -1.642864 0.000000
vt -0.160037 -1.713944 0.000000
vt -0.161143 -1.583958 0.000000
vt -0.314430 -1.645334 0.000000
vt -0.315615 -1.509295 0.000000
vt -0.461880 -1.562854 0.000000
vt -0.461880 -1.419618 0.000000
vt -0.461880 1.642864 0.000000
vt -0.000000 1.698409 0.000000
vt -0.461880 1.768107 0.000000
vt -0.000000 1.819833 0.000000
vt -0.461880 -1.642864 0.000000
vt -0.461880 -1.768107 0.000000
vt -0.000000 -1.698409 0.000000
vt -0.000000 -1.819833 0.000000
vt -0.000000 -1.746615 0.000000
vt 0.000000 -1.619711 0.000000
vt -0.160901 -1.684805 0.000000
vt -0.162229 -1.552225 0.000000
vt -0.315313 -1.608215 0.000000
vt -0.316726 -1.468546 0.000000
vt -0.461880 -1.517515 0.000000
vt -0.461880 -1.369544 0.000000
vt -0.000000 -1.369544 0.000000
vt -0.240206 -1.272568 0.000000
vt -0.000000 -1.517515 0.000000
vt -0.461880 -1.336433 0.000000
vt -0.461880 -1.165699 0.000000
vt -0.000000 -1.165699 0.000000
vt -0.221255 -1.278216 0.000000
vt -0.000000 -1.336433 0.000000
vt -0.461880 -1.526654 0.000000
vt -0.461880 -1.379664 0.000000
vt -0.461880 1.379664 0.000000
vt -0.221255 1.278216 0.000000
vt -0.461880 1.526654 0.000000
vt -0.000000 1.336433 0.000000
vt -0.000000 1.165699 0.000000
vt -0.461880 1.165699 0.000000
vt -0.240206 1.272568 0.000000
vt -0.461880 1.336433 0.000000
vt -0.000000 1.517515 0.000000
vt -0.000000 1.369544 0.000000
vt 0.000000 -1.379664 0.000000
vt -0.145381 -1.476801 0.000000
vt 0.000000 -1.526654 0.000000
vt -0.146746 -1.615719 0.000000
vt -0.299873 -1.558681 0.000000
vt -0.301154 -1.690724 0.000000
vt -0.461880 -1.624456 0.000000
vt -0.461880 -1.751016 0.000000
vt -0.461880 1.751016 0.000000
vt -0.461880 1.624456 0.000000
vt -0.301154 1.690724 0.000000
vt -0.299873 1.558681 0.000000
vt -0.146746 1.615719 0.000000
vt -0.145381 1.476801 0.000000
vt -0.000000 1.526654 0.000000
vt -0.000000 1.379664 0.000000
vt -0.461880 1.369544 0.000000
vt -0.316726 1.468546 0.000000
vt -0.461880 1.517515 0.000000
vt -0.315313 1.608215 0.000000
vt -0.162229 1.552225 0.000000
vt -0.160901 1.684805 0.000000
vt 0.000000 1.619711 0.000000
vt -0.000000 1.746615 0.000000
vt 0.000000 -1.624456 0.000000
vt -0.461880 -1.685838 0.000000
vt 0.000000 -1.751016 0.000000
vt -0.461880 -1.808107 0.000000
vt -0.000000 1.624456 0.000000
vt -0.000000 1.751016 0.000000
vt -0.461880 1.685838 0.000000
vt -0.461880 1.808107 0.000000
vt -0.461880 -1.619711 0.000000
vt -0.461880 -1.746615 0.000000
vt -0.000000 -1.685838 0.000000
vt 0.000000 -1.808107 0.000000
vt -0.461880 1.619711 0.000000
vt -0.000000 1.685838 0.000000
vt -0.461880 1.746615 0.000000
vt 0.000000 1.808107 0.000000
vt -0.000000 -1.651587 0.000000
vt -0.461880 -1.702800 0.000000
vt -0.000000 -1.776215 0.000000
vt -0.461880 -1.823932 0.000000
vt 0.000000 -1.702800 0.000000
vt -0.153658 -1.717696 0.000000
vt 0.000000 -1.823932 0.000000
vt -0.153696 -1.837848 0.000000
vt -0.308032 -1.718758 0.000000
vt -0.308018 -1.838839 0.000000
vt -0.461880 -1.826899 0.000000
vt -0.461880 -1.705978 0.000000
vt -0.461880 -1.661876 0.000000
vt -0.461880 -1.785786 0.000000
vt 0.000000 -1.705978 0.000000
vt 0.000000 -1.826899 0.000000
vt -0.461880 1.661876 0.000000
vt 0.000000 1.705978 0.000000
vt -0.461880 1.785786 0.000000
vt -0.000000 1.826899 0.000000
vt -0.461880 1.705978 0.000000
vt -0.308032 1.718758 0.000000
vt -0.461880 1.826899 0.000000
vt -0.308018 1.838839 0.000000
vt -0.153696 1.837848 0.000000
vt -0.153658 1.717696 0.000000
vt -0.000000 1.823932 0.000000
vt -0.000000 1.702800 0.000000
vt -0.000000 -1.661876 0.000000
vt -0.461880 -1.707653 0.000000
vt -0.000000 -1.785786 0.000000
vt -0.461880 -1.828463 0.000000
vt -0.000000 1.661876 0.000000
vt -0.000000 1.785786 0.000000
vt -0.461880 1.707653 0.000000
vt -0.461880 1.828463 0.000000
vt -0.000000 1.651587 0.000000
vt -0.000000 1.776215 0.000000
vt -0.461880 1.702800 0.000000
vt -0.461880 1.823932 0.000000
vt -0.000000 -1.707653 0.000000
vt -0.153957 -1.719220 0.000000
vt -0.000000 -1.828463 0.000000
vt -0.153958 -1.839271 0.000000
vt -0.308279 -1.837142 0.000000
vt -0.308332 -1.716939 0.000000
vt -0.461880 -1.822092 0.000000
vt -0.461880 -1.700829 0.000000
vt -0.461880 1.700829 0.000000
vt -0.308332 1.716939 0.000000
vt -0.461880 1.822092 0.000000
vt -0.308279 1.837142 0.000000
vt -0.153957 1.719220 0.000000
vt -0.153958 1.839271 0.000000
vt -0.000000 1.828463 0.000000
vt -0.000000 1.707653 0.000000
vt -0.461880 -1.651587 0.000000
vt -0.461880 -1.776215 0.000000
vt -0.000000 -1.700829 0.000000
vt -0.000000 -1.822092 0.000000
vt -0.461880 1.651587 0.000000
vt -0.000000 1.700829 0.000000
vt -0.461880 1.776215 0.000000
vt -0.000000 1.822092 0.000000
vt -0.461880 -1.646773 0.000000
vt -0.461880 -1.771739 0.000000
vt -0.000000 -1.698301 0.000000
vt -0.000000 -1.819733 0.000000
vt -0.000000 -1.646773 0.000000
vt -0.461880 -1.700404 0.000000
vt -0.000000 -1.771739 0.000000
vt -0.461880 -1.821696 0.000000
vt 0.000000 -1.700404 0.000000
vt -0.153526 -1.716768 0.000000
vt 0.000000 -1.821696 0.000000
vt -0.153581 -1.836983 0.000000
vt -0.307900 -1.719303 0.000000
vt -0.307903 -1.839348 0.000000
vt -0.461880 -1.828776 0.000000
vt -0.461880 -1.707988 0.000000
vt -0.461880 1.707988 0.000000
vt -0.307900 1.719303 0.000000
vt -0.461880 1.828776 0.000000
vt -0.307903 1.839348 0.000000
vt -0.153581 1.836983 0.000000
vt -0.153526 1.716768 0.000000
vt -0.000000 1.821696 0.000000
vt -0.000000 1.700404 0.000000
vt -0.000000 1.646773 0.000000
vt -0.000000 1.771739 0.000000
vt -0.461880 1.700404 0.000000
vt -0.461880 1.821696 0.000000
vt -0.461880 -1.666128 0.000000
vt -0.461880 -1.789744 0.000000
vt 0.000000 -1.707988 0.000000
vt 0.000000 -1.828776 0.000000
vt -0.461880 1.666128 0.000000
vt -0.000000 1.707988 0.000000
vt -0.461880 1.789744 0.000000
vt -0.000000 1.828776 0.000000
vt -0.461880 1.646773 0.000000
vt -0.000000 1.698301 0.000000
vt -0.461880 1.771739 0.000000
vt -0.000000 1.819733 0.000000
vt -0.000000 -1.666128 0.000000
vt -0.461880 -1.709533 0.000000
vt -0.000000 -1.789744 0.000000
vt -0.461880 -1.830219 0.000000
vt -0.000000 1.666128 0.000000
vt -0.000000 1.789744 0.000000
vt -0.461880 1.709533 0.000000
vt -0.461880 1.830219 0.000000
vt -0.000000 -1.709533 0.000000
vt -0.154089 -1.719636 0.000000
vt -0.000000 -1.830219 0.000000
vt -0.154073 -1.839659 0.000000
vt -0.308395 -1.836155 0.000000
vt -0.308464 -1.715882 0.000000
vt -0.461880 -1.819733 0.000000
vt -0.461880 -1.698301 0.000000
vt -0.461880 1.698301 0.000000
vt -0.308464 1.715882 0.000000
vt -0.461880 1.819733 0.000000
vt -0.308395 1.836155 0.000000
vt -0.154089 1.719636 0.000000
vt -0.154073 1.839659 0.000000
vt -0.000000 1.830219 0.000000
vt -0.000000 1.709533 0.000000
vt -0.000000 1.638666 0.000000
vt -0.000000 1.764207 0.000000
vt -0.461880 1.696220 0.000000
vt -0.461880 1.817790 0.000000
vt -0.461880 1.710890 0.000000
vt -0.307688 1.719851 0.000000
vt -0.461880 1.831487 0.000000
vt -0.307718 1.839861 0.000000
vt -0.153395 1.835284 0.000000
vt -0.153313 1.714948 0.000000
vt -0.000000 1.817790 0.000000
vt -0.000000 1.696220 0.000000
vt -0.461880 1.638666 0.000000
vt -0.000000 1.693904 0.000000
vt -0.461880 1.764207 0.000000
vt -0.000000 1.815629 0.000000
vt -0.461880 -1.638666 0.000000
vt -0.461880 -1.764207 0.000000
vt -0.000000 -1.693904 0.000000
vt -0.000000 -1.815629 0.000000
vt -0.000000 -1.638666 0.000000
vt -0.461880 -1.696220 0.000000
vt -0.000000 -1.764207 0.000000
vt -0.461880 -1.817790 0.000000
vt -0.461880 1.693904 0.000000
vt -0.308677 1.713852 0.000000
vt -0.461880 1.815629 0.000000
vt -0.308581 1.834262 0.000000
vt -0.154302 1.719976 0.000000
vt -0.154258 1.839978 0.000000
vt 0.000000 1.832736 0.000000
vt -0.000000 1.712227 0.000000
vt -0.000000 -1.712227 0.000000
vt -0.154302 -1.719976 0.000000
vt 0.000000 -1.832736 0.000000
vt -0.154258 -1.839978 0.000000
vt -0.308581 -1.834262 0.000000
vt -0.308677 -1.713852 0.000000
vt -0.461880 -1.815629 0.000000
vt -0.461880 -1.693904 0.000000
vt 0.000000 -1.696220 0.000000
vt -0.153313 -1.714948 0.000000
vt 0.000000 -1.817790 0.000000
vt -0.153395 -1.835284 0.000000
vt -0.307688 -1.719851 0.000000
vt -0.307718 -1.839861 0.000000
vt -0.461880 -1.831487 0.000000
vt -0.461880 -1.710890 0.000000
vt -0.000000 1.672610 0.000000
vt -0.000000 1.795779 0.000000
vt -0.461880 1.712227 0.000000
vt -0.461880 1.832736 0.000000
vt -0.000000 -1.672610 0.000000
vt -0.461880 -1.712227 0.000000
vt -0.000000 -1.795779 0.000000
vt -0.461880 -1.832736 0.000000
vt -0.461880 1.672610 0.000000
vt -0.000000 1.710890 0.000000
vt -0.461880 1.795779 0.000000
vt -0.000000 1.831487 0.000000
vt -0.461880 -1.672610 0.000000
vt -0.461880 -1.795779 0.000000
vt 0.000000 -1.710890 0.000000
vt 0.000000 -1.831487 0.000000
vt -0.000000 -1.651587 0.000000
vt -0.461880 -1.702800 0.000000
vt -0.000000 -1.776215 0.000000
vt -0.461880 -1.823932 0.000000
vt 0.000000 -1.702800 0.000000
vt -0.153658 -1.717696 0.000000
vt 0.000000 -1.823932 0.000000
vt -0.153696 -1.837848 0.000000
vt -0.308032 -1.718758 0.000000
vt -0.308018 -1.838839 0.000000
vt -0.461880 -1.826899 0.000000
vt -0.461880 -1.705978 0.000000
vt -0.461880 -1.661876 0.000000
vt -0.461880 -1.785786 0.000000
vt 0.000000 -1.705978 0.000000
vt 0.000000 -1.826899 0.000000
vt -0.461880 1.661876 0.000000
vt -0.000000 1.705978 0.000000
vt -0.461880 1.785786 0.000000
vt -0.000000 1.826899 0.000000
vt -0.461880 1.705978 0.000000
vt -0.308032 1.718758 0.000000
vt -0.461880 1.826899 0.000000
vt -0.308018 1.838839 0.000000
vt -0.153696 1.837848 0.000000
vt -0.153658 1.717696 0.000000
vt -0.000000 1.823932 0.000000
vt -0.000000 1.702800 0.000000
vt -0.000000 -1.661876 0.000000
vt -0.461880 -1.707653 0.000000
vt -0.000000 -1.785786 0.000000
vt -0.461880 -1.828463 0.000000
vt -0.000000 1.661876 0.000000
vt -0.000000 1.785786 0.000000
vt -0.461880 1.707653 0.000000
vt -0.461880 1.828463 0.000000
vt -0.000000 1.651587 0.000000
vt -0.000000 1.776215 0.000000
vt -0.461880 1.702800 0.000000
vt -0.461880 1.823932 0.000000
vt -0.000000 -1.707653 0.000000
vt -0.153957 -1.719220 0.000000
vt -0.000000 -1.828463 0.000000
vt -0.153958 -1.839271 0.000000
vt -0.308279 -1.837142 0.000000
vt -0.308332 -1.716939 0.000000
vt -0.461880 -1.822092 0.000000
vt -0.461880 -1.700829 0.000000
vt -0.461880 1.700829 0.000000
vt -0.308332 1.716939 0.000000
vt -0.461880 1.822092 0.000000
vt -0.308279 1.837142 0.000000
vt -0.153957 1.719220 0.000000
vt -0.153958 1.839271 0.000000
vt -0.000000 1.828463 0.000000
vt -0.000000 1.707653 0.000000
vt -0.461880 -1.651587 0.000000
vt -0.461880 -1.776215 0.000000
vt -0.000000 -1.700829 0.000000
vt -0.000000 -1.822092 0.000000
vt -0.461880 1.651587 0.000000
vt -0.000000 1.700829 0.000000
vt -0.461880 1.776215 0.000000
vt -0.000000 1.822092 0.000000
vt -0.000000 1.644506 0.000000
vt -0.000000 1.769633 0.000000
vt -0.461880 1.697088 0.000000
vt -0.461880 1.818601 0.000000
vt -0.461880 1.640322 0.000000
vt -0.000000 1.697088 0.000000
vt -0.461880 1.765745 0.000000
vt -0.000000 1.818601 0.000000
vt -0.461880 1.769633 0.000000
vt -0.461880 1.644506 0.000000
vt -0.301906 1.716039 0.000000
vt -0.300816 1.586235 0.000000
vt -0.147514 1.648021 0.000000
vt -0.146345 1.512237 0.000000
vt -0.000000 1.566152 0.000000
vt -0.000000 1.423247 0.000000
vt -0.000000 -1.423247 0.000000
vt -0.146345 -1.512237 0.000000
vt -0.000000 -1.566152 0.000000
vt -0.147514 -1.648021 0.000000
vt -0.300816 -1.586235 0.000000
vt -0.301906 -1.716039 0.000000
vt -0.461880 -1.644506 0.000000
vt -0.461880 -1.769633 0.000000
vt -0.000000 -1.644506 0.000000
vt -0.461880 -1.697088 0.000000
vt -0.000000 -1.769633 0.000000
vt -0.461880 -1.818601 0.000000
vt -0.461880 1.423247 0.000000
vt -0.222495 1.331376 0.000000
vt -0.461880 1.566152 0.000000
vt -0.000000 1.391885 0.000000
vt -0.000000 1.228880 0.000000
vt -0.000000 -1.228880 0.000000
vt -0.222495 -1.331376 0.000000
vt -0.000000 -1.391885 0.000000
vt -0.461880 -1.566152 0.000000
vt -0.461880 -1.423247 0.000000
vt -0.461880 -1.640322 0.000000
vt -0.461880 -1.765745 0.000000
vt -0.000000 -1.697088 0.000000
vt -0.000000 -1.818601 0.000000
vt -0.461880 1.228880 0.000000
vt -0.000000 1.414022 0.000000
vt -0.461880 1.391885 0.000000
vt -0.000000 1.557774 0.000000
vt -0.461880 -1.228880 0.000000
vt -0.461880 -1.391885 0.000000
vt 0.000000 -1.414022 0.000000
vt 0.000000 -1.557774 0.000000
vt -0.461880 1.414022 0.000000
vt -0.315738 1.504755 0.000000
vt -0.461880 1.557774 0.000000
vt -0.314529 1.641189 0.000000
vt -0.161263 1.580441 0.000000
vt -0.160133 1.710709 0.000000
vt -0.000000 1.640322 0.000000
vt -0.000000 1.765745 0.000000
vt 0.000000 -1.765745 0.000000
vt 0.000000 -1.640322 0.000000
vt -0.160133 -1.710709 0.000000
vt -0.161263 -1.580441 0.000000
vt -0.314529 -1.641189 0.000000
vt -0.315738 -1.504755 0.000000
vt -0.461880 -1.557774 0.000000
vt -0.461880 -1.414022 0.000000
vt -0.461880 -1.646773 0.000000
vt -0.461880 -1.771739 0.000000
vt -0.000000 -1.698301 0.000000
vt -0.000000 -1.819733 0.000000
vt -0.000000 -1.646773 0.000000
vt -0.461880 -1.700404 0.000000
vt -0.000000 -1.771739 0.000000
vt -0.461880 -1.821696 0.000000
vt 0.000000 -1.700404 0.000000
vt -0.153526 -1.716768 0.000000
vt 0.000000 -1.821696 0.000000
vt -0.153581 -1.836983 0.000000
vt -0.307900 -1.719303 0.000000
vt -0.307903 -1.839348 0.000000
vt -0.461880 -1.828776 0.000000
vt -0.461880 -1.707988 0.000000
vt -0.461880 1.707988 0.000000
vt -0.307900 1.719303 0.000000
vt -0.461880 1.828776 0.000000
vt -0.307903 1.839348 0.000000
vt -0.153581 1.836983 0.000000
vt -0.153526 1.716768 0.000000
vt -0.000000 1.821696 0.000000
vt -0.000000 1.700404 0.000000
vt -0.000000 1.646773 0.000000
vt -0.000000 1.771739 0.000000
vt -0.461880 1.700404 0.000000
vt -0.461880 1.821696 0.000000
vt -0.461880 -1.666128 0.000000
vt -0.461880 -1.789744 0.000000
vt 0.000000 -1.707988 0.000000
vt 0.000000 -1.828776 0.000000
vt -0.461880 1.666128 0.000000
vt -0.000000 1.707988 0.000000
vt -0.461880 1.789744 0.000000
vt -0.000000 1.828776 0.000000
vt -0.461880 1.646773 0.000000
vt -0.000000 1.698301 0.000000
vt -0.461880 1.771739 0.000000
vt -0.000000 1.819733 0.000000
vt -0.000000 -1.666128 0.000000
vt -0.461880 -1.709533 0.000000
vt -0.000000 -1.789744 0.000000
vt -0.461880 -1.830219 0.000000
vt -0.000000 1.666128 0.000000
vt -0.000000 1.789744 0.000000
vt -0.461880 1.709533 0.000000
vt -0.461880 1.830219 0.000000
vt -0.000000 -1.709533 0.000000
vt -0.154089 -1.719636 0.000000
vt -0.000000 -1.830219 0.000000
vt -0.154073 -1.839659 0.000000
vt -0.308395 -1.836155 0.000000
vt -0.308464 -1.715882 0.000000
vt -0.461880 -1.819733 0.000000
vt -0.461880 -1.698301 0.000000
vt -0.461880 1.698301 0.000000
vt -0.308464 1.715882 0.000000
vt -0.461880 1.819733 0.000000
vt -0.308395 1.836155 0.000000
vt -0.154089 1.719636 0.000000
vt -0.154073 1.839659 0.000000
vt -0.000000 1.830219 0.000000
vt -0.000000 1.709533 0.000000
vt -0.000000 -1.350668 0.000000
vt -0.240754 -1.249707 0.000000
vt -0.000000 -1.500501 0.000000
vt -0.461880 -1.312925 0.000000
vt -0.461880 -1.138671 0.000000
vt -0.000000 -1.138671 0.000000
vt -0.220686 -1.255555 0.000000
vt -0.000000 -1.312925 0.000000
vt -0.461880 -1.509961 0.000000
vt -0.461880 -1.361170 0.000000
vt 0.000000 -1.361170 0.000000
vt -0.144965 -1.461707 0.000000
vt 0.000000 -1.509961 0.000000
vt -0.146419 -1.602005 0.000000
vt -0.299467 -1.546870 0.000000
vt -0.300834 -1.679899 0.000000
vt -0.461880 -1.615763 0.000000
vt -0.461880 -1.742955 0.000000
vt -0.461880 1.742955 0.000000
vt -0.461880 1.615763 0.000000
vt -0.300834 1.679899 0.000000
vt -0.299467 1.546870 0.000000
vt -0.146419 1.602005 0.000000
vt -0.144965 1.461707 0.000000
vt -0.000000 1.509961 0.000000
vt -0.000000 1.361170 0.000000
vt -0.461880 1.361170 0.000000
vt -0.220686 1.255555 0.000000
vt -0.461880 1.509961 0.000000
vt -0.000000 1.312925 0.000000
vt -0.000000 1.138671 0.000000
vt 0.000000 -1.615763 0.000000
vt -0.461880 -1.680719 0.000000
vt 0.000000 -1.742955 0.000000
vt -0.461880 -1.803335 0.000000
vt -0.000000 1.615763 0.000000
vt -0.000000 1.742955 0.000000
vt -0.461880 1.680719 0.000000
vt -0.461880 1.803335 0.000000
vt -0.461880 1.138671 0.000000
vt -0.240754 1.249707 0.000000
vt -0.461880 1.312925 0.000000
vt -0.000000 1.500501 0.000000
vt -0.000000 1.350668 0.000000
vt -0.461880 -1.610789 0.000000
vt -0.461880 -1.738344 0.000000
vt -0.000000 -1.680719 0.000000
vt -0.000000 -1.803335 0.000000
vt -0.461880 1.610789 0.000000
vt -0.000000 1.680719 0.000000
vt -0.461880 1.738344 0.000000
vt -0.000000 1.803335 0.000000
vt -0.000000 -1.738344 0.000000
vt -0.000000 -1.610789 0.000000
vt -0.161229 -1.673738 0.000000
vt -0.162646 -1.540140 0.000000
vt -0.315647 -1.594221 0.000000
vt -0.317153 -1.453125 0.000000
vt -0.461880 -1.500501 0.000000
vt -0.461880 -1.350668 0.000000
vt -0.461880 1.350668 0.000000
vt -0.317153 1.453125 0.000000
vt -0.461880 1.500501 0.000000
vt -0.315647 1.594221 0.000000
vt -0.162646 1.540140 0.000000
vt -0.161229 1.673738 0.000000
vt -0.000000 1.610789 0.000000
vt -0.000000 1.738344 0.000000
vt -6.972342 2.023643 0.000000
vt -6.780800 2.023643 0.000000
vt -6.972342 2.147926 0.000000
vt -4.467050 2.102047 0.000000
vt -4.469762 2.275782 0.000000
vt -4.464453 1.928313 0.000000
vt -6.780800 1.986299 0.000000
vt -6.780800 1.948954 0.000000
vt -6.780800 1.911610 0.000000
vt -6.972342 1.868912 0.000000
vt -6.972342 1.826213 0.000000
vt -6.972342 1.911610 0.000000
vt -4.461993 1.754578 0.000000
vt -6.972342 1.783515 0.000000
vt -7.062383 1.783515 0.000000
vt -8.000000 1.678219 0.000000
vt -7.062383 1.826213 0.000000
vt -7.580800 1.911610 0.000000
vt -7.062383 1.868912 0.000000
vt -7.062383 1.911610 0.000000
vt -8.000000 2.051156 0.000000
vt -7.580800 1.942199 0.000000
vt -7.580800 1.972788 0.000000
vt -7.580800 2.003378 0.000000
vt -7.327049 2.199935 0.000000
vt -8.000000 2.424093 0.000000
vt -7.062383 2.396492 0.000000
vt -6.972342 2.396492 0.000000
vt -6.972342 2.272209 0.000000
vt -4.528964 2.360309 0.000000
vt -7.360336 2.424732 0.000000
vt -7.360336 2.459257 0.000000
vt -7.360336 2.493782 0.000000
vt -6.972342 -2.023643 0.000000
vt -6.972342 -2.147926 0.000000
vt -6.780800 -2.023643 0.000000
vt -4.467050 -2.102047 0.000000
vt -4.464453 -1.928313 0.000000
vt -4.469762 -2.275782 0.000000
vt -6.972342 -2.272209 0.000000
vt -4.528964 -2.360309 0.000000
vt -6.972342 -2.396492 0.000000
vt -5.295200 -2.496875 0.000000
vt -7.360336 -2.424732 0.000000
vt -6.015200 -2.496875 0.000000
vt -6.780800 -2.648359 0.000000
vt -6.015200 -2.738468 0.000000
vt -6.780800 -2.679095 0.000000
vt -6.780800 -2.709831 0.000000
vt -8.000000 -2.424093 0.000000
vt -7.062383 -2.396492 0.000000
vt -7.327049 -2.199935 0.000000
vt -8.000000 -2.051156 0.000000
vt -7.580800 -2.003378 0.000000
vt -7.580800 -1.972788 0.000000
vt -7.580800 -1.942199 0.000000
vt -7.580800 -1.911610 0.000000
vt -8.000000 -1.678219 0.000000
vt -7.062383 -1.783515 0.000000
vt -4.461993 -1.754578 0.000000
vt -6.972342 -1.783515 0.000000
vt -6.972342 -1.826213 0.000000
vt -7.062383 -1.911610 0.000000
vt -7.062383 -1.868912 0.000000
vt -7.062383 -1.826213 0.000000
vt -6.972342 -1.868912 0.000000
vt -6.780800 -1.911610 0.000000
vt -6.972342 -1.911610 0.000000
vt -6.780800 -1.948954 0.000000
vt -6.780800 -1.986299 0.000000
vt -6.780800 2.740568 0.000000
vt -4.937966 2.899364 0.000000
vt -7.360336 2.961214 0.000000
vt -4.940560 3.053816 0.000000
vt -7.486393 2.997820 0.000000
vt -7.486393 3.086883 0.000000
vt -7.486393 3.175947 0.000000
vt -6.780800 3.265010 0.000000
vt -7.486393 3.265010 0.000000
vt -4.935370 2.744912 0.000000
vt -6.780800 2.709831 0.000000
vt -6.780800 2.679095 0.000000
vt -4.932792 2.590461 0.000000
vt -6.780800 2.648359 0.000000
vt -7.360336 2.528307 0.000000
vt -7.006721 2.658813 0.000000
vt -8.000000 2.797031 0.000000
vt -6.896489 2.695622 0.000000
vt -7.013269 2.732901 0.000000
vt -7.360336 2.857512 0.000000
vt -7.360336 2.892079 0.000000
vt -7.360336 2.926647 0.000000
vt -7.580800 2.997820 0.000000
vt -6.780800 -2.740568 0.000000
vt -7.360336 -2.961214 0.000000
vt -6.015200 -2.980061 0.000000
vt -7.580800 -2.997820 0.000000
vt -7.486393 -2.997820 0.000000
vt -7.360336 -2.926647 0.000000
vt -7.360336 -2.892079 0.000000
vt -8.000000 -2.797031 0.000000
vt -7.360336 -2.857512 0.000000
vt -7.013269 -2.732901 0.000000
vt -6.896489 -2.695622 0.000000
vt -7.006721 -2.658813 0.000000
vt -7.360336 -2.528307 0.000000
vt -7.360336 -2.493782 0.000000
vt -7.360336 -2.459257 0.000000
vt -7.486393 3.467083 0.000000
vt -7.486393 3.373838 0.000000
vt -4.502639 3.392327 0.000000
vt -6.780800 3.373838 0.000000
vt -6.780800 3.337562 0.000000
vt -4.544501 3.294479 0.000000
vt -6.780800 3.301286 0.000000
vt -8.000000 3.169968 0.000000
vt -7.580800 3.216404 0.000000
vt -7.580800 3.434987 0.000000
vt -8.000000 3.542906 0.000000
vt -7.580800 3.653571 0.000000
vt -8.000000 3.915843 0.000000
vt -4.507925 3.729102 0.000000
vt -4.510408 3.897490 0.000000
vt -7.486393 3.653571 0.000000
vt -4.505328 3.560715 0.000000
vt -7.486393 3.560327 0.000000
vt -6.780800 -3.337562 0.000000
vt -6.780800 -3.373838 0.000000
vt -4.502639 -3.392327 0.000000
vt -7.486393 -3.373838 0.000000
vt -7.486393 -3.467083 0.000000
vt -4.505328 -3.560715 0.000000
vt -7.486393 -3.560327 0.000000
vt -7.486393 -3.653571 0.000000
vt -4.507925 -3.729102 0.000000
vt -7.580800 -3.653571 0.000000
vt -8.000000 -3.915843 0.000000
vt -8.000000 -3.542906 0.000000
vt -7.580800 -3.434987 0.000000
vt -8.000000 -3.169968 0.000000
vt -7.580800 -3.216404 0.000000
vt -7.486393 -3.086883 0.000000
vt -6.015200 -3.221654 0.000000
vt -7.486393 -3.175947 0.000000
vt -7.486393 -3.265010 0.000000
vt -6.780800 -3.265010 0.000000
vt -4.544501 -3.294479 0.000000
vt -5.295200 -3.221654 0.000000
vt -4.940560 -3.053816 0.000000
vt -5.295200 -2.980061 0.000000
vt -4.937966 -2.899364 0.000000
vt -5.295200 -2.738468 0.000000
vt -4.935370 -2.744912 0.000000
vt -4.932792 -2.590461 0.000000
vt -6.780800 -3.301286 0.000000
vt -6.332833 0.773252 0.000000
vt -6.431214 0.761138 0.000000
vt -6.330125 0.600259 0.000000
vt -6.428508 0.588731 0.000000
vt -6.384873 0.502761 0.000000
vt -6.824567 0.343086 0.000000
vt -6.780932 0.259754 0.000000
vt -6.875250 0.256924 0.000000
vt -6.778348 0.105391 0.000000
vt -6.872666 0.102564 0.000000
vt -6.775753 -0.048973 0.000000
vt -6.870071 -0.051796 0.000000
vt -6.773163 -0.203336 0.000000
vt -6.867481 -0.206156 0.000000
vt -6.803523 -0.280895 0.000000
vt -7.263540 -0.447767 0.000000
vt -7.199582 -0.524515 0.000000
vt -8.000000 -0.559406 0.000000
vt -7.196889 -0.693881 0.000000
vt -8.000000 -0.932344 0.000000
vt -7.194292 -0.863246 0.000000
vt -7.191813 -1.032611 0.000000
vt -8.000000 -1.305281 0.000000
vt -6.787986 -1.311761 0.000000
vt -4.058166 -1.461966 0.000000
vt -2.387986 -1.311761 0.000000
vt -3.159896 -1.495840 0.000000
vt -0.000000 -1.305281 0.000000
vt -0.000000 -1.678219 0.000000
vt -2.763837 -1.800580 0.000000
vt -0.000000 -2.051156 0.000000
vt -2.766305 -1.972284 0.000000
vt -2.768902 -2.143988 0.000000
vt -6.433811 0.933545 0.000000
vt -6.335431 0.946246 0.000000
vt -6.436276 1.105951 0.000000
vt -6.337893 1.119239 0.000000
vt -6.840104 1.394425 0.000000
vt -5.941834 1.428299 0.000000
vt -4.058166 1.461966 0.000000
vt -5.538007 1.135687 0.000000
vt -2.440104 1.394425 0.000000
vt -1.541834 1.428299 0.000000
vt -3.159896 1.495840 0.000000
vt -3.662107 1.771027 0.000000
vt -3.563724 1.784314 0.000000
vt -3.664569 1.944020 0.000000
vt -3.566189 1.956721 0.000000
vt -3.667167 2.117013 0.000000
vt -3.568786 2.129127 0.000000
vt -3.669875 2.290006 0.000000
vt -3.571492 2.301534 0.000000
vt -3.615127 2.387505 0.000000
vt -3.175433 2.547179 0.000000
vt -3.219068 2.630511 0.000000
vt -3.124750 2.633341 0.000000
vt -3.221652 2.784874 0.000000
vt -3.127334 2.787701 0.000000
vt -3.224247 2.939238 0.000000
vt -3.129929 2.942061 0.000000
vt -3.226837 3.093601 0.000000
vt -3.132519 3.096421 0.000000
vt -3.196477 3.171160 0.000000
vt -2.736460 3.338032 0.000000
vt -2.800418 3.414781 0.000000
vt -1.086420 3.287164 0.000000
vt -0.000000 3.542906 0.000000
vt -0.000000 3.169968 0.000000
vt -1.086420 3.018350 0.000000
vt -0.000000 2.797031 0.000000
vt -1.086420 2.749535 0.000000
vt -1.086420 2.480720 0.000000
vt -2.836163 1.089685 0.000000
vt -5.535547 0.961952 0.000000
vt -2.833695 0.917981 0.000000
vt -5.532950 0.788218 0.000000
vt -2.831098 0.746277 0.000000
vt -5.530238 0.614483 0.000000
vt -2.828395 0.574574 0.000000
vt -5.471036 0.529956 0.000000
vt -2.879078 0.485897 0.000000
vt -5.067208 0.299804 0.000000
vt -3.275137 0.243343 0.000000
vt -5.064630 0.145353 0.000000
vt -3.272552 0.088994 0.000000
vt -5.062034 -0.009099 0.000000
vt -3.269956 -0.065354 0.000000
vt -5.059440 -0.163551 0.000000
vt -3.267368 -0.219702 0.000000
vt -5.455499 -0.404214 0.000000
vt -2.863540 -0.447767 0.000000
vt -5.497361 -0.502062 0.000000
vt -2.799582 -0.524515 0.000000
vt -5.494672 -0.670450 0.000000
vt -2.796889 -0.693881 0.000000
vt -5.492075 -0.838837 0.000000
vt -2.794292 -0.863246 0.000000
vt -5.489592 -1.007225 0.000000
vt -2.791813 -1.032611 0.000000
vt -5.885651 -1.301042 0.000000
vt -5.926297 0.367936 0.000000
vt -5.867095 0.286176 0.000000
vt -5.981045 0.273353 0.000000
vt -5.864515 0.131763 0.000000
vt -5.978463 0.118968 0.000000
vt -5.861919 -0.022651 0.000000
vt -5.975867 -0.035418 0.000000
vt -5.859326 -0.177064 0.000000
vt -5.973276 -0.189803 0.000000
vt -5.901189 -0.272673 0.000000
vt -6.369335 -0.431033 0.000000
vt -6.297248 -0.516050 0.000000
vt -6.399695 -0.510509 0.000000
vt -6.397005 -0.679259 0.000000
vt -6.335431 4.834285 0.000000
vt -6.436276 4.674579 0.000000
vt -6.337893 4.661292 0.000000
vt -6.840104 4.386105 0.000000
vt -5.941834 4.352232 0.000000
vt -8.000000 4.288781 0.000000
vt -0.000000 4.288781 0.000000
vt -3.212014 4.202026 0.000000
vt -0.000000 3.915843 0.000000
vt -2.808187 3.922876 0.000000
vt -2.805708 3.753511 0.000000
vt -6.433811 4.846986 0.000000
vt -6.332833 5.007278 0.000000
vt -6.431214 5.019393 0.000000
vt -6.330125 5.180271 0.000000
vt -6.428508 5.191799 0.000000
vt -6.384873 5.277770 0.000000
vt -6.824567 5.437444 0.000000
vt -6.780932 5.520776 0.000000
vt -6.875250 5.523606 0.000000
vt -6.778348 5.675140 0.000000
vt -6.872666 5.677966 0.000000
vt -6.775753 5.829503 0.000000
vt -6.870071 5.832326 0.000000
vt -6.870071 -5.728735 0.000000
vt -6.775753 -5.731558 0.000000
vt -6.773163 -5.577194 0.000000
vt -6.867481 -5.574375 0.000000
vt -6.803523 -5.499636 0.000000
vt -7.263540 -5.332764 0.000000
vt -7.199582 -5.256015 0.000000
vt -8.000000 -5.407593 0.000000
vt -8.000000 -5.034656 0.000000
vt -7.196889 -5.086650 0.000000
vt -7.194292 -4.917285 0.000000
vt -5.926297 5.412594 0.000000
vt -5.981045 5.507178 0.000000
vt -5.867095 5.494354 0.000000
vt -5.864515 5.648768 0.000000
vt -5.471036 5.250575 0.000000
vt -5.530238 5.166047 0.000000
vt -2.828395 5.205957 0.000000
vt -2.831098 5.034253 0.000000
vt -5.532950 4.992313 0.000000
vt -2.833695 4.862549 0.000000
vt -5.535547 4.818578 0.000000
vt -2.836163 4.690846 0.000000
vt -5.538007 4.644843 0.000000
vt -2.440104 4.386105 0.000000
vt -1.541834 4.352232 0.000000
vt -0.000000 4.661718 0.000000
vt -2.375753 -0.048973 0.000000
vt -2.470071 -0.051796 0.000000
vt -2.373163 -0.203336 0.000000
vt -2.467481 -0.206156 0.000000
vt -2.403523 -0.280895 0.000000
vt -2.472666 0.102564 0.000000
vt -2.378348 0.105391 0.000000
vt -2.475250 0.256924 0.000000
vt -2.380932 0.259754 0.000000
vt -2.424567 0.343086 0.000000
vt -1.984873 0.502761 0.000000
vt -2.028508 0.588731 0.000000
vt -1.930125 0.600259 0.000000
vt -2.031214 0.761138 0.000000
vt -1.932833 0.773252 0.000000
vt -2.033811 0.933545 0.000000
vt -1.935431 0.946246 0.000000
vt -2.036276 1.105951 0.000000
vt -1.937893 1.119239 0.000000
vt -1.526297 0.367936 0.000000
vt -1.581045 0.273353 0.000000
vt -1.467095 0.286176 0.000000
vt -1.464515 0.131763 0.000000
vt -1.578463 0.118968 0.000000
vt -1.461919 -0.022651 0.000000
vt -1.575867 -0.035418 0.000000
vt -1.459326 -0.177064 0.000000
vt -1.573276 -0.189803 0.000000
vt -1.501189 -0.272673 0.000000
vt -1.969335 -0.431033 0.000000
vt -1.897248 -0.516050 0.000000
vt -1.999695 -0.510509 0.000000
vt -1.997005 -0.679259 0.000000
vt -2.378348 5.675140 0.000000
vt -2.475250 5.523606 0.000000
vt -2.380932 5.520776 0.000000
vt -2.424567 5.437444 0.000000
vt -1.984873 5.277770 0.000000
vt -2.028508 5.191799 0.000000
vt -1.930125 5.180271 0.000000
vt -2.031214 5.019393 0.000000
vt -1.932833 5.007278 0.000000
vt -2.033811 4.846986 0.000000
vt -1.935431 4.834285 0.000000
vt -2.036276 4.674579 0.000000
vt -1.937893 4.661292 0.000000
vt -2.472666 5.677966 0.000000
vt -2.375753 5.829503 0.000000
vt -2.470071 5.832326 0.000000
vt -2.470071 -5.728735 0.000000
vt -2.375753 -5.731558 0.000000
vt -2.373163 -5.577194 0.000000
vt -2.467481 -5.574375 0.000000
vt -2.403523 -5.499636 0.000000
vt -2.863540 -5.332764 0.000000
vt -2.799582 -5.256015 0.000000
vt -5.497361 -5.278468 0.000000
vt -5.494672 -5.110081 0.000000
vt -2.796889 -5.086650 0.000000
vt -5.492075 -4.941693 0.000000
vt -2.794292 -4.917285 0.000000
vt -5.489592 -4.773306 0.000000
vt -2.791813 -4.747919 0.000000
vt -5.885651 -4.479489 0.000000
vt -2.387986 -4.468769 0.000000
vt -6.787986 -4.468769 0.000000
vt -8.000000 -4.288781 0.000000
vt -8.000000 -4.661718 0.000000
vt -1.969335 -5.349497 0.000000
vt -1.999695 -5.270022 0.000000
vt -1.897248 -5.264481 0.000000
vt -1.997005 -5.101271 0.000000
vt -1.894556 -5.095489 0.000000
vt -1.994408 -4.932521 0.000000
vt -1.891959 -4.926497 0.000000
vt -1.991927 -4.763770 0.000000
vt -1.889479 -4.757506 0.000000
vt -1.485651 -4.479489 0.000000
vt -1.501189 -5.507858 0.000000
vt -1.573276 -5.590728 0.000000
vt -1.459326 -5.603466 0.000000
vt -1.575867 -5.745113 0.000000
vt -1.461919 -5.757880 0.000000
vt -1.461919 5.803181 0.000000
vt -1.575867 5.815948 0.000000
vt -1.578463 5.661563 0.000000
vt -1.464515 5.648768 0.000000
vt -1.581045 5.507178 0.000000
vt -1.467095 5.494354 0.000000
vt -1.526297 5.412594 0.000000
vt -1.071036 5.250575 0.000000
vt -1.130238 5.166047 0.000000
vt -0.000000 5.034656 0.000000
vt -1.132950 4.992313 0.000000
vt -1.135547 4.818578 0.000000
vt -6.394408 -4.932521 0.000000
vt -6.291959 -4.926497 0.000000
vt -6.391927 -4.763770 0.000000
vt -6.289479 -4.757506 0.000000
vt -6.294556 -5.095489 0.000000
vt -6.397005 -5.101271 0.000000
vt -6.297248 -5.264481 0.000000
vt -6.399695 -5.270022 0.000000
vt -6.369335 -5.349497 0.000000
vt -7.191813 -4.747919 0.000000
vt -6.294556 -0.685042 0.000000
vt -6.394408 -0.848010 0.000000
vt -6.291959 -0.854033 0.000000
vt -6.391927 -1.016760 0.000000
vt -6.289479 -1.023025 0.000000
vt -5.455499 -5.376316 0.000000
vt -3.267368 -5.560828 0.000000
vt -5.059440 -5.616980 0.000000
vt -3.269956 -5.715176 0.000000
vt -5.062034 -5.771432 0.000000
vt -3.269956 5.845884 0.000000
vt -5.062034 5.789629 0.000000
vt -3.272552 5.691536 0.000000
vt -5.064630 5.635178 0.000000
vt -3.275137 5.537188 0.000000
vt -5.067208 5.480726 0.000000
vt -2.879078 5.294633 0.000000
vt -0.664630 5.635178 0.000000
vt -0.667208 5.480726 0.000000
vt -0.000000 5.407593 0.000000
vt -1.055499 -5.376316 0.000000
vt -1.097361 -5.278468 0.000000
vt -0.000000 -5.407593 0.000000
vt -0.000000 -5.034656 0.000000
vt -0.659440 -5.616980 0.000000
vt -0.000000 -5.780530 0.000000
vt -0.662034 -5.771432 0.000000
vt 0.000000 5.780530 0.000000
vt -0.662034 5.789629 0.000000
vt -0.667208 0.299804 0.000000
vt -0.000000 0.559406 0.000000
vt -1.071036 0.529956 0.000000
vt -1.130238 0.614483 0.000000
vt -0.000000 0.186469 0.000000
vt -0.664630 0.145353 0.000000
vt -0.662034 -0.009099 0.000000
vt -0.000000 -0.186469 0.000000
vt -0.659440 -0.163551 0.000000
vt -1.055499 -0.404214 0.000000
vt -1.097361 -0.502062 0.000000
vt -0.000000 -0.559406 0.000000
vt -1.094672 -0.670450 0.000000
vt -0.000000 -0.932344 0.000000
vt -1.092075 -0.838837 0.000000
vt -1.089592 -1.007225 0.000000
vt -5.901189 -5.507858 0.000000
vt -5.973276 -5.590728 0.000000
vt -5.859326 -5.603466 0.000000
vt -5.975867 -5.745113 0.000000
vt -5.861919 -5.757880 0.000000
vt -5.861919 5.803181 0.000000
vt -5.975867 5.815948 0.000000
vt -5.978463 5.661563 0.000000
vt -8.000000 -0.186469 0.000000
vt -7.667368 -0.219702 0.000000
vt -7.669956 -0.065354 0.000000
vt -8.000000 0.186469 0.000000
vt -7.672552 0.088994 0.000000
vt -7.675137 0.243343 0.000000
vt -7.279078 0.485897 0.000000
vt -8.000000 0.559406 0.000000
vt -7.228395 0.574574 0.000000
vt -7.231098 0.746277 0.000000
vt -7.667368 -5.560828 0.000000
vt -8.000000 -5.780530 0.000000
vt -7.669956 -5.715176 0.000000
vt -7.672552 -5.869525 0.000000
vt -7.672552 5.691536 0.000000
vt -8.000000 5.780530 0.000000
vt -7.675137 5.537188 0.000000
vt -8.000000 5.407593 0.000000
vt -7.279078 5.294633 0.000000
vt -7.228395 5.205957 0.000000
vt -1.089592 -4.773306 0.000000
vt -0.000000 -4.661718 0.000000
vt -0.000000 -4.288781 0.000000
vt -1.092075 -4.941693 0.000000
vt -1.094672 -5.110081 0.000000
vt -1.485651 -1.301042 0.000000
vt -1.889479 -1.023025 0.000000
vt -1.991927 -1.016760 0.000000
vt -1.891959 -0.854033 0.000000
vt -1.994408 -0.848010 0.000000
vt -1.894556 -0.685042 0.000000
vt -8.000000 1.305281 0.000000
vt -7.236163 1.089685 0.000000
vt -8.000000 0.932344 0.000000
vt -7.233695 0.917981 0.000000
vt -8.000000 4.661718 0.000000
vt -7.236163 4.690846 0.000000
vt -7.233695 4.862549 0.000000
vt -8.000000 5.034656 0.000000
vt -7.231098 5.034253 0.000000
vt -1.138007 1.135687 0.000000
vt -0.000000 1.305281 0.000000
vt -0.000000 1.678219 0.000000
vt -2.763837 1.800580 0.000000
vt -0.000000 2.051156 0.000000
vt -2.766305 1.972284 0.000000
vt -2.768902 2.143988 0.000000
vt -2.771605 2.315692 0.000000
vt -0.000000 2.424093 0.000000
vt -2.720922 2.404368 0.000000
vt -1.886420 2.480720 0.000000
vt -2.324863 2.646922 0.000000
vt -1.886420 2.749535 0.000000
vt -2.327448 2.801271 0.000000
vt -2.330044 2.955619 0.000000
vt -1.886420 3.018350 0.000000
vt -2.332632 3.109968 0.000000
vt -1.886420 3.287164 0.000000
vt -0.000000 0.932344 0.000000
vt -1.135547 0.961952 0.000000
vt -1.132950 0.788218 0.000000
vt -1.138007 4.644843 0.000000
vt -2.803111 3.584146 0.000000
vt -3.630665 3.321299 0.000000
vt -3.600305 3.400774 0.000000
vt -3.702752 3.406315 0.000000
vt -3.602995 3.569525 0.000000
vt -3.705444 3.575307 0.000000
vt -3.605592 3.738275 0.000000
vt -3.708041 3.744298 0.000000
vt -3.608073 3.907025 0.000000
vt -3.710521 3.913290 0.000000
vt -4.114349 4.191307 0.000000
vt -2.805708 -3.753511 0.000000
vt -2.808187 -3.922876 0.000000
vt -0.000000 -3.915843 0.000000
vt -3.212014 -4.202026 0.000000
vt -4.114349 -4.191307 0.000000
vt -3.608073 -3.907025 0.000000
vt -3.710521 -3.913290 0.000000
vt -3.708041 -3.744298 0.000000
vt -3.605592 -3.738275 0.000000
vt -3.705444 -3.575307 0.000000
vt -3.602995 -3.569525 0.000000
vt -3.702752 -3.406315 0.000000
vt -3.600305 -3.400774 0.000000
vt -3.630665 -3.321299 0.000000
vt -3.196477 -3.171160 0.000000
vt -3.226837 -3.093601 0.000000
vt -3.132519 -3.096421 0.000000
vt -3.129929 -2.942061 0.000000
vt -2.736460 -3.338032 0.000000
vt -2.800418 -3.414781 0.000000
vt -1.086420 -3.287164 0.000000
vt -0.000000 -3.542906 0.000000
vt -0.000000 -3.169968 0.000000
vt -2.803111 -3.584146 0.000000
vt -4.098811 3.162938 0.000000
vt -4.140674 3.067330 0.000000
vt -4.026724 3.080068 0.000000
vt -4.024133 2.925683 0.000000
vt -4.138081 2.912916 0.000000
vt -4.021537 2.771298 0.000000
vt -4.135485 2.758503 0.000000
vt -4.018955 2.616912 0.000000
vt -4.132905 2.604089 0.000000
vt -4.073703 2.522329 0.000000
vt -4.098811 -3.162938 0.000000
vt -4.140674 -3.067330 0.000000
vt -4.026724 -3.080068 0.000000
vt -4.024133 -2.925683 0.000000
vt -4.073703 -2.522329 0.000000
vt -4.132905 -2.604089 0.000000
vt -4.018955 -2.616912 0.000000
vt -4.135485 -2.758503 0.000000
vt -4.021537 -2.771298 0.000000
vt -4.138081 -2.912916 0.000000
vt -3.615127 -2.387505 0.000000
vt -3.669875 -2.290006 0.000000
vt -3.571492 -2.301534 0.000000
vt -3.568786 -2.129127 0.000000
vt -3.175433 -2.547179 0.000000
vt -3.219068 -2.630511 0.000000
vt -3.124750 -2.633341 0.000000
vt -3.221652 -2.784874 0.000000
vt -3.127334 -2.787701 0.000000
vt -3.224247 -2.939238 0.000000
vt -1.886420 -3.287164 0.000000
vt -2.332632 -3.109968 0.000000
vt -1.886420 -3.018350 0.000000
vt -2.330044 -2.955619 0.000000
vt -1.886420 -2.749535 0.000000
vt -2.327448 -2.801271 0.000000
vt -2.324863 -2.646922 0.000000
vt -1.886420 -2.480720 0.000000
vt -2.720922 -2.404368 0.000000
vt -0.000000 -2.424093 0.000000
vt -2.771605 -2.315692 0.000000
vt -3.662107 -1.771027 0.000000
vt -3.563724 -1.784314 0.000000
vt -3.664569 -1.944020 0.000000
vt -3.566189 -1.956721 0.000000
vt -3.667167 -2.117013 0.000000
vt -4.510408 -3.897490 0.000000
vt -1.086420 -2.749535 0.000000
vt -0.000000 -2.797031 0.000000
vt -1.086420 -2.480720 0.000000
vt -1.086420 -3.018350 0.000000
vt 1.525514 2.853018 0.000000
vt 2.332632 2.921548 0.000000
vt 1.496669 2.855870 0.000000
vt 0.000000 2.881888 0.000000
vt 1.467823 2.853018 0.000000
vt 1.439254 2.844404 0.000000
vt 1.412993 2.830227 0.000000
vt 1.390606 2.811808 0.000000
vt 1.372230 2.789385 0.000000
vt 1.358096 2.763100 0.000000
vt 1.349512 2.734521 0.000000
vt 1.346669 2.705674 0.000000
vt 0.000000 2.521652 0.000000
vt 1.349508 2.676827 0.000000
vt 1.358089 2.648247 0.000000
vt 1.372223 2.621963 0.000000
vt 1.390600 2.599541 0.000000
vt 1.412990 2.581124 0.000000
vt 1.439252 2.566950 0.000000
vt 1.467823 2.558339 0.000000
vt 1.496669 2.555488 0.000000
vt 2.324863 2.458324 0.000000
vt 2.327448 2.612732 0.000000
vt 1.554084 2.844404 0.000000
vt 2.330044 2.767140 0.000000
vt 1.580345 2.830227 0.000000
vt 1.602732 2.811808 0.000000
vt 1.621108 2.789385 0.000000
vt 1.635242 2.763100 0.000000
vt 1.643826 2.734521 0.000000
vt 1.646669 2.705674 0.000000
vt 1.643830 2.676827 0.000000
vt 1.635248 2.648247 0.000000
vt 1.621115 2.621963 0.000000
vt 1.602738 2.599541 0.000000
vt 1.580348 2.581124 0.000000
vt 1.554086 2.566950 0.000000
vt 1.525515 2.558339 0.000000
vt 1.467823 -2.853018 0.000000
vt 0.000000 -2.881888 0.000000
vt 1.496669 -2.855870 0.000000
vt 2.332632 -2.921548 0.000000
vt 1.525514 -2.853018 0.000000
vt 1.554084 -2.844404 0.000000
vt 2.330044 -2.767140 0.000000
vt 1.580345 -2.830227 0.000000
vt 1.602732 -2.811808 0.000000
vt 1.621108 -2.789385 0.000000
vt 1.635242 -2.763100 0.000000
vt 1.643826 -2.734521 0.000000
vt 1.646669 -2.705674 0.000000
vt 1.643830 -2.676827 0.000000
vt 2.327448 -2.612732 0.000000
vt 1.635248 -2.648247 0.000000
vt 1.621115 -2.621963 0.000000
vt 1.602738 -2.599541 0.000000
vt 1.580348 -2.581124 0.000000
vt 1.554086 -2.566950 0.000000
vt 1.525515 -2.558339 0.000000
vt 1.496669 -2.555488 0.000000
vt 2.324863 -2.458324 0.000000
vt 0.000000 -2.521652 0.000000
vt 0.000000 -2.161416 0.000000
vt 2.720922 -2.215030 0.000000
vt 2.771605 -2.125783 0.000000
vt 3.175433 -2.358392 0.000000
vt 3.124750 -2.444724 0.000000
vt 3.219068 -2.441890 0.000000
vt 3.221651 -2.596315 0.000000
vt 3.127333 -2.599145 0.000000
vt 3.224247 -2.750740 0.000000
vt 3.129929 -2.753567 0.000000
vt 3.226837 -2.905166 0.000000
vt 3.132519 -2.907988 0.000000
vt 3.196477 -2.982824 0.000000
vt 2.736460 -3.150193 0.000000
vt 2.800418 -3.227351 0.000000
vt 0.000000 -3.242124 0.000000
vt 2.803130 -3.399423 0.000000
vt 0.000000 -3.602360 0.000000
vt 2.805728 -3.571495 0.000000
vt 2.808187 -3.743567 0.000000
vt 0.000000 -3.962596 0.000000
vt 3.212014 -4.034662 0.000000
vt 1.485651 -4.081988 0.000000
vt 2.387986 -4.070647 0.000000
vt 2.197198 -4.224352 0.000000
vt 1.889479 -4.371611 0.000000
vt 1.991927 -4.378056 0.000000
vt 1.891939 -4.543232 0.000000
vt 1.994388 -4.549387 0.000000
vt 1.894537 -4.714854 0.000000
vt 1.996986 -4.720718 0.000000
vt 1.897248 -4.886475 0.000000
vt 1.999695 -4.892049 0.000000
vt 1.969335 -4.971922 0.000000
vt 2.403523 -5.122485 0.000000
vt 2.373163 -5.200143 0.000000
vt 2.467481 -5.197321 0.000000
vt 2.470071 -5.351742 0.000000
vt 2.375753 -5.354569 0.000000
vt 2.472667 -5.506164 0.000000
vt 2.378349 -5.508994 0.000000
vt 2.472667 5.300915 0.000000
vt 2.378349 5.298085 0.000000
vt 2.475250 5.146494 0.000000
vt 2.380932 5.143659 0.000000
vt 2.424567 5.060161 0.000000
vt 1.984873 4.899843 0.000000
vt 2.028508 4.813285 0.000000
vt 1.930125 4.801662 0.000000
vt 2.031236 4.637524 0.000000
vt 1.932856 4.625186 0.000000
vt 2.033835 4.461763 0.000000
vt 1.935455 4.448709 0.000000
vt 2.036276 4.286002 0.000000
vt 1.937893 4.272232 0.000000
vt 2.246292 4.134306 0.000000
vt 1.731071 4.109218 0.000000
vt 2.440104 3.982609 0.000000
vt 1.541834 3.946204 0.000000
vt 2.808187 3.743567 0.000000
vt 0.000000 3.962596 0.000000
vt 0.000000 3.602360 0.000000
vt 1.439254 -2.844404 0.000000
vt 1.412993 -2.830227 0.000000
vt 1.390606 -2.811808 0.000000
vt 1.372230 -2.789385 0.000000
vt 1.358096 -2.763100 0.000000
vt 1.349512 -2.734521 0.000000
vt 1.346669 -2.705674 0.000000
vt 1.349508 -2.676827 0.000000
vt 1.358089 -2.648247 0.000000
vt 1.372223 -2.621963 0.000000
vt 1.390600 -2.599541 0.000000
vt 1.412990 -2.581124 0.000000
vt 1.439252 -2.566950 0.000000
vt 1.467823 -2.558339 0.000000
vt 6.972342 1.829985 0.000000
vt 4.467026 1.908162 0.000000
vt 6.780800 1.829985 0.000000
vt 4.464428 1.730778 0.000000
vt 6.780800 1.791800 0.000000
vt 6.780800 1.753616 0.000000
vt 6.780800 1.715431 0.000000
vt 6.972342 1.671423 0.000000
vt 6.972342 1.715431 0.000000
vt 6.972342 1.955694 0.000000
vt 4.469762 2.085547 0.000000
vt 6.972342 2.081402 0.000000
vt 4.528964 2.170713 0.000000
vt 6.972342 2.207111 0.000000
vt 7.360336 2.235497 0.000000
vt 7.062383 2.207111 0.000000
vt 8.000000 2.161416 0.000000
vt 7.327992 2.008214 0.000000
vt 8.000000 1.801180 0.000000
vt 7.580800 1.809317 0.000000
vt 7.580800 1.778022 0.000000
vt 7.580800 1.746727 0.000000
vt 7.580800 1.715431 0.000000
vt 8.000000 1.440944 0.000000
vt 7.062383 1.583406 0.000000
vt 6.972342 1.583406 0.000000
vt 7.062383 1.715431 0.000000
vt 7.062383 1.671423 0.000000
vt 7.062383 1.627414 0.000000
vt 4.461993 1.553393 0.000000
vt 6.972342 1.627414 0.000000
vt 6.972342 -1.829985 0.000000
vt 6.780800 -1.829985 0.000000
vt 6.972342 -1.955694 0.000000
vt 4.467026 -1.908162 0.000000
vt 4.469762 -2.085547 0.000000
vt 4.464428 -1.730778 0.000000
vt 6.780800 -1.791800 0.000000
vt 6.780800 -1.753616 0.000000
vt 6.780800 -1.715431 0.000000
vt 6.972342 -1.671423 0.000000
vt 6.972342 -1.627414 0.000000
vt 6.972342 -1.715431 0.000000
vt 4.461993 -1.553393 0.000000
vt 6.972342 -1.583406 0.000000
vt 7.062383 -1.583406 0.000000
vt 7.062383 -1.627414 0.000000
vt 7.580800 -1.715431 0.000000
vt 8.000000 -1.801180 0.000000
vt 8.000000 -1.440944 0.000000
vt 7.062383 -1.671423 0.000000
vt 7.062383 -1.715431 0.000000
vt 7.580800 -1.746727 0.000000
vt 7.580800 -1.778022 0.000000
vt 7.580800 -1.809317 0.000000
vt 7.327992 -2.008214 0.000000
vt 8.000000 -2.161416 0.000000
vt 7.062383 -2.207111 0.000000
vt 7.360336 -2.235497 0.000000
vt 6.972342 -2.207111 0.000000
vt 4.528964 -2.170713 0.000000
vt 6.972342 -2.081402 0.000000
vt 6.780800 -2.552048 0.000000
vt 5.740926 -2.654749 0.000000
vt 7.360336 -2.772721 0.000000
vt 5.739418 -2.670132 0.000000
vt 5.734848 -2.685374 0.000000
vt 6.780800 -2.521286 0.000000
vt 4.935369 -2.556298 0.000000
vt 5.660926 -2.574672 0.000000
vt 5.676308 -2.576191 0.000000
vt 6.780800 -2.490524 0.000000
vt 4.932792 -2.401771 0.000000
vt 6.780800 -2.459762 0.000000
vt 7.360336 -2.270154 0.000000
vt 7.360336 -2.304811 0.000000
vt 7.360336 -2.339469 0.000000
vt 8.000000 -2.521652 0.000000
vt 7.006721 -2.470229 0.000000
vt 6.896489 -2.507074 0.000000
vt 7.013269 -2.544378 0.000000
vt 7.360336 -2.669016 0.000000
vt 7.360336 -2.703584 0.000000
vt 7.360336 -2.738153 0.000000
vt 7.580800 -2.809333 0.000000
vt 8.000000 -2.881888 0.000000
vt 7.486393 -2.809333 0.000000
vt 5.660926 -2.734790 0.000000
vt 4.940560 -2.865351 0.000000
vt 4.937965 -2.710825 0.000000
vt 5.645542 -2.733275 0.000000
vt 5.630301 -2.728696 0.000000
vt 7.360336 2.772721 0.000000
vt 4.937965 2.710825 0.000000
vt 6.780800 2.552048 0.000000
vt 4.935369 2.556298 0.000000
vt 6.780800 2.521286 0.000000
vt 6.780800 2.490524 0.000000
vt 4.932792 2.401771 0.000000
vt 6.780800 2.459762 0.000000
vt 7.360336 2.738153 0.000000
vt 7.580800 2.809333 0.000000
vt 7.486393 2.809333 0.000000
vt 4.940560 2.865351 0.000000
vt 7.486393 2.898521 0.000000
vt 7.486393 2.987708 0.000000
vt 7.360336 2.703584 0.000000
vt 8.000000 2.521652 0.000000
vt 8.000000 2.881888 0.000000
vt 7.360336 2.669016 0.000000
vt 7.013269 2.544378 0.000000
vt 6.896489 2.507074 0.000000
vt 7.006721 2.470229 0.000000
vt 7.360336 2.339469 0.000000
vt 7.360336 2.304811 0.000000
vt 7.360336 2.270154 0.000000
vt 6.780800 3.149748 0.000000
vt 6.780800 3.186173 0.000000
vt 4.502639 3.204764 0.000000
vt 7.486393 3.186173 0.000000
vt 7.486393 3.280287 0.000000
vt 4.505346 3.375658 0.000000
vt 7.486393 3.374400 0.000000
vt 7.486393 3.468513 0.000000
vt 4.507944 3.546553 0.000000
vt 7.580800 3.468513 0.000000
vt 8.000000 3.602360 0.000000
vt 8.000000 3.242124 0.000000
vt 7.580800 3.248787 0.000000
vt 7.580800 3.029060 0.000000
vt 7.486393 3.076896 0.000000
vt 6.780800 3.076896 0.000000
vt 4.544501 3.106464 0.000000
vt 6.780800 3.113322 0.000000
vt 7.486393 -3.280287 0.000000
vt 7.486393 -3.186173 0.000000
vt 4.502639 -3.204764 0.000000
vt 6.780800 -3.186173 0.000000
vt 6.780800 -3.149748 0.000000
vt 4.544501 -3.106464 0.000000
vt 6.780800 -3.113322 0.000000
vt 6.780800 -3.076896 0.000000
vt 7.486393 -3.076896 0.000000
vt 7.486393 -2.987708 0.000000
vt 7.486393 -2.898521 0.000000
vt 7.580800 -3.029060 0.000000
vt 8.000000 -3.242124 0.000000
vt 7.580800 -3.248787 0.000000
vt 7.580800 -3.468513 0.000000
vt 8.000000 -3.602360 0.000000
vt 7.486393 -3.468513 0.000000
vt 4.507944 -3.546553 0.000000
vt 4.505346 -3.375658 0.000000
vt 7.486393 -3.374400 0.000000
vt 6.332856 4.625186 0.000000
vt 6.431236 4.637524 0.000000
vt 6.330125 4.801662 0.000000
vt 6.428508 4.813285 0.000000
vt 6.384873 4.899843 0.000000
vt 6.824567 5.060161 0.000000
vt 6.780932 5.143659 0.000000
vt 6.875250 5.146494 0.000000
vt 6.778349 5.298085 0.000000
vt 6.872667 5.300915 0.000000
vt 6.778349 -5.508994 0.000000
vt 6.872667 -5.506164 0.000000
vt 6.775753 -5.354569 0.000000
vt 6.870071 -5.351742 0.000000
vt 6.773163 -5.200143 0.000000
vt 6.867481 -5.197321 0.000000
vt 6.803523 -5.122485 0.000000
vt 7.263540 -4.955116 0.000000
vt 7.199582 -4.877958 0.000000
vt 8.000000 -5.043303 0.000000
vt 8.000000 -4.683067 0.000000
vt 6.433835 4.461763 0.000000
vt 6.335455 4.448709 0.000000
vt 6.436276 4.286002 0.000000
vt 6.337893 4.272232 0.000000
vt 6.646292 4.134306 0.000000
vt 6.131071 4.109218 0.000000
vt 6.840104 3.982609 0.000000
vt 5.941834 3.946204 0.000000
vt 8.000000 3.962596 0.000000
vt 4.305262 3.870384 0.000000
vt 4.510408 3.717447 0.000000
vt 4.114349 4.023321 0.000000
vt 5.748501 4.100683 0.000000
vt 3.212014 4.034662 0.000000
vt 2.629829 4.142724 0.000000
vt 5.538007 4.255163 0.000000
vt 2.836163 4.302839 0.000000
vt 5.535572 4.432547 0.000000
vt 2.833718 4.477744 0.000000
vt 5.532974 4.609932 0.000000
vt 2.831119 4.652648 0.000000
vt 5.530238 4.787316 0.000000
vt 2.828395 4.827553 0.000000
vt 5.471036 4.872483 0.000000
vt 2.879078 4.916799 0.000000
vt 5.067208 5.103541 0.000000
vt 3.275137 5.160093 0.000000
vt 5.064631 5.258068 0.000000
vt 3.272552 5.314501 0.000000
vt 5.062035 5.412594 0.000000
vt 3.269956 5.468910 0.000000
vt 3.269956 -5.338169 0.000000
vt 5.062035 -5.394484 0.000000
vt 5.059440 -5.239958 0.000000
vt 3.267368 -5.183761 0.000000
vt 5.455499 -4.998845 0.000000
vt 2.863540 -4.955116 0.000000
vt 5.497361 -4.900545 0.000000
vt 2.799582 -4.877958 0.000000
vt 5.494654 -4.729651 0.000000
vt 2.796870 -4.705886 0.000000
vt 5.492056 -4.558756 0.000000
vt 2.794272 -4.533814 0.000000
vt 5.489592 -4.387862 0.000000
vt 2.791813 -4.361742 0.000000
vt 5.694738 -4.234925 0.000000
vt 5.885651 -4.081988 0.000000
vt 6.787986 -4.070647 0.000000
vt 6.597198 -4.224352 0.000000
vt 6.289479 -4.371611 0.000000
vt 6.391927 -4.378056 0.000000
vt 6.291939 -4.543232 0.000000
vt 6.394388 -4.549387 0.000000
vt 6.294537 -4.714854 0.000000
vt 6.396986 -4.720718 0.000000
vt 6.297248 -4.886475 0.000000
vt 6.399695 -4.892049 0.000000
vt 6.369335 -4.971922 0.000000
vt 5.926297 5.035242 0.000000
vt 5.867095 5.117195 0.000000
vt 5.981045 5.130040 0.000000
vt 5.864516 5.271678 0.000000
vt 5.978464 5.284490 0.000000
vt 5.861920 5.426160 0.000000
vt 5.975868 5.438941 0.000000
vt 5.861920 -5.380918 0.000000
vt 5.975868 -5.368138 0.000000
vt 5.859326 -5.226435 0.000000
vt 5.973276 -5.213688 0.000000
vt 5.901189 -5.130721 0.000000
vt 6.335455 0.954831 0.000000
vt 6.436276 1.117537 0.000000
vt 6.337893 1.131308 0.000000
vt 6.646292 1.269234 0.000000
vt 6.131071 1.294321 0.000000
vt 6.840104 1.420931 0.000000
vt 5.941834 1.457335 0.000000
vt 6.433835 0.941776 0.000000
vt 6.332856 0.778354 0.000000
vt 6.431236 0.766015 0.000000
vt 6.330125 0.601877 0.000000
vt 6.428508 0.590254 0.000000
vt 6.384873 0.503696 0.000000
vt 6.824567 0.343378 0.000000
vt 6.780932 0.259880 0.000000
vt 6.875250 0.257046 0.000000
vt 6.778349 0.105455 0.000000
vt 6.872667 0.102624 0.000000
vt 6.775753 -0.048971 0.000000
vt 6.870071 -0.051797 0.000000
vt 6.773163 -0.203396 0.000000
vt 6.867481 -0.206218 0.000000
vt 6.803523 -0.281054 0.000000
vt 7.263540 -0.448423 0.000000
vt 7.199582 -0.525581 0.000000
vt 8.000000 -0.360236 0.000000
vt 8.000000 -0.720472 0.000000
vt 7.196870 -0.697653 0.000000
vt 7.194272 -0.869725 0.000000
vt 5.926297 0.368297 0.000000
vt 5.981045 0.273499 0.000000
vt 5.867095 0.286345 0.000000
vt 5.864516 0.131862 0.000000
vt 5.471036 0.531056 0.000000
vt 5.530238 0.616223 0.000000
vt 2.828395 0.575986 0.000000
vt 2.831119 0.750891 0.000000
vt 5.532974 0.793607 0.000000
vt 2.833718 0.925796 0.000000
vt 5.535572 0.970992 0.000000
vt 2.836163 1.100700 0.000000
vt 5.538007 1.148377 0.000000
vt 4.058166 1.244434 0.000000
vt 5.748501 1.302856 0.000000
vt 4.251499 1.398914 0.000000
vt 1.526297 5.035242 0.000000
vt 1.581045 5.130040 0.000000
vt 1.467095 5.117195 0.000000
vt 1.464516 5.271678 0.000000
vt 1.578464 5.284490 0.000000
vt 1.461920 5.426160 0.000000
vt 1.575868 5.438941 0.000000
vt 1.461920 -5.380918 0.000000
vt 1.575868 -5.368138 0.000000
vt 1.459326 -5.226435 0.000000
vt 1.573276 -5.213688 0.000000
vt 1.501189 -5.130721 0.000000
vt 2.378349 0.105455 0.000000
vt 2.475250 0.257046 0.000000
vt 2.380932 0.259880 0.000000
vt 2.424567 0.343378 0.000000
vt 1.984873 0.503696 0.000000
vt 2.028508 0.590254 0.000000
vt 1.930125 0.601877 0.000000
vt 2.031236 0.766015 0.000000
vt 1.932856 0.778354 0.000000
vt 2.033835 0.941776 0.000000
vt 1.935455 0.954831 0.000000
vt 2.036276 1.117537 0.000000
vt 1.937893 1.131308 0.000000
vt 2.246292 1.269234 0.000000
vt 1.731071 1.294321 0.000000
vt 2.440104 1.420931 0.000000
vt 1.541834 1.457335 0.000000
vt 2.970171 1.440954 0.000000
vt 2.763837 1.601070 0.000000
vt 2.472667 0.102624 0.000000
vt 2.375753 -0.048971 0.000000
vt 2.470071 -0.051797 0.000000
vt 2.373163 -0.203396 0.000000
vt 2.467481 -0.206218 0.000000
vt 2.403523 -0.281054 0.000000
vt 2.863540 -0.448423 0.000000
vt 2.799582 -0.525581 0.000000
vt 5.497361 -0.502994 0.000000
vt 5.494654 -0.673889 0.000000
vt 2.796870 -0.697653 0.000000
vt 5.492056 -0.844783 0.000000
vt 2.794272 -0.869725 0.000000
vt 5.489592 -1.015678 0.000000
vt 2.791813 -1.041797 0.000000
vt 5.694738 -1.168614 0.000000
vt 3.159896 -1.280839 0.000000
vt 4.058166 -1.244434 0.000000
vt 3.868929 -1.407448 0.000000
vt 3.353708 -1.432536 0.000000
vt 3.662107 -1.570462 0.000000
vt 3.563724 -1.584233 0.000000
vt 3.664545 -1.746939 0.000000
vt 3.566165 -1.759994 0.000000
vt 3.667144 -1.923416 0.000000
vt 3.568764 -1.935754 0.000000
vt 3.669875 -2.099893 0.000000
vt 3.571492 -2.111515 0.000000
vt 3.615127 -2.198073 0.000000
vt 1.969335 -0.431618 0.000000
vt 1.999695 -0.511490 0.000000
vt 1.897248 -0.517064 0.000000
vt 1.996986 -0.682821 0.000000
vt 1.894537 -0.688686 0.000000
vt 1.994388 -0.854152 0.000000
vt 1.891939 -0.860307 0.000000
vt 1.991927 -1.025483 0.000000
vt 1.889479 -1.031929 0.000000
vt 2.197198 -1.179188 0.000000
vt 1.485651 -1.321551 0.000000
vt 2.387986 -1.332892 0.000000
vt 0.000000 -1.440944 0.000000
vt 2.970171 -1.440954 0.000000
vt 2.763837 -1.601070 0.000000
vt 0.000000 -1.801180 0.000000
vt 2.766282 -1.775974 0.000000
vt 2.768881 -1.950879 0.000000
vt 1.501189 -0.272818 0.000000
vt 1.573276 -0.189852 0.000000
vt 1.459326 -0.177104 0.000000
vt 1.575868 -0.035401 0.000000
vt 1.461920 -0.022621 0.000000
vt 1.578464 0.119049 0.000000
vt 1.464516 0.131862 0.000000
vt 1.581045 0.273499 0.000000
vt 1.467095 0.286345 0.000000
vt 1.526297 0.368297 0.000000
vt 1.071036 0.531056 0.000000
vt 1.130238 0.616223 0.000000
vt 0.000000 0.720472 0.000000
vt 1.132974 0.793607 0.000000
vt 1.135572 0.970992 0.000000
vt 6.394388 -0.854152 0.000000
vt 6.291939 -0.860307 0.000000
vt 6.391927 -1.025483 0.000000
vt 6.289479 -1.031929 0.000000
vt 6.597198 -1.179188 0.000000
vt 5.885651 -1.321551 0.000000
vt 6.787986 -1.332892 0.000000
vt 4.251499 -1.398914 0.000000
vt 6.294537 -0.688686 0.000000
vt 6.396986 -0.682821 0.000000
vt 6.297248 -0.517064 0.000000
vt 6.399695 -0.511490 0.000000
vt 6.369335 -0.431618 0.000000
vt 8.000000 -1.080708 0.000000
vt 7.191813 -1.041797 0.000000
vt 7.191813 -4.361742 0.000000
vt 8.000000 -4.322831 0.000000
vt 8.000000 -3.962596 0.000000
vt 4.114349 -4.023321 0.000000
vt 4.305262 -3.870384 0.000000
vt 4.510408 -3.717447 0.000000
vt 7.194272 -4.533814 0.000000
vt 7.196870 -4.705886 0.000000
vt 5.455499 -0.404694 0.000000
vt 3.267368 -0.219778 0.000000
vt 5.059440 -0.163582 0.000000
vt 3.269956 -0.065370 0.000000
vt 5.062035 -0.009055 0.000000
vt 3.272552 0.089038 0.000000
vt 5.064631 0.145472 0.000000
vt 3.275137 0.243446 0.000000
vt 5.067208 0.299998 0.000000
vt 2.879078 0.486740 0.000000
vt 0.664631 0.145472 0.000000
vt 0.667208 0.299998 0.000000
vt 0.000000 0.360236 0.000000
vt 1.055499 -0.404694 0.000000
vt 1.097361 -0.502994 0.000000
vt 0.000000 -0.360236 0.000000
vt 0.000000 -0.720472 0.000000
vt 0.659440 -0.163582 0.000000
vt 0.000000 0.000000 0.000000
vt 0.662035 -0.009055 0.000000
vt 0.667208 5.103541 0.000000
vt 0.000000 5.043303 0.000000
vt 1.071036 4.872483 0.000000
vt 0.000000 4.683067 0.000000
vt 1.130238 4.787316 0.000000
vt 1.132974 4.609932 0.000000
vt 1.135572 4.432547 0.000000
vt 0.000000 4.322831 0.000000
vt 1.138007 4.255163 0.000000
vt 1.348501 4.100683 0.000000
vt 0.664631 5.258068 0.000000
vt 0.000000 5.403539 0.000000
vt 0.000000 -5.403539 0.000000
vt 0.664631 -5.549011 0.000000
vt 0.662035 -5.394484 0.000000
vt 0.659440 -5.239958 0.000000
vt 0.000000 -5.043303 0.000000
vt 1.055499 -4.998845 0.000000
vt 1.097361 -4.900545 0.000000
vt 5.901189 -0.272818 0.000000
vt 5.973276 -0.189852 0.000000
vt 5.859326 -0.177104 0.000000
vt 5.975868 -0.035401 0.000000
vt 5.861920 -0.022621 0.000000
vt 5.978464 0.119049 0.000000
vt 7.667368 -5.183761 0.000000
vt 8.000000 -5.403539 0.000000
vt 7.669956 -5.338169 0.000000
vt 8.000000 5.403539 0.000000
vt 7.669956 5.468910 0.000000
vt 7.672552 5.314501 0.000000
vt 7.675137 5.160093 0.000000
vt 8.000000 5.043303 0.000000
vt 7.279078 4.916799 0.000000
vt 8.000000 4.683067 0.000000
vt 7.228395 4.827553 0.000000
vt 7.231119 4.652648 0.000000
vt 7.667368 -0.219778 0.000000
vt 8.000000 0.000000 0.000000
vt 7.669956 -0.065370 0.000000
vt 7.672552 0.089038 0.000000
vt 7.675137 0.243446 0.000000
vt 8.000000 0.360236 0.000000
vt 7.279078 0.486740 0.000000
vt 7.228395 0.575986 0.000000
vt 3.159896 1.280839 0.000000
vt 2.629829 1.260815 0.000000
vt 1.294738 -1.168614 0.000000
vt 0.000000 -1.080708 0.000000
vt 1.089592 -1.015678 0.000000
vt 1.092056 -0.844783 0.000000
vt 1.094654 -0.673889 0.000000
vt 1.092056 -4.558756 0.000000
vt 1.089592 -4.387862 0.000000
vt 0.000000 -4.322831 0.000000
vt 1.294738 -4.234925 0.000000
vt 0.000000 -4.683067 0.000000
vt 1.094654 -4.729651 0.000000
vt 7.233718 4.477744 0.000000
vt 7.236163 4.302839 0.000000
vt 8.000000 4.322831 0.000000
vt 7.029829 4.142724 0.000000
vt 7.029829 1.260815 0.000000
vt 8.000000 1.080708 0.000000
vt 7.236163 1.100700 0.000000
vt 7.233718 0.925796 0.000000
vt 8.000000 0.720472 0.000000
vt 7.231119 0.750891 0.000000
vt 0.000000 1.080708 0.000000
vt 1.138007 1.148377 0.000000
vt 1.348501 1.302856 0.000000
vt 0.000000 1.440944 0.000000
vt 3.630665 -3.133387 0.000000
vt 3.600305 -3.213260 0.000000
vt 3.702752 -3.218834 0.000000
vt 3.603014 -3.384591 0.000000
vt 3.705463 -3.390455 0.000000
vt 3.605612 -3.555922 0.000000
vt 3.708061 -3.562077 0.000000
vt 3.608073 -3.727253 0.000000
vt 3.710521 -3.733698 0.000000
vt 3.402802 -3.880957 0.000000
vt 3.402802 3.880957 0.000000
vt 3.710521 3.733698 0.000000
vt 3.608073 3.727253 0.000000
vt 3.708061 3.562077 0.000000
vt 3.605612 3.555922 0.000000
vt 3.705463 3.390455 0.000000
vt 3.603014 3.384591 0.000000
vt 3.702752 3.218834 0.000000
vt 3.600305 3.213260 0.000000
vt 3.630665 3.133387 0.000000
vt 3.196477 2.982824 0.000000
vt 3.226837 2.905166 0.000000
vt 3.132519 2.907988 0.000000
vt 3.129929 2.753567 0.000000
vt 2.736460 3.150193 0.000000
vt 2.800418 3.227351 0.000000
vt 0.000000 3.242124 0.000000
vt 2.803130 3.399423 0.000000
vt 2.805728 3.571495 0.000000
vt 4.098811 -2.974588 0.000000
vt 4.140674 -2.878874 0.000000
vt 4.026724 -2.891621 0.000000
vt 4.024132 -2.737171 0.000000
vt 4.138080 -2.724391 0.000000
vt 4.021536 -2.582721 0.000000
vt 4.135484 -2.569908 0.000000
vt 4.018955 -2.428270 0.000000
vt 4.132905 -2.415425 0.000000
vt 4.073703 -2.333473 0.000000
vt 5.582446 -2.639365 0.000000
vt 5.587025 -2.624124 0.000000
vt 5.594562 -2.610108 0.000000
vt 4.098811 2.974588 0.000000
vt 4.140674 2.878874 0.000000
vt 4.026724 2.891621 0.000000
vt 4.024132 2.737171 0.000000
vt 4.073703 2.333473 0.000000
vt 4.132905 2.415425 0.000000
vt 4.018955 2.428270 0.000000
vt 4.135484 2.569908 0.000000
vt 4.021536 2.582721 0.000000
vt 4.138080 2.724391 0.000000
vt 3.615127 2.198073 0.000000
vt 3.669875 2.099893 0.000000
vt 3.571492 2.111515 0.000000
vt 3.568764 1.935754 0.000000
vt 3.175433 2.358392 0.000000
vt 3.219068 2.441890 0.000000
vt 3.124750 2.444724 0.000000
vt 3.221651 2.596315 0.000000
vt 3.127333 2.599145 0.000000
vt 3.224247 2.750740 0.000000
vt 2.720922 2.215030 0.000000
vt 2.771605 2.125783 0.000000
vt 0.000000 2.161416 0.000000
vt 2.768881 1.950879 0.000000
vt 0.000000 1.801180 0.000000
vt 2.766282 1.775974 0.000000
vt 3.868929 1.407448 0.000000
vt 3.353708 1.432536 0.000000
vt 3.662107 1.570462 0.000000
vt 3.563724 1.584233 0.000000
vt 3.664545 1.746939 0.000000
vt 3.566165 1.759994 0.000000
vt 3.667144 1.923416 0.000000
vt 5.616289 -2.721152 0.000000
vt 5.604343 -2.711343 0.000000
vt 5.594539 -2.699391 0.000000
vt 5.587004 -2.685374 0.000000
vt 5.582433 -2.670132 0.000000
vt 5.580926 -2.654749 0.000000
vt 5.604362 -2.598152 0.000000
vt 5.616301 -2.588334 0.000000
vt 5.630307 -2.580780 0.000000
vt 5.645544 -2.576191 0.000000
vt 5.691544 -2.580780 0.000000
vt 5.705550 -2.588334 0.000000
vt 5.717490 -2.598152 0.000000
vt 5.727289 -2.610108 0.000000
vt 5.734827 -2.624124 0.000000
vt 5.739406 -2.639365 0.000000
vt 5.727312 -2.699391 0.000000
vt 5.717508 -2.711343 0.000000
vt 5.705562 -2.721152 0.000000
vt 5.691550 -2.728696 0.000000
vt 5.676309 -2.733275 0.000000
vt 0.000000 -1.836857 0.000000
vt 0.000000 -1.716638 0.000000
vt -0.216940 -1.811172 0.000000
vt -0.217825 -1.688955 0.000000
vt -0.429306 -1.759956 0.000000
vt -0.430348 -1.633746 0.000000
vt -0.634106 -1.683933 0.000000
vt -0.634106 -1.551912 0.000000
vt 0.000000 -1.551912 0.000000
vt -0.094407 -1.551912 0.000000
vt 0.000000 -1.683933 0.000000
vt -0.094407 -1.683933 0.000000
vt -0.000000 -1.551912 0.000000
vt -0.085983 -1.590147 0.000000
vt -0.000000 -1.683933 0.000000
vt -0.086251 -1.719336 0.000000
vt -0.173929 -1.623622 0.000000
vt -0.174184 -1.750325 0.000000
vt -0.263574 -1.652238 0.000000
vt -0.263574 -1.776821 0.000000
vt 0.000000 -1.652238 0.000000
vt -0.705593 -1.652238 0.000000
vt 0.000000 -1.776821 0.000000
vt -0.705593 -1.776821 0.000000
vt -0.705593 1.652238 0.000000
vt -0.000000 1.652238 0.000000
vt -0.705593 1.776821 0.000000
vt -0.000000 1.776821 0.000000
vt -0.000000 -1.652238 0.000000
vt -0.035095 -1.661991 0.000000
vt -0.000000 -1.776821 0.000000
vt -0.035121 -1.785899 0.000000
vt -0.070389 -1.670998 0.000000
vt -0.070415 -1.794283 0.000000
vt -0.105866 -1.679255 0.000000
vt -0.105866 -1.801970 0.000000
vt -0.105866 1.801970 0.000000
vt -0.105866 1.679255 0.000000
vt -0.070415 1.794283 0.000000
vt -0.070389 1.670998 0.000000
vt -0.035121 1.785899 0.000000
vt -0.035095 1.661991 0.000000
vt -0.000000 1.776821 0.000000
vt -0.000000 1.652238 0.000000
vt -0.263574 1.776821 0.000000
vt -0.263574 1.652238 0.000000
vt -0.174184 1.750325 0.000000
vt -0.173929 1.623622 0.000000
vt -0.086251 1.719336 0.000000
vt -0.085983 1.590147 0.000000
vt -0.000000 1.683933 0.000000
vt -0.000000 1.551912 0.000000
vt -0.000000 -1.679255 0.000000
vt -0.705593 -1.679255 0.000000
vt -0.000000 -1.801970 0.000000
vt -0.705593 -1.801970 0.000000
vt -0.705593 1.679255 0.000000
vt -0.000000 1.679255 0.000000
vt -0.705593 1.801970 0.000000
vt -0.000000 1.801970 0.000000
vt -0.094407 1.551912 0.000000
vt -0.000000 1.551912 0.000000
vt -0.094407 1.683933 0.000000
vt -0.000000 1.683933 0.000000
vt -0.000000 -1.679255 0.000000
vt -0.087536 -1.696287 0.000000
vt -0.000000 -1.801970 0.000000
vt -0.087624 -1.817867 0.000000
vt -0.175837 -1.708759 0.000000
vt -0.175915 -1.829505 0.000000
vt -0.264666 -1.716638 0.000000
vt -0.264666 -1.836857 0.000000
vt -0.264666 1.836857 0.000000
vt -0.264666 1.716638 0.000000
vt -0.175915 1.829505 0.000000
vt -0.175837 1.708759 0.000000
vt -0.087624 1.817867 0.000000
vt -0.087536 1.696287 0.000000
vt -0.000000 1.801970 0.000000
vt -0.000000 1.679255 0.000000
vt -0.634106 1.551912 0.000000
vt -0.430348 1.633746 0.000000
vt -0.634106 1.683933 0.000000
vt -0.429306 1.759956 0.000000
vt -0.217825 1.688955 0.000000
vt -0.216940 1.811172 0.000000
vt -0.000000 1.716638 0.000000
vt -0.000000 1.836857 0.000000
vt -0.000000 -1.716638 0.000000
vt -0.094407 -1.716638 0.000000
vt -0.000000 -1.836857 0.000000
vt -0.094407 -1.836857 0.000000
vt -0.094407 1.716638 0.000000
vt -0.000000 1.716638 0.000000
vt -0.094407 1.836857 0.000000
vt -0.000000 1.836857 0.000000
vt -0.091678 1.703003 0.000000
vt -0.061183 1.707044 0.000000
vt -0.091678 1.824121 0.000000
vt -0.061175 1.827896 0.000000
vt -0.030620 1.710539 0.000000
vt -0.030612 1.831160 0.000000
vt -0.000000 1.713488 0.000000
vt -0.000000 1.833914 0.000000
vt -0.619666 1.657185 0.000000
vt -0.000000 1.703003 0.000000
vt -0.619666 1.781422 0.000000
vt -0.000000 1.824121 0.000000
vt -0.100955 1.804513 0.000000
vt -0.100955 1.681983 0.000000
vt -0.067161 1.797448 0.000000
vt -0.067139 1.674396 0.000000
vt -0.033505 1.789750 0.000000
vt -0.033483 1.666129 0.000000
vt -0.000000 1.781422 0.000000
vt -0.000000 1.657185 0.000000
vt -0.000000 1.681983 0.000000
vt -0.000000 1.804513 0.000000
vt -0.376337 1.704439 0.000000
vt -0.376337 1.825462 0.000000
vt -0.620054 1.713488 0.000000
vt -0.000000 1.718537 0.000000
vt -0.620054 1.833914 0.000000
vt -0.000000 1.838632 0.000000
vt -0.620054 -1.713488 0.000000
vt -0.620054 -1.833914 0.000000
vt -0.000000 -1.718537 0.000000
vt -0.000000 -1.838632 0.000000
vt -0.000000 -1.833914 0.000000
vt -0.000000 -1.713488 0.000000
vt -0.030612 -1.831160 0.000000
vt -0.030620 -1.710539 0.000000
vt -0.061175 -1.827896 0.000000
vt -0.061183 -1.707044 0.000000
vt -0.091678 -1.824121 0.000000
vt -0.091678 -1.703003 0.000000
vt -0.103683 1.718537 0.000000
vt -0.069132 1.719615 0.000000
vt -0.103683 1.838632 0.000000
vt -0.069131 1.839640 0.000000
vt -0.034567 1.719999 0.000000
vt -0.034566 1.839999 0.000000
vt -0.000000 1.839708 0.000000
vt -0.000000 1.719688 0.000000
vt 0.000000 -1.719688 0.000000
vt -0.034567 -1.719999 0.000000
vt -0.000000 -1.839708 0.000000
vt -0.034566 -1.839999 0.000000
vt -0.069131 -1.839640 0.000000
vt -0.069132 -1.719615 0.000000
vt -0.103683 -1.838632 0.000000
vt -0.103683 -1.718537 0.000000
vt -0.619666 -1.657185 0.000000
vt -0.619666 -1.781422 0.000000
vt -0.000000 -1.703003 0.000000
vt -0.000000 -1.824121 0.000000
vt -0.000000 1.712804 0.000000
vt -0.000000 1.833275 0.000000
vt -0.368695 1.719688 0.000000
vt -0.368695 1.839708 0.000000
vt -0.000000 -1.712804 0.000000
vt -0.368695 -1.719688 0.000000
vt -0.000000 -1.833275 0.000000
vt -0.368695 -1.839708 0.000000
vt 0.000000 -1.657185 0.000000
vt -0.033483 -1.666129 0.000000
vt -0.000000 -1.781422 0.000000
vt -0.033505 -1.789750 0.000000
vt -0.067139 -1.674396 0.000000
vt -0.067161 -1.797448 0.000000
vt -0.100955 -1.681983 0.000000
vt -0.100955 -1.804513 0.000000
vt 0.122534 1.708992 0.000000
vt 0.122534 1.829715 0.000000
vt -0.000000 1.712804 0.000000
vt -0.000000 1.833275 0.000000
vt 0.122534 -1.708992 0.000000
vt -0.000000 -1.712804 0.000000
vt 0.122534 -1.829715 0.000000
vt -0.000000 -1.833275 0.000000
vt 0.000000 -1.681983 0.000000
vt -0.376337 -1.704439 0.000000
vt -0.000000 -1.804513 0.000000
vt -0.376337 -1.825462 0.000000
vt 0.116138 1.704439 0.000000
vt 0.116138 1.825462 0.000000
vt -0.000000 1.708992 0.000000
vt -0.000000 1.829715 0.000000
vt 0.116138 -1.704439 0.000000
vt -0.000000 -1.708992 0.000000
vt 0.116138 -1.825462 0.000000
vt -0.000000 -1.829715 0.000000
vt -0.000000 -1.444856 0.000000
vt -0.518417 -1.444856 0.000000
vt -0.000000 -1.585815 0.000000
vt -0.518417 -1.585815 0.000000
vt 0.000000 -1.444856 0.000000
vt -0.026442 -1.461595 0.000000
vt 0.000000 -1.585815 0.000000
vt -0.026491 -1.601109 0.000000
vt -0.053185 -1.477850 0.000000
vt -0.053233 -1.615960 0.000000
vt -0.080218 -1.493616 0.000000
vt -0.080218 -1.630364 0.000000
vt 0.000000 -1.493616 0.000000
vt -0.309203 -1.582053 0.000000
vt 0.000000 -1.630364 0.000000
vt -0.310356 -1.712013 0.000000
vt -0.634063 -1.649359 0.000000
vt -0.634063 -1.774143 0.000000
vt 0.000000 -1.649359 0.000000
vt -0.090041 -1.649359 0.000000
vt 0.000000 -1.774143 0.000000
vt -0.090041 -1.774143 0.000000
vt -0.000000 -1.774143 0.000000
vt -0.000000 -1.649359 0.000000
vt -0.118631 -1.737170 0.000000
vt -0.119136 -1.609331 0.000000
vt -0.234496 -1.692274 0.000000
vt -0.235031 -1.560710 0.000000
vt -0.347067 -1.639660 0.000000
vt -0.347067 -1.503757 0.000000
vt 0.000000 -1.503757 0.000000
vt -0.191542 -1.503757 0.000000
vt 0.000000 -1.639660 0.000000
vt -0.191542 -1.639660 0.000000
vt -0.191542 1.503757 0.000000
vt -0.000000 1.503757 0.000000
vt -0.191542 1.639660 0.000000
vt -0.000000 1.639660 0.000000
vt -0.000000 -1.639660 0.000000
vt -0.000000 -1.503757 0.000000
vt -0.033104 -1.622377 0.000000
vt -0.033175 -1.484852 0.000000
vt -0.065851 -1.604427 0.000000
vt -0.065923 -1.465215 0.000000
vt -0.098227 -1.585815 0.000000
vt -0.098227 -1.444856 0.000000
vt -0.098227 1.444856 0.000000
vt -0.065923 1.465215 0.000000
vt -0.098227 1.585815 0.000000
vt -0.065851 1.604427 0.000000
vt -0.033175 1.484852 0.000000
vt -0.033104 1.622377 0.000000
vt -0.000000 1.503757 0.000000
vt -0.000000 1.639660 0.000000
vt -0.347067 1.503757 0.000000
vt -0.235031 1.560710 0.000000
vt -0.347067 1.639660 0.000000
vt -0.234496 1.692274 0.000000
vt -0.119136 1.609331 0.000000
vt -0.118631 1.737170 0.000000
vt -0.000000 1.649359 0.000000
vt -0.000000 1.774143 0.000000
vt -0.000000 -1.444856 0.000000
vt -0.191542 -1.444856 0.000000
vt -0.000000 -1.585815 0.000000
vt -0.191542 -1.585815 0.000000
vt -0.191542 1.444856 0.000000
vt -0.000000 1.444856 0.000000
vt -0.191542 1.585815 0.000000
vt -0.000000 1.585815 0.000000
vt -0.090041 1.649359 0.000000
vt -0.000000 1.649359 0.000000
vt -0.090041 1.774143 0.000000
vt -0.000000 1.774143 0.000000
vt -0.000000 -1.585815 0.000000
vt -0.000000 -1.444856 0.000000
vt -0.036545 -1.563736 0.000000
vt -0.036659 -1.420510 0.000000
vt -0.072568 -1.540814 0.000000
vt -0.072683 -1.395233 0.000000
vt -0.108049 -1.517063 0.000000
vt -0.108049 -1.369044 0.000000
vt -0.108049 1.369044 0.000000
vt -0.072683 1.395233 0.000000
vt -0.108049 1.517063 0.000000
vt -0.072568 1.540814 0.000000
vt -0.036659 1.420510 0.000000
vt -0.036545 1.563736 0.000000
vt -0.000000 1.444856 0.000000
vt -0.000000 1.585815 0.000000
vt -0.634063 1.774143 0.000000
vt -0.634063 1.649359 0.000000
vt -0.310356 1.712013 0.000000
vt -0.309203 1.582053 0.000000
vt -0.000000 1.630364 0.000000
vt -0.000000 1.493616 0.000000
vt -0.000000 -1.369044 0.000000
vt -0.090041 -1.369044 0.000000
vt -0.000000 -1.517063 0.000000
vt -0.090041 -1.517063 0.000000
vt -0.090041 1.369044 0.000000
vt -0.000000 1.369044 0.000000
vt -0.090041 1.517063 0.000000
vt -0.000000 1.517063 0.000000
vt -0.080218 1.630364 0.000000
vt -0.080218 1.493616 0.000000
vt -0.053233 1.615960 0.000000
vt -0.053185 1.477850 0.000000
vt -0.026491 1.601109 0.000000
vt -0.026442 1.461595 0.000000
vt -0.000000 1.585815 0.000000
vt -0.000000 1.444856 0.000000
vt 0.000000 -1.369044 0.000000
vt -0.035366 -1.395233 0.000000
vt 0.000000 -1.517063 0.000000
vt -0.035481 -1.540814 0.000000
vt -0.071390 -1.420510 0.000000
vt -0.071504 -1.563736 0.000000
vt -0.108049 -1.444856 0.000000
vt -0.108049 -1.585815 0.000000
vt -0.108049 1.585815 0.000000
vt -0.108049 1.444856 0.000000
vt -0.071504 1.563736 0.000000
vt -0.071390 1.420510 0.000000
vt -0.035481 1.540814 0.000000
vt -0.035366 1.395233 0.000000
vt -0.000000 1.517063 0.000000
vt -0.000000 1.369044 0.000000
vt -0.518417 1.444856 0.000000
vt -0.000000 1.444856 0.000000
vt -0.518417 1.585815 0.000000
vt -0.000000 1.585815 0.000000
vn -0.258819 0.000000 0.965926
vn -0.192295 0.000000 0.981337
vn 0.000000 -0.000000 1.000000
vn 0.000064 -0.000000 1.000000
vn 0.192418 -0.000000 0.981313
vn -0.382722 0.000000 0.923863
vn -0.500000 0.000000 0.866025
vn -0.557968 0.000000 0.829863
vn -0.707107 0.000000 0.707107
vn -0.707089 0.000000 0.707125
vn -0.829832 0.000000 0.558013
vn -0.866025 0.000000 0.500000
vn -0.923840 0.000000 0.382778
vn -0.965926 0.000000 0.258819
vn -0.981325 0.000000 0.192358
vn -1.000000 0.000000 0.000000
vn -1.000000 0.000000 0.000000
vn -0.981325 0.000000 -0.192358
vn -0.965926 0.000000 -0.258819
vn -0.923840 0.000000 -0.382778
vn -0.866025 0.000000 -0.500000
vn -0.829832 0.000000 -0.558013
vn -0.707107 0.000000 -0.707107
vn -0.707089 0.000000 -0.707125
vn -0.557968 0.000000 -0.829863
vn -0.500000 0.000000 -0.866025
vn -0.382722 0.000000 -0.923863
vn -0.258819 0.000000 -0.965926
vn -0.192295 0.000000 -0.981337
vn -0.000000 0.000000 -1.000000
vn 0.000064 0.000000 -1.000000
vn 0.192418 0.000000 -0.981313
vn 0.258819 0.000000 -0.965926
vn 0.382822 0.000000 -0.923822
vn 0.500000 0.000000 -0.866025
vn 0.558034 0.000000 -0.829818
vn 0.707107 0.000000 -0.707107
vn 0.707125 0.000000 -0.707089
vn 0.829848 0.000000 -0.557989
vn 0.866025 0.000000 -0.500000
vn 0.923845 0.000000 -0.382766
vn 0.965926 0.000000 -0.258819
vn 0.981325 0.000000 -0.192355
vn 1.000000 -0.000000 0.000000
vn 1.000000 -0.000000 0.000000
vn 0.981325 -0.000000 0.192355
vn 0.965926 -0.000000 0.258819
vn 0.923845 -0.000000 0.382766
vn 0.866025 -0.000000 0.500000
vn 0.829848 -0.000000 0.557989
vn 0.707107 -0.000000 0.707107
vn 0.707125 -0.000000 0.707089
vn 0.558034 -0.000000 0.829818
vn 0.500000 -0.000000 0.866025
vn 0.382822 -0.000000 0.923822
vn 0.258819 -0.000000 0.965926
vn -0.258819 0.000000 -0.965926
vn -0.192295 0.000000 -0.981337
vn -0.000000 0.000000 -1.000000
vn 0.000064 0.000000 -1.000000
vn 0.192418 0.000000 -0.981313
vn -0.382722 0.000000 -0.923863
vn -0.500000 0.000000 -0.866025
vn -0.557968 0.000000 -0.829863
vn -0.707107 0.000000 -0.707107
vn -0.707089 0.000000 -0.707125
vn -0.829832 0.000000 -0.558013
vn -0.866025 0.000000 -0.500000
vn -0.923840 0.000000 -0.382778
vn -0.965926 0.000000 -0.258819
vn -0.981325 0.000000 -0.192358
vn -1.000000 0.000000 0.000000
vn -1.000000 0.000000 0.000000
vn -0.981325 0.000000 0.192358
vn -0.965926 0.000000 0.258819
vn -0.923840 0.000000 0.382778
vn -0.866025 0.000000 0.500000
vn -0.829832 0.000000 0.558013
vn -0.707107 0.000000 0.707107
vn -0.707089 0.000000 0.707125
vn -0.557968 0.000000 0.829863
vn -0.500000 0.000000 0.866025
vn -0.382722 0.000000 0.923863
vn -0.258819 0.000000 0.965926
vn -0.192295 0.000000 0.981337
vn 0.000000 -0.000000 1.000000
vn 0.000064 -0.000000 1.000000
vn 0.192418 -0.000000 0.981313
vn 0.258819 -0.000000 0.965926
vn 0.382822 -0.000000 0.923822
vn 0.500000 -0.000000 0.866025
vn 0.558034 -0.000000 0.829818
vn 0.707107 -0.000000 0.707107
vn 0.707125 -0.000000 0.707089
vn 0.829848 -0.000000 0.557989
vn 0.866025 -0.000000 0.500000
vn 0.923845 -0.000000 0.382766
vn 0.965926 -0.000000 0.258819
vn 0.981325 -0.000000 0.192355
vn 1.000000 -0.000000 0.000000
vn 1.000000 -0.000000 0.000000
vn 0.981325 0.000000 -0.192355
vn 0.965926 0.000000 -0.258819
vn 0.923845 0.000000 -0.382766
vn 0.866025 0.000000 -0.500000
vn 0.829848 0.000000 -0.557989
vn 0.707107 0.000000 -0.707107
vn 0.707125 0.000000 -0.707089
vn 0.558034 0.000000 -0.829818
vn 0.500000 0.000000 -0.866025
vn 0.382822 0.000000 -0.923822
vn 0.258819 0.000000 -0.965926
vn -0.000000 -0.000000 -1.000000
vn -0.000000 -0.000000 -1.000000
vn -0.000000 -0.000000 -1.000000
vn -0.000000 -0.000000 -1.000000
vn -0.000000 -0.000000 -1.000000
vn -0.000000 -0.000000 -1.000000
vn -0.000000 -0.000000 -1.000000
vn -0.000000 -0.000000 -1.000000
vn -0.000000 -0.000000 -1.000000
vn -0.000000 -0.000000 -1.000000
vn -0.000000 -0.000000 -1.000000
vn -0.000000 -0.000000 -1.000000
vn -0.000000 -0.000000 -1.000000
vn -0.000000 -0.000000 -1.000000
vn -0.000000 -0.000000 -1.000000
vn -0.000000 -0.000000 -1.000000
vn -0.000000 -0.000000 -1.000000
vn -0.000000 -0.000000 -1.000000
vn -0.000000 -0.000000 -1.000000
vn -0.000000 -0.000000 -1.000000
vn -0.000000 -0.000000 -1.000000
vn -0.000000 -0.000000 -1.000000
vn -0.000000 -0.000000 -1.000000
vn -0.000000 -0.000000 -1.000000
vn -0.000000 -0.000000 -1.000000
vn -0.000000 -0.000000 -1.000000
vn -0.000000 -0.000000 -1.000000
vn -0.000000 -0.000000 -1.000000
vn -0.000000 -0.000000 -1.000000
vn -0.000000 -0.000000 -1.000000
vn -0.000000 -0.000000 -1.000000
vn -0.000000 -0.000000 -1.000000
vn -0.000000 -0.000000 -1.000000
vn -0.000000 -0.000000 -1.000000
vn -0.000000 -0.000000 -1.000000
vn -0.000000 -0.000000 -1.000000
vn -0.000000 -0.000000 -1.000000
vn -0.000000 -0.000000 -1.000000
vn -0.000000 -0.000000 -1.000000
vn -0.000000 -0.000000 -1.000000
vn -0.000000 -0.000000 -1.000000
vn -0.000000 -0.000000 -1.000000
vn -0.000000 -0.000000 -1.000000
vn -0.000000 -0.000000 -1.000000
vn -0.000000 -0.000000 -1.000000
vn -0.000000 -0.000000 -1.000000
vn -0.000000 -0.000000 -1.000000
vn -0.000000 -0.000000 -1.000000
vn -0.000000 -0.000000 -1.000000
vn -0.000000 -0.000000 -1.000000
vn -0.000000 -0.000000 -1.000000
vn -0.000000 -0.000000 -1.000000
vn -0.000000 -0.000000 -1.000000
vn -0.000000 -0.000000 -1.000000
vn -0.000000 -0.000000 -1.000000
vn -0.000000 -0.000000 -1.000000
vn -0.000000 -0.000000 -1.000000
vn -0.000000 -0.000000 -1.000000
vn -0.000000 -0.000000 -1.000000
vn -0.000000 -0.000000 -1.000000
vn -0.000000 -0.000000 -1.000000
vn 0.000000 0.000000 1.000000
vn 0.000000 0.000000 1.000000
vn 0.000000 0.000000 1.000000
vn 0.000000 0.000000 1.000000
vn 0.000000 0.000000 1.000000
vn 0.000000 0.000000 1.000000
vn 0.000000 0.000000 1.000000
vn 0.000000 0.000000 1.000000
vn 0.000000 0.000000 1.000000
vn 0.000000 0.000000 1.000000
vn 0.000000 0.000000 1.000000
vn 0.000000 0.000000 1.000000
vn 0.000000 0.000000 1.000000
vn 0.000000 0.000000 1.000000
vn 0.000000 0.000000 1.000000
vn 0.000000 0.000000 1.000000
vn 0.000000 0.000000 1.000000
vn 0.000000 0.000000 1.000000
vn 0.000000 0.000000 1.000000
vn 0.000000 0.000000 1.000000
vn 0.000000 0.000000 1.000000
vn 0.000000 0.000000 1.000000
vn 0.000000 0.000000 1.000000
vn 0.000000 0.000000 1.000000
vn 0.000000 0.000000 1.000000
vn 0.000000 0.000000 1.000000
vn 0.000000 0.000000 1.000000
vn 0.000000 0.000000 1.000000
vn 0.000000 0.000000 1.000000
vn 0.000000 0.000000 1.000000
vn 0.000000 0.000000 1.000000
vn 0.000000 0.000000 1.000000
vn 0.000000 0.000000 1.000000
vn 0.000000 0.000000 1.000000
vn 0.000000 0.000000 1.000000
vn 0.000000 0.000000 1.000000
vn 0.000000 0.000000 1.000000
vn 0.000000 0.000000 1.000000
vn 0.000000 0.000000 1.000000
vn 0.000000 0.000000 1.000000
vn 0.000000 0.000000 1.000000
vn 0.000000 0.000000 1.000000
vn 0.000000 0.000000 1.000000
vn 0.000000 0.000000 1.000000
vn 0.000000 0.000000 1.000000
vn 0.000000 0.000000 1.000000
vn 0.000000 0.000000 1.000000
vn 0.000000 0.000000 1.000000
vn 0.000000 0.000000 1.000000
vn 0.000000 0.000000 1.000000
vn 0.000000 0.000000 1.000000
vn 0.000000 0.000000 1.000000
vn 0.000000 0.000000 1.000000
vn 0.000000 0.000000 1.000000
vn 0.000000 0.000000 1.000000
vn 0.000000 0.000000 1.000000
vn 0.000000 0.000000 1.000000
vn 0.000000 0.000000 1.000000
vn 0.000000 0.000000 1.000000
vn 0.000000 0.000000 1.000000
vn 0.000000 0.000000 1.000000
vn 0.000000 1.000000 0.000000
vn 0.000000 1.000000 0.000000
vn 0.000000 1.000000 0.000000
vn 0.000000 1.000000 0.000000
vn 0.000000 1.000000 0.000000
vn 0.000000 1.000000 0.000000
vn 0.000000 1.000000 0.000000
vn 0.000000 1.000000 0.000000
vn 0.000000 1.000000 0.000000
vn 0.000000 1.000000 0.000000
vn 0.000000 1.000000 0.000000
vn 0.000000 1.000000 0.000000
vn 0.000000 1.000000 0.000000
vn 0.000000 1.000000 0.000000
vn 0.000000 1.000000 0.000000
vn 0.000000 1.000000 0.000000
vn 0.000000 1.000000 0.000000
vn 0.000000 1.000000 0.000000
vn 0.000000 1.000000 0.000000
vn 0.000000 1.000000 0.000000
vn 0.000000 1.000000 0.000000
vn 0.000000 1.000000 0.000000
vn 0.000000 1.000000 0.000000
vn 0.000000 1.000000 0.000000
vn 0.000000 1.000000 0.000000
vn 0.000000 1.000000 0.000000
vn 0.000000 1.000000 0.000000
vn 0.000000 1.000000 0.000000
vn 0.000000 -1.000000 0.000000
vn 0.000000 -1.000000 0.000000
vn 0.000000 -1.000000 0.000000
vn 0.000000 -1.000000 0.000000
vn 0.000000 -1.000000 0.000000
vn 0.000000 -1.000000 0.000000
vn 0.000000 -1.000000 0.000000
vn 0.000000 -1.000000 0.000000
vn 0.000000 -1.000000 0.000000
vn 0.000000 -1.000000 0.000000
vn 0.000000 -1.000000 0.000000
vn 0.000000 -1.000000 0.000000
vn 0.000000 -1.000000 0.000000
vn 0.000000 -1.000000 0.000000
vn 0.000000 -1.000000 0.000000
vn 0.000000 -1.000000 0.000000
vn 0.000000 -1.000000 0.000000
vn 0.000000 -1.000000 0.000000
vn 0.000000 -1.000000 0.000000
vn 0.000000 -1.000000 0.000000
vn 0.000000 -1.000000 0.000000
vn 0.000000 -1.000000 0.000000
vn 0.000000 -1.000000 0.000000
vn 0.000000 -1.000000 0.000000
vn 0.000000 -1.000000 0.000000
vn 0.000000 -1.000000 0.000000
vn 0.000000 -1.000000 0.000000
vn 0.000000 -1.000000 0.000000
vn 0.000000 0.000000 -1.000000
vn 0.000000 0.000000 -1.000000
vn 0.000000 0.000000 -1.000000
vn 0.000000 0.000000 -1.000000
vn 0.000000 0.000000 -1.000000
vn 0.000000 0.000000 -1.000000
vn 0.000000 0.000000 -1.000000
vn 0.000000 0.000000 -1.000000
vn 0.000000 0.000000 -1.000000
vn 0.000000 0.000000 -1.000000
vn 0.000000 0.000000 -1.000000
vn 0.000000 0.000000 -1.000000
vn 1.000000 0.000000 0.000000
vn 1.000000 0.000000 0.000000
vn 1.000000 0.000000 0.000000
vn 1.000000 0.000000 0.000000
vn 1.000000 0.000000 0.000000
vn 1.000000 0.000000 0.000000
vn 1.000000 0.000000 0.000000
vn 1.000000 0.000000 0.000000
vn -1.000000 0.000000 0.000000
vn -1.000000 0.000000 0.000000
vn -1.000000 0.000000 0.000000
vn -1.000000 0.000000 0.000000
vn -1.000000 0.000000 0.000000
vn -1.000000 0.000000 0.000000
vn -1.000000 0.000000 0.000000
vn -1.000000 0.000000 0.000000
vn 0.000000 0.000000 1.000000
vn 0.000000 0.000000 1.000000
vn 0.000000 0.000000 1.000000
vn 0.000000 0.000000 1.000000
vn 0.000000 0.000000 1.000000
vn 0.000000 0.000000 1.000000
vn 0.000000 0.000000 1.000000
vn 0.000000 0.000000 1.000000
vn 0.000000 0.000000 1.000000
vn 0.000000 0.000000 1.000000
vn 0.000000 0.000000 1.000000
vn 0.000000 0.000000 1.000000
vn 0.000000 -1.000000 0.000000
vn 0.000000 -1.000000 0.000000
vn 0.000000 -1.000000 0.000000
vn 0.000000 -1.000000 0.000000
vn 0.000000 -1.000000 0.000000
vn 0.000000 -1.000000 0.000000
vn 0.000000 -1.000000 0.000000
vn 0.000000 -1.000000 0.000000
vn 0.000000 -1.000000 0.000000
vn 0.000000 -1.000000 0.000000
vn 0.000000 -1.000000 0.000000
vn 0.000000 -1.000000 0.000000
vn 0.000000 -1.000000 0.000000
vn 0.000000 -1.000000 0.000000
vn 0.000000 -1.000000 0.000000
vn 0.000000 -1.000000 0.000000
vn 0.000000 -1.000000 0.000000
vn 0.000000 -1.000000 0.000000
vn 0.000000 -1.000000 0.000000
vn 0.000000 -1.000000 0.000000
vn 0.000000 -1.000000 0.000000
vn 0.000000 -1.000000 0.000000
vn 0.000000 -1.000000 0.000000
vn 0.000000 -1.000000 0.000000
vn 0.000000 -1.000000 0.000000
vn 0.000000 -1.000000 0.000000
vn 0.000000 -1.000000 0.000000
vn 0.000000 -1.000000 0.000000
vn 0.000000 0.000000 1.000000
vn 0.000000 0.000000 1.000000
vn 0.000000 0.000000 1.000000
vn 0.000000 0.000000 1.000000
vn 0.000000 0.000000 1.000000
vn 0.000000 0.000000 1.000000
vn -1.000000 0.000000 0.000000
vn -1.000000 0.000000 0.000000
vn -1.000000 0.000000 0.000000
vn -1.000000 0.000000 0.000000
vn 1.000000 0.000000 0.000000
vn 1.000000 0.000000 0.000000
vn 1.000000 0.000000 0.000000
vn 1.000000 0.000000 0.000000
vn -0.000000 -0.000000 -1.000000
vn -0.000000 -0.000000 -1.000000
vn -0.000000 -0.000000 -1.000000
vn -0.000000 -0.000000 -1.000000
vn -0.000000 -0.000000 -1.000000
vn -0.000000 -0.000000 -1.000000
vn 0.981327 -0.000000 0.192347
vn 1.000000 -0.000000 0.000000
vn 1.000000 -0.000000 0.000000
vn 0.981327 0.000000 -0.192347
vn 0.965926 0.000000 -0.258819
vn 0.923830 0.000000 -0.382803
vn 0.866025 0.000000 -0.500000
vn 0.829771 0.000000 -0.558105
vn 0.707107 0.000000 -0.707107
vn 0.706934 0.000000 -0.707279
vn 0.557683 0.000000 -0.830054
vn 0.500000 0.000000 -0.866025
vn 0.382332 0.000000 -0.924025
vn 0.258819 0.000000 -0.965926
vn 0.191875 0.000000 -0.981419
vn 0.000000 0.000000 -1.000000
vn -0.000410 0.000000 -1.000000
vn -0.192666 0.000000 -0.981264
vn -0.258819 0.000000 -0.965926
vn -0.382968 0.000000 -0.923762
vn -0.500000 0.000000 -0.866025
vn -0.558107 0.000000 -0.829769
vn -0.707107 0.000000 -0.707107
vn -0.707164 0.000000 -0.707050
vn -0.829871 0.000000 -0.557955
vn -0.866025 0.000000 -0.500000
vn -0.923860 0.000000 -0.382731
vn -0.965926 0.000000 -0.258819
vn -0.981331 0.000000 -0.192328
vn -1.000000 0.000000 0.000000
vn -1.000000 0.000000 -0.000000
vn -0.981331 0.000000 0.192328
vn -0.965926 0.000000 0.258819
vn -0.923860 0.000000 0.382731
vn -0.866025 0.000000 0.500000
vn -0.829871 0.000000 0.557955
vn -0.707107 0.000000 0.707107
vn -0.707164 0.000000 0.707050
vn -0.558107 0.000000 0.829769
vn -0.500000 0.000000 0.866025
vn -0.382968 0.000000 0.923762
vn -0.258819 0.000000 0.965926
vn -0.192666 0.000000 0.981264
vn 0.000000 -0.000000 1.000000
vn -0.000410 0.000000 1.000000
vn 0.191875 -0.000000 0.981419
vn 0.258819 -0.000000 0.965926
vn 0.382332 -0.000000 0.924025
vn 0.500000 -0.000000 0.866025
vn 0.557683 -0.000000 0.830054
vn 0.707107 -0.000000 0.707107
vn 0.706934 -0.000000 0.707279
vn 0.829771 -0.000000 0.558105
vn 0.866025 -0.000000 0.500000
vn 0.923830 -0.000000 0.382803
vn 0.965926 -0.000000 0.258819
vn -0.857493 -0.000000 0.514496
vn -0.857493 -0.000000 0.514496
vn -0.857493 -0.000000 0.514496
vn -0.857493 -0.000000 0.514496
vn -0.857493 -0.000000 0.514496
vn 0.016820 -0.000000 0.999859
vn 0.016820 -0.000000 0.999859
vn 0.016820 -0.000000 0.999859
vn 0.016820 -0.000000 0.999859
vn 0.016820 -0.000000 0.999859
vn 0.016820 -0.000000 0.999859
vn 0.016820 -0.000000 0.999859
vn 0.016820 -0.000000 0.999859
vn 0.874313 -0.000000 0.485363
vn 0.874313 -0.000000 0.485363
vn 0.874313 -0.000000 0.485363
vn 0.874313 -0.000000 0.485363
vn 0.874313 -0.000000 0.485363
vn 0.874313 -0.000000 0.485363
vn 0.874313 -0.000000 0.485363
vn 0.874313 -0.000000 0.485363
vn 0.016820 -0.000000 0.999859
vn 0.016820 -0.000000 0.999859
vn 0.016820 -0.000000 0.999859
vn 0.016820 -0.000000 0.999859
vn 0.016820 -0.000000 0.999859
vn 0.016820 -0.000000 0.999859
vn 0.016820 -0.000000 0.999859
vn 0.016820 -0.000000 0.999859
vn 0.857493 -0.000000 -0.514496
vn 0.857493 -0.000000 -0.514496
vn 0.857493 -0.000000 -0.514496
vn 0.857493 -0.000000 -0.514496
vn 0.857493 -0.000000 -0.514496
vn 0.857493 -0.000000 -0.514496
vn 0.857493 -0.000000 -0.514496
vn 0.857493 -0.000000 -0.514496
vn -0.857493 -0.000000 0.514496
vn -0.857493 -0.000000 0.514496
vn -0.857493 -0.000000 0.514496
vn -0.857493 -0.000000 0.514496
vn -0.857493 -0.000000 0.514496
vn -0.016820 -0.000000 -0.999859
vn -0.016820 -0.000000 -0.999859
vn -0.016820 -0.000000 -0.999859
vn -0.016820 -0.000000 -0.999859
vn -0.016820 -0.000000 -0.999859
vn -0.016820 -0.000000 -0.999859
vn -0.016820 -0.000000 -0.999859
vn -0.016820 -0.000000 -0.999859
vn -0.016820 -0.000000 -0.999859
vn -0.016820 -0.000000 -0.999859
vn -0.016820 -0.000000 -0.999859
vn -0.016820 -0.000000 -0.999859
vn -0.016820 -0.000000 -0.999859
vn -0.016820 -0.000000 -0.999859
vn -0.016820 -0.000000 -0.999859
vn -0.016820 -0.000000 -0.999859
vn -0.874313 -0.000000 -0.485363
vn -0.874313 -0.000000 -0.485363
vn -0.874313 -0.000000 -0.485363
vn -0.874313 -0.000000 -0.485363
vn -0.874313 -0.000000 -0.485363
vn -0.874313 -0.000000 -0.485363
vn -0.874313 -0.000000 -0.485363
vn -0.874313 -0.000000 -0.485363
vn -0.874313 -0.000000 -0.485363
vn -0.874313 -0.000000 -0.485363
vn -0.857493 -0.000000 0.514496
vn -0.857493 -0.000000 0.514496
vn -0.857493 -0.000000 0.514496
vn -0.857493 -0.000000 0.514496
vn 0.016820 -0.000000 0.999859
vn 0.016820 -0.000000 0.999859
vn 0.016820 -0.000000 0.999859
vn 0.016820 -0.000000 0.999859
vn 0.016820 -0.000000 0.999859
vn 0.016820 -0.000000 0.999859
vn 0.016820 -0.000000 0.999859
vn 0.016820 -0.000000 0.999859
vn -0.874313 -0.000000 -0.485363
vn -0.874313 -0.000000 -0.485363
vn -0.874313 -0.000000 -0.485363
vn -0.874313 -0.000000 -0.485363
vn -0.874313 -0.000000 -0.485363
vn -0.874313 -0.000000 -0.485363
vn -0.874313 -0.000000 -0.485363
vn -0.874313 -0.000000 -0.485363
vn -0.857493 -0.000000 0.514496
vn -0.857493 -0.000000 0.514496
vn -0.857493 -0.000000 0.514496
vn -0.857493 -0.000000 0.514496
vn -0.016820 -0.000000 -0.999859
vn -0.016820 -0.000000 -0.999859
vn -0.016820 -0.000000 -0.999859
vn -0.016820 -0.000000 -0.999859
vn -0.016820 -0.000000 -0.999859
vn -0.016820 -0.000000 -0.999859
vn -0.016820 -0.000000 -0.999859
vn -0.016820 -0.000000 -0.999859
vn -0.016820 -0.000000 -0.999859
vn -0.016820 -0.000000 -0.999859
vn -0.016820 -0.000000 -0.999859
vn -0.016820 -0.000000 -0.999859
vn -0.016820 -0.000000 -0.999859
vn -0.016820 -0.000000 -0.999859
vn -0.016820 -0.000000 -0.999859
vn -0.016820 -0.000000 -0.999859
vn 0.016820 -0.000000 0.999859
vn 0.016820 -0.000000 0.999859
vn 0.016820 -0.000000 0.999859
vn 0.016820 -0.000000 0.999859
vn 0.016820 -0.000000 0.999859
vn 0.016820 -0.000000 0.999859
vn 0.016820 -0.000000 0.999859
vn 0.016820 -0.000000 0.999859
vn 0.857493 -0.000000 -0.514496
vn 0.857493 -0.000000 -0.514496
vn 0.857493 -0.000000 -0.514496
vn 0.857493 -0.000000 -0.514496
vn 0.857493 -0.000000 -0.514496
vn 0.857493 -0.000000 -0.514496
vn 0.857493 -0.000000 -0.514496
vn 0.857493 -0.000000 -0.514496
vn 0.857493 -0.000000 -0.514496
vn 0.857493 -0.000000 -0.514496
vn 0.874313 -0.000000 0.485363
vn 0.874313 -0.000000 0.485363
vn 0.874313 -0.000000 0.485363
vn 0.874313 -0.000000 0.485363
vn 0.874313 -0.000000 0.485363
vn 0.874313 -0.000000 0.485363
vn 0.874313 -0.000000 0.485363
vn 0.874313 -0.000000 0.485363
vn -0.857493 -0.000000 0.514496
vn -0.857493 -0.000000 0.514496
vn -0.857493 -0.000000 0.514496
vn -0.857493 -0.000000 0.514496
vn -0.857493 -0.000000 0.514496
vn 0.016820 -0.000000 0.999859
vn 0.016820 -0.000000 0.999859
vn 0.016820 -0.000000 0.999859
vn 0.016820 -0.000000 0.999859
vn 0.016820 -0.000000 0.999859
vn 0.016820 -0.000000 0.999859
vn 0.016820 -0.000000 0.999859
vn 0.016820 -0.000000 0.999859
vn 0.874313 -0.000000 0.485363
vn 0.874313 -0.000000 0.485363
vn 0.874313 -0.000000 0.485363
vn 0.874313 -0.000000 0.485363
vn 0.874313 -0.000000 0.485363
vn 0.874313 -0.000000 0.485363
vn 0.874313 -0.000000 0.485363
vn 0.874313 -0.000000 0.485363
vn 0.016820 -0.000000 0.999859
vn 0.016820 -0.000000 0.999859
vn 0.016820 -0.000000 0.999859
vn 0.016820 -0.000000 0.999859
vn 0.016820 -0.000000 0.999859
vn 0.016820 -0.000000 0.999859
vn 0.016820 -0.000000 0.999859
vn 0.016820 -0.000000 0.999859
vn 0.857493 -0.000000 -0.514496
vn 0.857493 -0.000000 -0.514496
vn 0.857493 -0.000000 -0.514496
vn 0.857493 -0.000000 -0.514496
vn 0.857493 -0.000000 -0.514496
vn 0.857493 -0.000000 -0.514496
vn 0.857493 -0.000000 -0.514496
vn 0.857493 -0.000000 -0.514496
vn -0.857493 -0.000000 0.514496
vn -0.857493 -0.000000 0.514496
vn -0.857493 -0.000000 0.514496
vn -0.857493 -0.000000 0.514496
vn -0.857493 -0.000000 0.514496
vn -0.016820 -0.000000 -0.999859
vn -0.016820 -0.000000 -0.999859
vn -0.016820 -0.000000 -0.999859
vn -0.016820 -0.000000 -0.999859
vn -0.016820 -0.000000 -0.999859
vn -0.016820 -0.000000 -0.999859
vn -0.016820 -0.000000 -0.999859
vn -0.016820 -0.000000 -0.999859
vn -0.016820 -0.000000 -0.999859
vn -0.016820 -0.000000 -0.999859
vn -0.016820 -0.000000 -0.999859
vn -0.016820 -0.000000 -0.999859
vn -0.016820 -0.000000 -0.999859
vn -0.016820 -0.000000 -0.999859
vn -0.016820 -0.000000 -0.999859
vn -0.016820 -0.000000 -0.999859
vn -0.874313 -0.000000 -0.485363
vn -0.874313 -0.000000 -0.485363
vn -0.874313 -0.000000 -0.485363
vn -0.874313 -0.000000 -0.485363
vn -0.874313 -0.000000 -0.485363
vn -0.874313 -0.000000 -0.485363
vn -0.874313 -0.000000 -0.485363
vn -0.874313 -0.000000 -0.485363
vn -0.874313 -0.000000 -0.485363
vn -0.874313 -0.000000 -0.485363
vn -0.857493 -0.000000 0.514496
vn -0.857493 -0.000000 0.514496
vn -0.857493 -0.000000 0.514496
vn -0.857493 -0.000000 0.514496
vn 0.016820 -0.000000 0.999859
vn 0.016820 -0.000000 0.999859
vn 0.016820 -0.000000 0.999859
vn 0.016820 -0.000000 0.999859
vn 0.016820 -0.000000 0.999859
vn 0.016820 -0.000000 0.999859
vn 0.016820 -0.000000 0.999859
vn 0.016820 -0.000000 0.999859
vn 0.874313 -0.000000 0.485363
vn 0.874313 -0.000000 0.485363
vn 0.874313 -0.000000 0.485363
vn 0.874313 -0.000000 0.485363
vn 0.874313 -0.000000 0.485363
vn 0.874313 -0.000000 0.485363
vn 0.874313 -0.000000 0.485363
vn 0.874313 -0.000000 0.485363
vn 0.016820 -0.000000 0.999859
vn 0.016820 -0.000000 0.999859
vn 0.016820 -0.000000 0.999859
vn 0.016820 -0.000000 0.999859
vn 0.016820 -0.000000 0.999859
vn 0.016820 -0.000000 0.999859
vn 0.016820 -0.000000 0.999859
vn 0.016820 -0.000000 0.999859
vn 0.857493 -0.000000 -0.514496
vn 0.857493 -0.000000 -0.514496
vn 0.857493 -0.000000 -0.514496
vn 0.857493 -0.000000 -0.514496
vn 0.857493 -0.000000 -0.514496
vn 0.857493 -0.000000 -0.514496
vn 0.857493 -0.000000 -0.514496
vn 0.857493 -0.000000 -0.514496
vn -0.857493 -0.000000 0.514496
vn -0.857493 -0.000000 0.514496
vn -0.857493 -0.000000 0.514496
vn -0.857493 -0.000000 0.514496
vn -0.016820 -0.000000 -0.999859
vn -0.016820 -0.000000 -0.999859
vn -0.016820 -0.000000 -0.999859
vn -0.016820 -0.000000 -0.999859
vn -0.016820 -0.000000 -0.999859
vn -0.016820 -0.000000 -0.999859
vn -0.016820 -0.000000 -0.999859
vn -0.016820 -0.000000 -0.999859
vn -0.016820 -0.000000 -0.999859
vn -0.016820 -0.000000 -0.999859
vn -0.016820 -0.000000 -0.999859
vn -0.016820 -0.000000 -0.999859
vn -0.016820 -0.000000 -0.999859
vn -0.016820 -0.000000 -0.999859
vn -0.016820 -0.000000 -0.999859
vn -0.016820 -0.000000 -0.999859
vn -0.874313 -0.000000 -0.485363
vn -0.874313 -0.000000 -0.485363
vn -0.874313 -0.000000 -0.485363
vn -0.874313 -0.000000 -0.485363
vn -0.874313 -0.000000 -0.485363
vn -0.874313 -0.000000 -0.485363
vn -0.874313 -0.000000 -0.485363
vn -0.874313 -0.000000 -0.485363
vn -0.857493 -0.000000 0.514496
vn -0.857493 -0.000000 0.514496
vn -0.857493 -0.000000 0.514496
vn -0.857493 -0.000000 0.514496
vn 0.016820 -0.000000 0.999859
vn 0.016820 -0.000000 0.999859
vn 0.016820 -0.000000 0.999859
vn 0.016820 -0.000000 0.999859
vn 0.016820 -0.000000 0.999859
vn 0.016820 -0.000000 0.999859
vn 0.016820 -0.000000 0.999859
vn 0.016820 -0.000000 0.999859
vn 0.874313 -0.000000 0.485363
vn 0.874313 -0.000000 0.485363
vn 0.874313 -0.000000 0.485363
vn 0.874313 -0.000000 0.485363
vn 0.874313 -0.000000 0.485363
vn 0.874313 -0.000000 0.485363
vn 0.874313 -0.000000 0.485363
vn 0.874313 -0.000000 0.485363
vn 0.016820 -0.000000 0.999859
vn 0.016820 -0.000000 0.999859
vn 0.016820 -0.000000 0.999859
vn 0.016820 -0.000000 0.999859
vn 0.016820 -0.000000 0.999859
vn 0.016820 -0.000000 0.999859
vn 0.016820 -0.000000 0.999859
vn 0.016820 -0.000000 0.999859
vn 0.857493 -0.000000 -0.514496
vn 0.857493 -0.000000 -0.514496
vn 0.857493 -0.000000 -0.514496
vn 0.857493 -0.000000 -0.514496
vn 0.857493 -0.000000 -0.514496
vn 0.857493 -0.000000 -0.514496
vn 0.857493 -0.000000 -0.514496
vn 0.857493 -0.000000 -0.514496
vn -0.857493 -0.000000 0.514496
vn -0.857493 -0.000000 0.514496
vn -0.857493 -0.000000 0.514496
vn -0.857493 -0.000000 0.514496
vn -0.016820 -0.000000 -0.999859
vn -0.016820 -0.000000 -0.999859
vn -0.016820 -0.000000 -0.999859
vn -0.016820 -0.000000 -0.999859
vn -0.016820 -0.000000 -0.999859
vn -0.016820 -0.000000 -0.999859
vn -0.016820 -0.000000 -0.999859
vn -0.016820 -0.000000 -0.999859
vn -0.016820 -0.000000 -0.999859
vn -0.016820 -0.000000 -0.999859
vn -0.016820 -0.000000 -0.999859
vn -0.016820 -0.000000 -0.999859
vn -0.016820 -0.000000 -0.999859
vn -0.016820 -0.000000 -0.999859
vn -0.016820 -0.000000 -0.999859
vn -0.016820 -0.000000 -0.999859
vn -0.874313 -0.000000 -0.485363
vn -0.874313 -0.000000 -0.485363
vn -0.874313 -0.000000 -0.485363
vn -0.874313 -0.000000 -0.485363
vn -0.874313 -0.000000 -0.485363
vn -0.874313 -0.000000 -0.485363
vn -0.874313 -0.000000 -0.485363
vn -0.874313 -0.000000 -0.485363
vn -0.857493 -0.000000 0.514496
vn -0.857493 -0.000000 0.514496
vn -0.857493 -0.000000 0.514496
vn -0.857493 -0.000000 0.514496
vn 0.016820 -0.000000 0.999859
vn 0.016820 -0.000000 0.999859
vn 0.016820 -0.000000 0.999859
vn 0.016820 -0.000000 0.999859
vn 0.016820 -0.000000 0.999859
vn 0.016820 -0.000000 0.999859
vn 0.016820 -0.000000 0.999859
vn 0.016820 -0.000000 0.999859
vn 0.874313 -0.000000 0.485363
vn 0.874313 -0.000000 0.485363
vn 0.874313 -0.000000 0.485363
vn 0.874313 -0.000000 0.485363
vn 0.874313 -0.000000 0.485363
vn 0.874313 -0.000000 0.485363
vn 0.874313 -0.000000 0.485363
vn 0.874313 -0.000000 0.485363
vn 0.016820 -0.000000 0.999859
vn 0.016820 -0.000000 0.999859
vn 0.016820 -0.000000 0.999859
vn 0.016820 -0.000000 0.999859
vn 0.016820 -0.000000 0.999859
vn 0.016820 -0.000000 0.999859
vn 0.016820 -0.000000 0.999859
vn 0.016820 -0.000000 0.999859
vn 0.857493 -0.000000 -0.514496
vn 0.857493 -0.000000 -0.514496
vn 0.857493 -0.000000 -0.514496
vn 0.857493 -0.000000 -0.514496
vn 0.857493 -0.000000 -0.514496
vn 0.857493 -0.000000 -0.514496
vn 0.857493 -0.000000 -0.514496
vn 0.857493 -0.000000 -0.514496
vn -0.857493 -0.000000 0.514496
vn -0.857493 -0.000000 0.514496
vn -0.857493 -0.000000 0.514496
vn -0.857493 -0.000000 0.514496
vn -0.016820 -0.000000 -0.999859
vn -0.016820 -0.000000 -0.999859
vn -0.016820 -0.000000 -0.999859
vn -0.016820 -0.000000 -0.999859
vn -0.016820 -0.000000 -0.999859
vn -0.016820 -0.000000 -0.999859
vn -0.016820 -0.000000 -0.999859
vn -0.016820 -0.000000 -0.999859
vn -0.016820 -0.000000 -0.999859
vn -0.016820 -0.000000 -0.999859
vn -0.016820 -0.000000 -0.999859
vn -0.016820 -0.000000 -0.999859
vn -0.016820 -0.000000 -0.999859
vn -0.016820 -0.000000 -0.999859
vn -0.016820 -0.000000 -0.999859
vn -0.016820 -0.000000 -0.999859
vn -0.874313 -0.000000 -0.485363
vn -0.874313 -0.000000 -0.485363
vn -0.874313 -0.000000 -0.485363
vn -0.874313 -0.000000 -0.485363
vn -0.874313 -0.000000 -0.485363
vn -0.874313 -0.000000 -0.485363
vn -0.874313 -0.000000 -0.485363
vn -0.874313 -0.000000 -0.485363
vn -0.857493 -0.000000 0.514496
vn -0.857493 -0.000000 0.514496
vn -0.857493 -0.000000 0.514496
vn -0.857493 -0.000000 0.514496
vn 0.016820 -0.000000 0.999859
vn 0.016820 -0.000000 0.999859
vn 0.016820 -0.000000 0.999859
vn 0.016820 -0.000000 0.999859
vn 0.016820 -0.000000 0.999859
vn 0.016820 -0.000000 0.999859
vn 0.016820 -0.000000 0.999859
vn 0.016820 -0.000000 0.999859
vn 0.874313 -0.000000 0.485363
vn 0.874313 -0.000000 0.485363
vn 0.874313 -0.000000 0.485363
vn 0.874313 -0.000000 0.485363
vn 0.874313 -0.000000 0.485363
vn 0.874313 -0.000000 0.485363
vn 0.874313 -0.000000 0.485363
vn 0.874313 -0.000000 0.485363
vn 0.016820 -0.000000 0.999859
vn 0.016820 -0.000000 0.999859
vn 0.016820 -0.000000 0.999859
vn 0.016820 -0.000000 0.999859
vn 0.016820 -0.000000 0.999859
vn 0.016820 -0.000000 0.999859
vn 0.016820 -0.000000 0.999859
vn 0.016820 -0.000000 0.999859
vn 0.857493 -0.000000 -0.514496
vn 0.857493 -0.000000 -0.514496
vn 0.857493 -0.000000 -0.514496
vn 0.857493 -0.000000 -0.514496
vn 0.857493 -0.000000 -0.514496
vn 0.857493 -0.000000 -0.514496
vn 0.857493 -0.000000 -0.514496
vn 0.857493 -0.000000 -0.514496
vn 0.857493 -0.000000 -0.514496
vn 0.857493 -0.000000 -0.514496
vn -0.857493 -0.000000 0.514496
vn -0.857493 -0.000000 0.514496
vn -0.857493 -0.000000 0.514496
vn -0.857493 -0.000000 0.514496
vn -0.016820 -0.000000 -0.999859
vn -0.016820 -0.000000 -0.999859
vn -0.016820 -0.000000 -0.999859
vn -0.016820 -0.000000 -0.999859
vn -0.016820 -0.000000 -0.999859
vn -0.016820 -0.000000 -0.999859
vn -0.016820 -0.000000 -0.999859
vn -0.016820 -0.000000 -0.999859
vn -0.016820 -0.000000 -0.999859
vn -0.016820 -0.000000 -0.999859
vn -0.016820 -0.000000 -0.999859
vn -0.016820 -0.000000 -0.999859
vn -0.016820 -0.000000 -0.999859
vn -0.016820 -0.000000 -0.999859
vn -0.016820 -0.000000 -0.999859
vn -0.016820 -0.000000 -0.999859
vn -0.874313 -0.000000 -0.485363
vn -0.874313 -0.000000 -0.485363
vn -0.874313 -0.000000 -0.485363
vn -0.874313 -0.000000 -0.485363
vn -0.874313 -0.000000 -0.485363
vn -0.874313 -0.000000 -0.485363
vn -0.874313 -0.000000 -0.485363
vn -0.874313 -0.000000 -0.485363
vn -0.000000 -0.874313 0.485363
vn -0.000000 -0.874313 0.485363
vn -0.000000 -0.874313 0.485363
vn -0.000000 -0.874313 0.485363
vn -0.000000 -0.874313 0.485363
vn -0.000000 -0.857493 -0.514496
vn -0.000000 -0.857493 -0.514496
vn -0.000000 -0.857493 -0.514496
vn -0.000000 -0.857493 -0.514496
vn -0.000000 -0.857493 -0.514496
vn -0.000000 0.016820 -0.999859
vn -0.000000 0.016820 -0.999859
vn -0.000000 0.016820 -0.999859
vn -0.000000 0.016820 -0.999859
vn -0.000000 0.016820 -0.999859
vn -0.000000 0.016820 -0.999859
vn -0.000000 0.016820 -0.999859
vn -0.000000 0.016820 -0.999859
vn -0.000000 0.016820 -0.999859
vn -0.000000 0.016820 -0.999859
vn -0.000000 0.016820 -0.999859
vn -0.000000 0.016820 -0.999859
vn -0.000000 0.016820 -0.999859
vn -0.000000 0.016820 -0.999859
vn -0.000000 0.016820 -0.999859
vn -0.000000 0.016820 -0.999859
vn -0.000000 -0.857493 -0.514496
vn -0.000000 -0.857493 -0.514496
vn -0.000000 -0.857493 -0.514496
vn -0.000000 -0.857493 -0.514496
vn -0.000000 -0.857493 -0.514496
vn -0.000000 0.874313 -0.485363
vn -0.000000 0.874313 -0.485363
vn -0.000000 0.874313 -0.485363
vn -0.000000 0.874313 -0.485363
vn -0.000000 0.874313 -0.485363
vn -0.000000 0.874313 -0.485363
vn -0.000000 0.874313 -0.485363
vn -0.000000 0.874313 -0.485363
vn -0.000000 -0.874313 0.485363
vn -0.000000 -0.874313 0.485363
vn -0.000000 -0.874313 0.485363
vn -0.000000 -0.874313 0.485363
vn -0.000000 -0.874313 0.485363
vn -0.000000 0.857493 0.514496
vn -0.000000 0.857493 0.514496
vn -0.000000 0.857493 0.514496
vn -0.000000 0.857493 0.514496
vn -0.000000 0.857493 0.514496
vn -0.000000 0.857493 0.514496
vn -0.000000 0.857493 0.514496
vn -0.000000 0.857493 0.514496
vn -0.000000 -0.016820 0.999859
vn -0.000000 -0.016820 0.999859
vn -0.000000 -0.016820 0.999859
vn -0.000000 -0.016820 0.999859
vn -0.000000 -0.016820 0.999859
vn -0.000000 -0.016820 0.999859
vn -0.000000 -0.016820 0.999859
vn -0.000000 -0.016820 0.999859
vn -0.000000 -0.016820 0.999859
vn -0.000000 -0.016820 0.999859
vn -0.000000 -0.016820 0.999859
vn -0.000000 -0.016820 0.999859
vn -0.000000 -0.016820 0.999859
vn -0.000000 -0.016820 0.999859
vn -0.000000 -0.016820 0.999859
vn -0.000000 -0.016820 0.999859
vn -0.000000 -0.874313 0.485363
vn -0.000000 -0.874313 0.485363
vn -0.000000 -0.874313 0.485363
vn -0.000000 -0.874313 0.485363
vn -0.000000 -0.857493 -0.514496
vn -0.000000 -0.857493 -0.514496
vn -0.000000 -0.857493 -0.514496
vn -0.000000 -0.857493 -0.514496
vn -0.000000 -0.016820 0.999859
vn -0.000000 -0.016820 0.999859
vn -0.000000 -0.016820 0.999859
vn -0.000000 -0.016820 0.999859
vn -0.000000 -0.016820 0.999859
vn -0.000000 -0.016820 0.999859
vn -0.000000 -0.016820 0.999859
vn -0.000000 -0.016820 0.999859
vn -0.000000 -0.016820 0.999859
vn -0.000000 -0.016820 0.999859
vn -0.000000 -0.016820 0.999859
vn -0.000000 -0.016820 0.999859
vn -0.000000 -0.016820 0.999859
vn -0.000000 -0.016820 0.999859
vn -0.000000 -0.016820 0.999859
vn -0.000000 -0.016820 0.999859
vn -0.000000 -0.874313 0.485363
vn -0.000000 -0.874313 0.485363
vn -0.000000 -0.874313 0.485363
vn -0.000000 -0.874313 0.485363
vn -0.000000 0.857493 0.514496
vn -0.000000 0.857493 0.514496
vn -0.000000 0.857493 0.514496
vn -0.000000 0.857493 0.514496
vn -0.000000 0.857493 0.514496
vn -0.000000 0.857493 0.514496
vn -0.000000 0.857493 0.514496
vn -0.000000 0.857493 0.514496
vn -0.000000 0.857493 0.514496
vn -0.000000 0.857493 0.514496
vn -0.000000 -0.857493 -0.514496
vn -0.000000 -0.857493 -0.514496
vn -0.000000 -0.857493 -0.514496
vn -0.000000 -0.857493 -0.514496
vn -0.000000 0.874313 -0.485363
vn -0.000000 0.874313 -0.485363
vn -0.000000 0.874313 -0.485363
vn -0.000000 0.874313 -0.485363
vn -0.000000 0.874313 -0.485363
vn -0.000000 0.874313 -0.485363
vn -0.000000 0.874313 -0.485363
vn -0.000000 0.874313 -0.485363
vn -0.000000 0.016820 -0.999859
vn -0.000000 0.016820 -0.999859
vn -0.000000 0.016820 -0.999859
vn -0.000000 0.016820 -0.999859
vn -0.000000 0.016820 -0.999859
vn -0.000000 0.016820 -0.999859
vn -0.000000 0.016820 -0.999859
vn -0.000000 0.016820 -0.999859
vn -0.000000 0.016820 -0.999859
vn -0.000000 0.016820 -0.999859
vn -0.000000 0.016820 -0.999859
vn -0.000000 0.016820 -0.999859
vn -0.000000 0.016820 -0.999859
vn -0.000000 0.016820 -0.999859
vn -0.000000 0.016820 -0.999859
vn -0.000000 0.016820 -0.999859
vn -0.000000 -0.016820 0.999859
vn -0.000000 -0.016820 0.999859
vn -0.000000 -0.016820 0.999859
vn -0.000000 -0.016820 0.999859
vn -0.000000 -0.016820 0.999859
vn -0.000000 -0.016820 0.999859
vn -0.000000 -0.016820 0.999859
vn -0.000000 -0.016820 0.999859
vn -0.000000 -0.874313 0.485363
vn -0.000000 -0.874313 0.485363
vn -0.000000 -0.874313 0.485363
vn -0.000000 -0.874313 0.485363
vn -0.000000 -0.874313 0.485363
vn -0.000000 -0.857493 -0.514496
vn -0.000000 -0.857493 -0.514496
vn -0.000000 -0.857493 -0.514496
vn -0.000000 -0.857493 -0.514496
vn -0.000000 -0.857493 -0.514496
vn -0.000000 -0.857493 -0.514496
vn -0.000000 -0.857493 -0.514496
vn -0.000000 -0.857493 -0.514496
vn -0.000000 -0.857493 -0.514496
vn -0.000000 -0.857493 -0.514496
vn -0.000000 -0.874313 0.485363
vn -0.000000 -0.874313 0.485363
vn -0.000000 -0.874313 0.485363
vn -0.000000 -0.874313 0.485363
vn -0.000000 -0.874313 0.485363
vn -0.000000 0.016820 -0.999859
vn -0.000000 0.016820 -0.999859
vn -0.000000 0.016820 -0.999859
vn -0.000000 0.016820 -0.999859
vn -0.000000 0.016820 -0.999859
vn -0.000000 0.016820 -0.999859
vn -0.000000 0.016820 -0.999859
vn -0.000000 0.016820 -0.999859
vn -0.000000 0.016820 -0.999859
vn -0.000000 0.016820 -0.999859
vn -0.000000 0.016820 -0.999859
vn -0.000000 0.016820 -0.999859
vn -0.000000 0.016820 -0.999859
vn -0.000000 0.016820 -0.999859
vn -0.000000 0.016820 -0.999859
vn -0.000000 0.016820 -0.999859
vn -0.000000 -0.016820 0.999859
vn -0.000000 -0.016820 0.999859
vn -0.000000 -0.016820 0.999859
vn -0.000000 -0.016820 0.999859
vn -0.000000 -0.016820 0.999859
vn -0.000000 -0.016820 0.999859
vn -0.000000 -0.016820 0.999859
vn -0.000000 -0.016820 0.999859
vn -0.000000 0.874313 -0.485363
vn -0.000000 0.874313 -0.485363
vn -0.000000 0.874313 -0.485363
vn -0.000000 0.874313 -0.485363
vn -0.000000 0.874313 -0.485363
vn -0.000000 0.874313 -0.485363
vn -0.000000 0.874313 -0.485363
vn -0.000000 0.874313 -0.485363
vn -0.000000 0.857493 0.514496
vn -0.000000 0.857493 0.514496
vn -0.000000 0.857493 0.514496
vn -0.000000 0.857493 0.514496
vn -0.000000 0.857493 0.514496
vn -0.000000 0.857493 0.514496
vn -0.000000 0.857493 0.514496
vn -0.000000 0.857493 0.514496
vn -0.000000 -0.016820 0.999859
vn -0.000000 -0.016820 0.999859
vn -0.000000 -0.016820 0.999859
vn -0.000000 -0.016820 0.999859
vn -0.000000 -0.016820 0.999859
vn -0.000000 -0.016820 0.999859
vn -0.000000 -0.016820 0.999859
vn -0.000000 -0.016820 0.999859
vn -0.000000 -0.874313 0.485363
vn -0.000000 -0.874313 0.485363
vn -0.000000 -0.874313 0.485363
vn -0.000000 -0.874313 0.485363
vn -0.000000 0.857493 0.514496
vn -0.000000 0.857493 0.514496
vn -0.000000 0.857493 0.514496
vn -0.000000 0.857493 0.514496
vn -0.000000 0.857493 0.514496
vn -0.000000 0.857493 0.514496
vn -0.000000 0.857493 0.514496
vn -0.000000 0.857493 0.514496
vn -0.000000 0.857493 0.514496
vn -0.000000 0.857493 0.514496
vn -0.000000 -0.016820 0.999859
vn -0.000000 -0.016820 0.999859
vn -0.000000 -0.016820 0.999859
vn -0.000000 -0.016820 0.999859
vn -0.000000 -0.016820 0.999859
vn -0.000000 -0.016820 0.999859
vn -0.000000 -0.016820 0.999859
vn -0.000000 -0.016820 0.999859
vn -0.000000 0.874313 -0.485363
vn -0.000000 0.874313 -0.485363
vn -0.000000 0.874313 -0.485363
vn -0.000000 0.874313 -0.485363
vn -0.000000 0.874313 -0.485363
vn -0.000000 0.874313 -0.485363
vn -0.000000 0.874313 -0.485363
vn -0.000000 0.874313 -0.485363
vn -0.000000 -0.874313 0.485363
vn -0.000000 -0.874313 0.485363
vn -0.000000 -0.874313 0.485363
vn -0.000000 -0.874313 0.485363
vn -0.000000 0.016820 -0.999859
vn -0.000000 0.016820 -0.999859
vn -0.000000 0.016820 -0.999859
vn -0.000000 0.016820 -0.999859
vn -0.000000 0.016820 -0.999859
vn -0.000000 0.016820 -0.999859
vn -0.000000 0.016820 -0.999859
vn -0.000000 0.016820 -0.999859
vn -0.000000 0.016820 -0.999859
vn -0.000000 0.016820 -0.999859
vn -0.000000 0.016820 -0.999859
vn -0.000000 0.016820 -0.999859
vn -0.000000 0.016820 -0.999859
vn -0.000000 0.016820 -0.999859
vn -0.000000 0.016820 -0.999859
vn -0.000000 0.016820 -0.999859
vn -0.000000 -0.857493 -0.514496
vn -0.000000 -0.857493 -0.514496
vn -0.000000 -0.857493 -0.514496
vn -0.000000 -0.857493 -0.514496
vn -0.000000 -0.857493 -0.514496
vn -0.000000 -0.857493 -0.514496
vn -0.000000 -0.857493 -0.514496
vn -0.000000 -0.857493 -0.514496
vn -0.000000 -0.857493 -0.514496
vn -0.000000 -0.857493 -0.514496
vn -0.000000 -0.857493 -0.514496
vn -0.000000 -0.857493 -0.514496
vn -0.000000 0.016820 -0.999859
vn -0.000000 0.016820 -0.999859
vn -0.000000 0.016820 -0.999859
vn -0.000000 0.016820 -0.999859
vn -0.000000 0.016820 -0.999859
vn -0.000000 0.016820 -0.999859
vn -0.000000 0.016820 -0.999859
vn -0.000000 0.016820 -0.999859
vn -0.000000 -0.874313 0.485363
vn -0.000000 -0.874313 0.485363
vn -0.000000 -0.874313 0.485363
vn -0.000000 -0.874313 0.485363
vn -0.000000 -0.874313 0.485363
vn -0.000000 -0.874313 0.485363
vn -0.000000 -0.874313 0.485363
vn -0.000000 -0.874313 0.485363
vn -0.000000 -0.857493 -0.514496
vn -0.000000 -0.857493 -0.514496
vn -0.000000 -0.857493 -0.514496
vn -0.000000 -0.857493 -0.514496
vn -0.000000 -0.016820 0.999859
vn -0.000000 -0.016820 0.999859
vn -0.000000 -0.016820 0.999859
vn -0.000000 -0.016820 0.999859
vn -0.000000 -0.016820 0.999859
vn -0.000000 -0.016820 0.999859
vn -0.000000 -0.016820 0.999859
vn -0.000000 -0.016820 0.999859
vn -0.000000 -0.016820 0.999859
vn -0.000000 -0.016820 0.999859
vn -0.000000 -0.016820 0.999859
vn -0.000000 -0.016820 0.999859
vn -0.000000 -0.016820 0.999859
vn -0.000000 -0.016820 0.999859
vn -0.000000 -0.016820 0.999859
vn -0.000000 -0.016820 0.999859
vn -0.000000 0.016820 -0.999859
vn -0.000000 0.016820 -0.999859
vn -0.000000 0.016820 -0.999859
vn -0.000000 0.016820 -0.999859
vn -0.000000 0.016820 -0.999859
vn -0.000000 0.016820 -0.999859
vn -0.000000 0.016820 -0.999859
vn -0.000000 0.016820 -0.999859
vn -0.000000 0.857493 0.514496
vn -0.000000 0.857493 0.514496
vn -0.000000 0.857493 0.514496
vn -0.000000 0.857493 0.514496
vn -0.000000 0.857493 0.514496
vn -0.000000 0.857493 0.514496
vn -0.000000 0.857493 0.514496
vn -0.000000 0.857493 0.514496
vn -0.000000 0.874313 -0.485363
vn -0.000000 0.874313 -0.485363
vn -0.000000 0.874313 -0.485363
vn -0.000000 0.874313 -0.485363
vn -0.000000 0.874313 -0.485363
vn -0.000000 0.874313 -0.485363
vn -0.000000 0.874313 -0.485363
vn -0.000000 0.874313 -0.485363
vn -0.000000 -0.016820 0.999859
vn -0.000000 -0.016820 0.999859
vn -0.000000 -0.016820 0.999859
vn -0.000000 -0.016820 0.999859
vn -0.000000 -0.016820 0.999859
vn -0.000000 -0.016820 0.999859
vn -0.000000 -0.016820 0.999859
vn -0.000000 -0.016820 0.999859
vn -0.000000 -0.874313 0.485363
vn -0.000000 -0.874313 0.485363
vn -0.000000 -0.874313 0.485363
vn -0.000000 -0.874313 0.485363
vn -0.000000 0.857493 0.514496
vn -0.000000 0.857493 0.514496
vn -0.000000 0.857493 0.514496
vn -0.000000 0.857493 0.514496
vn -0.000000 0.857493 0.514496
vn -0.000000 0.857493 0.514496
vn -0.000000 0.857493 0.514496
vn -0.000000 0.857493 0.514496
vn -0.000000 0.857493 0.514496
vn -0.000000 0.857493 0.514496
vn -0.000000 -0.016820 0.999859
vn -0.000000 -0.016820 0.999859
vn -0.000000 -0.016820 0.999859
vn -0.000000 -0.016820 0.999859
vn -0.000000 -0.016820 0.999859
vn -0.000000 -0.016820 0.999859
vn -0.000000 -0.016820 0.999859
vn -0.000000 -0.016820 0.999859
vn -0.000000 0.874313 -0.485363
vn -0.000000 0.874313 -0.485363
vn -0.000000 0.874313 -0.485363
vn -0.000000 0.874313 -0.485363
vn -0.000000 0.874313 -0.485363
vn -0.000000 0.874313 -0.485363
vn -0.000000 0.874313 -0.485363
vn -0.000000 0.874313 -0.485363
vn -0.000000 -0.874313 0.485363
vn -0.000000 -0.874313 0.485363
vn -0.000000 -0.874313 0.485363
vn -0.000000 -0.874313 0.485363
vn -0.000000 0.016820 -0.999859
vn -0.000000 0.016820 -0.999859
vn -0.000000 0.016820 -0.999859
vn -0.000000 0.016820 -0.999859
vn -0.000000 0.016820 -0.999859
vn -0.000000 0.016820 -0.999859
vn -0.000000 0.016820 -0.999859
vn -0.000000 0.016820 -0.999859
vn -0.000000 0.016820 -0.999859
vn -0.000000 0.016820 -0.999859
vn -0.000000 0.016820 -0.999859
vn -0.000000 0.016820 -0.999859
vn -0.000000 0.016820 -0.999859
vn -0.000000 0.016820 -0.999859
vn -0.000000 0.016820 -0.999859
vn -0.000000 0.016820 -0.999859
vn -0.000000 -0.857493 -0.514496
vn -0.000000 -0.857493 -0.514496
vn -0.000000 -0.857493 -0.514496
vn -0.000000 -0.857493 -0.514496
vn -0.000000 -0.857493 -0.514496
vn -0.000000 -0.857493 -0.514496
vn -0.000000 -0.857493 -0.514496
vn -0.000000 -0.857493 -0.514496
vn -0.000000 -0.016820 0.999859
vn -0.000000 -0.016820 0.999859
vn -0.000000 -0.016820 0.999859
vn -0.000000 -0.016820 0.999859
vn -0.000000 -0.016820 0.999859
vn -0.000000 -0.016820 0.999859
vn -0.000000 -0.016820 0.999859
vn -0.000000 -0.016820 0.999859
vn -0.000000 -0.874313 0.485363
vn -0.000000 -0.874313 0.485363
vn -0.000000 -0.874313 0.485363
vn -0.000000 -0.874313 0.485363
vn -0.000000 -0.874313 0.485363
vn -0.000000 -0.857493 -0.514496
vn -0.000000 -0.857493 -0.514496
vn -0.000000 -0.857493 -0.514496
vn -0.000000 -0.857493 -0.514496
vn -0.000000 -0.857493 -0.514496
vn -0.000000 -0.857493 -0.514496
vn -0.000000 -0.857493 -0.514496
vn -0.000000 -0.857493 -0.514496
vn -0.000000 -0.857493 -0.514496
vn -0.000000 -0.857493 -0.514496
vn -0.000000 -0.874313 0.485363
vn -0.000000 -0.874313 0.485363
vn -0.000000 -0.874313 0.485363
vn -0.000000 -0.874313 0.485363
vn -0.000000 -0.874313 0.485363
vn -0.000000 0.016820 -0.999859
vn -0.000000 0.016820 -0.999859
vn -0.000000 0.016820 -0.999859
vn -0.000000 0.016820 -0.999859
vn -0.000000 0.016820 -0.999859
vn -0.000000 0.016820 -0.999859
vn -0.000000 0.016820 -0.999859
vn -0.000000 0.016820 -0.999859
vn -0.000000 0.016820 -0.999859
vn -0.000000 0.016820 -0.999859
vn -0.000000 0.016820 -0.999859
vn -0.000000 0.016820 -0.999859
vn -0.000000 0.016820 -0.999859
vn -0.000000 0.016820 -0.999859
vn -0.000000 0.016820 -0.999859
vn -0.000000 0.016820 -0.999859
vn -0.000000 -0.016820 0.999859
vn -0.000000 -0.016820 0.999859
vn -0.000000 -0.016820 0.999859
vn -0.000000 -0.016820 0.999859
vn -0.000000 -0.016820 0.999859
vn -0.000000 -0.016820 0.999859
vn -0.000000 -0.016820 0.999859
vn -0.000000 -0.016820 0.999859
vn -0.000000 0.874313 -0.485363
vn -0.000000 0.874313 -0.485363
vn -0.000000 0.874313 -0.485363
vn -0.000000 0.874313 -0.485363
vn -0.000000 0.874313 -0.485363
vn -0.000000 0.874313 -0.485363
vn -0.000000 0.874313 -0.485363
vn -0.000000 0.874313 -0.485363
vn -0.000000 0.857493 0.514496
vn -0.000000 0.857493 0.514496
vn -0.000000 0.857493 0.514496
vn -0.000000 0.857493 0.514496
vn -0.000000 0.857493 0.514496
vn -0.000000 0.857493 0.514496
vn -0.000000 0.857493 0.514496
vn -0.000000 0.857493 0.514496
vn -0.000000 -0.857493 -0.514496
vn -0.000000 -0.857493 -0.514496
vn -0.000000 -0.857493 -0.514496
vn -0.000000 -0.857493 -0.514496
vn -0.000000 0.016820 -0.999859
vn -0.000000 0.016820 -0.999859
vn -0.000000 0.016820 -0.999859
vn -0.000000 0.016820 -0.999859
vn -0.000000 0.016820 -0.999859
vn -0.000000 0.016820 -0.999859
vn -0.000000 0.016820 -0.999859
vn -0.000000 0.016820 -0.999859
vn -0.000000 0.874313 -0.485363
vn -0.000000 0.874313 -0.485363
vn -0.000000 0.874313 -0.485363
vn -0.000000 0.874313 -0.485363
vn -0.000000 0.874313 -0.485363
vn -0.000000 0.874313 -0.485363
vn -0.000000 0.874313 -0.485363
vn -0.000000 0.874313 -0.485363
vn -0.000000 0.016820 -0.999859
vn -0.000000 0.016820 -0.999859
vn -0.000000 0.016820 -0.999859
vn -0.000000 0.016820 -0.999859
vn -0.000000 0.016820 -0.999859
vn -0.000000 0.016820 -0.999859
vn -0.000000 0.016820 -0.999859
vn -0.000000 0.016820 -0.999859
vn -0.000000 0.857493 0.514496
vn -0.000000 0.857493 0.514496
vn -0.000000 0.857493 0.514496
vn -0.000000 0.857493 0.514496
vn -0.000000 0.857493 0.514496
vn -0.000000 0.857493 0.514496
vn -0.000000 0.857493 0.514496
vn -0.000000 0.857493 0.514496
vn -0.000000 -0.857493 -0.514496
vn -0.000000 -0.857493 -0.514496
vn -0.000000 -0.857493 -0.514496
vn -0.000000 -0.857493 -0.514496
vn -0.000000 -0.016820 0.999859
vn -0.000000 -0.016820 0.999859
vn -0.000000 -0.016820 0.999859
vn -0.000000 -0.016820 0.999859
vn -0.000000 -0.016820 0.999859
vn -0.000000 -0.016820 0.999859
vn -0.000000 -0.016820 0.999859
vn -0.000000 -0.016820 0.999859
vn -0.000000 -0.016820 0.999859
vn -0.000000 -0.016820 0.999859
vn -0.000000 -0.016820 0.999859
vn -0.000000 -0.016820 0.999859
vn -0.000000 -0.016820 0.999859
vn -0.000000 -0.016820 0.999859
vn -0.000000 -0.016820 0.999859
vn -0.000000 -0.016820 0.999859
vn -0.000000 -0.874313 0.485363
vn -0.000000 -0.874313 0.485363
vn -0.000000 -0.874313 0.485363
vn -0.000000 -0.874313 0.485363
vn -0.000000 -0.874313 0.485363
vn -0.000000 -0.874313 0.485363
vn -0.000000 -0.874313 0.485363
vn -0.000000 -0.874313 0.485363
vn -0.000000 -0.874313 0.485363
vn -0.000000 -0.874313 0.485363
vn -0.000000 -0.874313 0.485363
vn -0.000000 -0.874313 0.485363
vn -0.000000 -0.857493 -0.514496
vn -0.000000 -0.857493 -0.514496
vn -0.000000 -0.857493 -0.514496
vn -0.000000 -0.857493 -0.514496
vn -0.000000 0.016820 -0.999859
vn -0.000000 0.016820 -0.999859
vn -0.000000 0.016820 -0.999859
vn -0.000000 0.016820 -0.999859
vn -0.000000 0.016820 -0.999859
vn -0.000000 0.016820 -0.999859
vn -0.000000 0.016820 -0.999859
vn -0.000000 0.016820 -0.999859
vn -0.000000 0.016820 -0.999859
vn -0.000000 0.016820 -0.999859
vn -0.000000 0.016820 -0.999859
vn -0.000000 0.016820 -0.999859
vn -0.000000 0.016820 -0.999859
vn -0.000000 0.016820 -0.999859
vn -0.000000 0.016820 -0.999859
vn -0.000000 0.016820 -0.999859
vn -0.000000 -0.857493 -0.514496
vn -0.000000 -0.857493 -0.514496
vn -0.000000 -0.857493 -0.514496
vn -0.000000 -0.857493 -0.514496
vn -0.000000 0.874313 -0.485363
vn -0.000000 0.874313 -0.485363
vn -0.000000 0.874313 -0.485363
vn -0.000000 0.874313 -0.485363
vn -0.000000 0.874313 -0.485363
vn -0.000000 0.874313 -0.485363
vn -0.000000 0.874313 -0.485363
vn -0.000000 0.874313 -0.485363
vn -0.000000 -0.874313 0.485363
vn -0.000000 -0.874313 0.485363
vn -0.000000 -0.874313 0.485363
vn -0.000000 -0.874313 0.485363
vn -0.000000 0.857493 0.514496
vn -0.000000 0.857493 0.514496
vn -0.000000 0.857493 0.514496
vn -0.000000 0.857493 0.514496
vn -0.000000 0.857493 0.514496
vn -0.000000 0.857493 0.514496
vn -0.000000 0.857493 0.514496
vn -0.000000 0.857493 0.514496
vn -0.000000 -0.016820 0.999859
vn -0.000000 -0.016820 0.999859
vn -0.000000 -0.016820 0.999859
vn -0.000000 -0.016820 0.999859
vn -0.000000 -0.016820 0.999859
vn -0.000000 -0.016820 0.999859
vn -0.000000 -0.016820 0.999859
vn -0.000000 -0.016820 0.999859
vn -0.000000 -0.016820 0.999859
vn -0.000000 -0.016820 0.999859
vn -0.000000 -0.016820 0.999859
vn -0.000000 -0.016820 0.999859
vn -0.000000 -0.016820 0.999859
vn -0.000000 -0.016820 0.999859
vn -0.000000 -0.016820 0.999859
vn -0.000000 -0.016820 0.999859
vn -0.000000 -0.857493 -0.514496
vn -0.000000 -0.857493 -0.514496
vn -0.000000 -0.857493 -0.514496
vn -0.000000 -0.857493 -0.514496
vn -0.000000 0.016820 -0.999859
vn -0.000000 0.016820 -0.999859
vn -0.000000 0.016820 -0.999859
vn -0.000000 0.016820 -0.999859
vn -0.000000 0.016820 -0.999859
vn -0.000000 0.016820 -0.999859
vn -0.000000 0.016820 -0.999859
vn -0.000000 0.016820 -0.999859
vn -0.000000 -0.874313 0.485363
vn -0.000000 -0.874313 0.485363
vn -0.000000 -0.874313 0.485363
vn -0.000000 -0.874313 0.485363
vn -0.000000 -0.874313 0.485363
vn -0.000000 -0.874313 0.485363
vn -0.000000 -0.874313 0.485363
vn -0.000000 -0.874313 0.485363
vn -0.000000 -0.857493 -0.514496
vn -0.000000 -0.857493 -0.514496
vn -0.000000 -0.857493 -0.514496
vn -0.000000 -0.857493 -0.514496
vn -0.000000 -0.016820 0.999859
vn -0.000000 -0.016820 0.999859
vn -0.000000 -0.016820 0.999859
vn -0.000000 -0.016820 0.999859
vn -0.000000 -0.016820 0.999859
vn -0.000000 -0.016820 0.999859
vn -0.000000 -0.016820 0.999859
vn -0.000000 -0.016820 0.999859
vn -0.000000 -0.016820 0.999859
vn -0.000000 -0.016820 0.999859
vn -0.000000 -0.016820 0.999859
vn -0.000000 -0.016820 0.999859
vn -0.000000 -0.016820 0.999859
vn -0.000000 -0.016820 0.999859
vn -0.000000 -0.016820 0.999859
vn -0.000000 -0.016820 0.999859
vn -0.000000 0.016820 -0.999859
vn -0.000000 0.016820 -0.999859
vn -0.000000 0.016820 -0.999859
vn -0.000000 0.016820 -0.999859
vn -0.000000 0.016820 -0.999859
vn -0.000000 0.016820 -0.999859
vn -0.000000 0.016820 -0.999859
vn -0.000000 0.016820 -0.999859
vn -0.000000 0.857493 0.514496
vn -0.000000 0.857493 0.514496
vn -0.000000 0.857493 0.514496
vn -0.000000 0.857493 0.514496
vn -0.000000 0.857493 0.514496
vn -0.000000 0.857493 0.514496
vn -0.000000 0.857493 0.514496
vn -0.000000 0.857493 0.514496
vn -0.000000 0.874313 -0.485363
vn -0.000000 0.874313 -0.485363
vn -0.000000 0.874313 -0.485363
vn -0.000000 0.874313 -0.485363
vn -0.000000 0.874313 -0.485363
vn -0.000000 0.874313 -0.485363
vn -0.000000 0.874313 -0.485363
vn -0.000000 0.874313 -0.485363
vn -0.000000 -0.857493 -0.514496
vn -0.000000 -0.857493 -0.514496
vn -0.000000 -0.857493 -0.514496
vn -0.000000 -0.857493 -0.514496
vn -0.000000 0.016820 -0.999859
vn -0.000000 0.016820 -0.999859
vn -0.000000 0.016820 -0.999859
vn -0.000000 0.016820 -0.999859
vn -0.000000 0.016820 -0.999859
vn -0.000000 0.016820 -0.999859
vn -0.000000 0.016820 -0.999859
vn -0.000000 0.016820 -0.999859
vn -0.000000 0.874313 -0.485363
vn -0.000000 0.874313 -0.485363
vn -0.000000 0.874313 -0.485363
vn -0.000000 0.874313 -0.485363
vn -0.000000 0.874313 -0.485363
vn -0.000000 0.874313 -0.485363
vn -0.000000 0.874313 -0.485363
vn -0.000000 0.874313 -0.485363
vn -0.000000 0.016820 -0.999859
vn -0.000000 0.016820 -0.999859
vn -0.000000 0.016820 -0.999859
vn -0.000000 0.016820 -0.999859
vn -0.000000 0.016820 -0.999859
vn -0.000000 0.016820 -0.999859
vn -0.000000 0.016820 -0.999859
vn -0.000000 0.016820 -0.999859
vn -0.000000 0.857493 0.514496
vn -0.000000 0.857493 0.514496
vn -0.000000 0.857493 0.514496
vn -0.000000 0.857493 0.514496
vn -0.000000 0.857493 0.514496
vn -0.000000 0.857493 0.514496
vn -0.000000 0.857493 0.514496
vn -0.000000 0.857493 0.514496
vn -0.000000 -0.857493 -0.514496
vn -0.000000 -0.857493 -0.514496
vn -0.000000 -0.857493 -0.514496
vn -0.000000 -0.857493 -0.514496
vn -0.000000 -0.016820 0.999859
vn -0.000000 -0.016820 0.999859
vn -0.000000 -0.016820 0.999859
vn -0.000000 -0.016820 0.999859
vn -0.000000 -0.016820 0.999859
vn -0.000000 -0.016820 0.999859
vn -0.000000 -0.016820 0.999859
vn -0.000000 -0.016820 0.999859
vn -0.000000 -0.016820 0.999859
vn -0.000000 -0.016820 0.999859
vn -0.000000 -0.016820 0.999859
vn -0.000000 -0.016820 0.999859
vn -0.000000 -0.016820 0.999859
vn -0.000000 -0.016820 0.999859
vn -0.000000 -0.016820 0.999859
vn -0.000000 -0.016820 0.999859
vn -0.000000 -0.874313 0.485363
vn -0.000000 -0.874313 0.485363
vn -0.000000 -0.874313 0.485363
vn -0.000000 -0.874313 0.485363
vn -0.000000 -0.874313 0.485363
vn -0.000000 -0.874313 0.485363
vn -0.000000 -0.874313 0.485363
vn -0.000000 -0.874313 0.485363
vn -0.000000 -0.874313 0.485363
vn -0.000000 -0.874313 0.485363
vn -0.000000 -0.874313 0.485363
vn -0.000000 -0.874313 0.485363
vn -0.000000 -0.857493 -0.514496
vn -0.000000 -0.857493 -0.514496
vn -0.000000 -0.857493 -0.514496
vn -0.000000 -0.857493 -0.514496
vn -0.000000 -0.016820 0.999859
vn -0.000000 -0.016820 0.999859
vn -0.000000 -0.016820 0.999859
vn -0.000000 -0.016820 0.999859
vn -0.000000 -0.016820 0.999859
vn -0.000000 -0.016820 0.999859
vn -0.000000 -0.016820 0.999859
vn -0.000000 -0.016820 0.999859
vn -0.000000 -0.016820 0.999859
vn -0.000000 -0.016820 0.999859
vn -0.000000 -0.016820 0.999859
vn -0.000000 -0.016820 0.999859
vn -0.000000 -0.016820 0.999859
vn -0.000000 -0.016820 0.999859
vn -0.000000 -0.016820 0.999859
vn -0.000000 -0.016820 0.999859
vn -0.000000 -0.874313 0.485363
vn -0.000000 -0.874313 0.485363
vn -0.000000 -0.874313 0.485363
vn -0.000000 -0.874313 0.485363
vn -0.000000 0.857493 0.514496
vn -0.000000 0.857493 0.514496
vn -0.000000 0.857493 0.514496
vn -0.000000 0.857493 0.514496
vn -0.000000 0.857493 0.514496
vn -0.000000 0.857493 0.514496
vn -0.000000 0.857493 0.514496
vn -0.000000 0.857493 0.514496
vn -0.000000 0.857493 0.514496
vn -0.000000 0.857493 0.514496
vn -0.000000 -0.857493 -0.514496
vn -0.000000 -0.857493 -0.514496
vn -0.000000 -0.857493 -0.514496
vn -0.000000 -0.857493 -0.514496
vn -0.000000 0.874313 -0.485363
vn -0.000000 0.874313 -0.485363
vn -0.000000 0.874313 -0.485363
vn -0.000000 0.874313 -0.485363
vn -0.000000 0.874313 -0.485363
vn -0.000000 0.874313 -0.485363
vn -0.000000 0.874313 -0.485363
vn -0.000000 0.874313 -0.485363
vn -0.000000 0.016820 -0.999859
vn -0.000000 0.016820 -0.999859
vn -0.000000 0.016820 -0.999859
vn -0.000000 0.016820 -0.999859
vn -0.000000 0.016820 -0.999859
vn -0.000000 0.016820 -0.999859
vn -0.000000 0.016820 -0.999859
vn -0.000000 0.016820 -0.999859
vn -0.000000 0.016820 -0.999859
vn -0.000000 0.016820 -0.999859
vn -0.000000 0.016820 -0.999859
vn -0.000000 0.016820 -0.999859
vn -0.000000 0.016820 -0.999859
vn -0.000000 0.016820 -0.999859
vn -0.000000 0.016820 -0.999859
vn -0.000000 0.016820 -0.999859
vn -0.000000 -0.874313 0.485363
vn -0.000000 -0.874313 0.485363
vn -0.000000 -0.874313 0.485363
vn -0.000000 -0.874313 0.485363
vn -0.000000 -0.857493 -0.514496
vn -0.000000 -0.857493 -0.514496
vn -0.000000 -0.857493 -0.514496
vn -0.000000 -0.857493 -0.514496
vn -0.000000 0.016820 -0.999859
vn -0.000000 0.016820 -0.999859
vn -0.000000 0.016820 -0.999859
vn -0.000000 0.016820 -0.999859
vn -0.000000 0.016820 -0.999859
vn -0.000000 0.016820 -0.999859
vn -0.000000 0.016820 -0.999859
vn -0.000000 0.016820 -0.999859
vn -0.000000 0.016820 -0.999859
vn -0.000000 0.016820 -0.999859
vn -0.000000 0.016820 -0.999859
vn -0.000000 0.016820 -0.999859
vn -0.000000 0.016820 -0.999859
vn -0.000000 0.016820 -0.999859
vn -0.000000 0.016820 -0.999859
vn -0.000000 0.016820 -0.999859
vn -0.000000 -0.857493 -0.514496
vn -0.000000 -0.857493 -0.514496
vn -0.000000 -0.857493 -0.514496
vn -0.000000 -0.857493 -0.514496
vn -0.000000 0.874313 -0.485363
vn -0.000000 0.874313 -0.485363
vn -0.000000 0.874313 -0.485363
vn -0.000000 0.874313 -0.485363
vn -0.000000 0.874313 -0.485363
vn -0.000000 0.874313 -0.485363
vn -0.000000 0.874313 -0.485363
vn -0.000000 0.874313 -0.485363
vn -0.000000 -0.874313 0.485363
vn -0.000000 -0.874313 0.485363
vn -0.000000 -0.874313 0.485363
vn -0.000000 -0.874313 0.485363
vn -0.000000 0.857493 0.514496
vn -0.000000 0.857493 0.514496
vn -0.000000 0.857493 0.514496
vn -0.000000 0.857493 0.514496
vn -0.000000 0.857493 0.514496
vn -0.000000 0.857493 0.514496
vn -0.000000 0.857493 0.514496
vn -0.000000 0.857493 0.514496
vn -0.000000 -0.016820 0.999859
vn -0.000000 -0.016820 0.999859
vn -0.000000 -0.016820 0.999859
vn -0.000000 -0.016820 0.999859
vn -0.000000 -0.016820 0.999859
vn -0.000000 -0.016820 0.999859
vn -0.000000 -0.016820 0.999859
vn -0.000000 -0.016820 0.999859
vn -0.000000 -0.016820 0.999859
vn -0.000000 -0.016820 0.999859
vn -0.000000 -0.016820 0.999859
vn -0.000000 -0.016820 0.999859
vn -0.000000 -0.016820 0.999859
vn -0.000000 -0.016820 0.999859
vn -0.000000 -0.016820 0.999859
vn -0.000000 -0.016820 0.999859
vn -0.000000 -0.874313 0.485363
vn -0.000000 -0.874313 0.485363
vn -0.000000 -0.874313 0.485363
vn -0.000000 -0.874313 0.485363
vn -0.000000 -0.874313 0.485363
vn -0.000000 -0.857493 -0.514496
vn -0.000000 -0.857493 -0.514496
vn -0.000000 -0.857493 -0.514496
vn -0.000000 -0.857493 -0.514496
vn -0.000000 -0.857493 -0.514496
vn -0.000000 0.016820 -0.999859
vn -0.000000 0.016820 -0.999859
vn -0.000000 0.016820 -0.999859
vn -0.000000 0.016820 -0.999859
vn -0.000000 0.016820 -0.999859
vn -0.000000 0.016820 -0.999859
vn -0.000000 0.016820 -0.999859
vn -0.000000 0.016820 -0.999859
vn -0.000000 0.016820 -0.999859
vn -0.000000 0.016820 -0.999859
vn -0.000000 0.016820 -0.999859
vn -0.000000 0.016820 -0.999859
vn -0.000000 0.016820 -0.999859
vn -0.000000 0.016820 -0.999859
vn -0.000000 0.016820 -0.999859
vn -0.000000 0.016820 -0.999859
vn -0.000000 -0.857493 -0.514496
vn -0.000000 -0.857493 -0.514496
vn -0.000000 -0.857493 -0.514496
vn -0.000000 -0.857493 -0.514496
vn -0.000000 -0.857493 -0.514496
vn -0.000000 0.874313 -0.485363
vn -0.000000 0.874313 -0.485363
vn -0.000000 0.874313 -0.485363
vn -0.000000 0.874313 -0.485363
vn -0.000000 0.874313 -0.485363
vn -0.000000 0.874313 -0.485363
vn -0.000000 0.874313 -0.485363
vn -0.000000 0.874313 -0.485363
vn -0.000000 -0.874313 0.485363
vn -0.000000 -0.874313 0.485363
vn -0.000000 -0.874313 0.485363
vn -0.000000 -0.874313 0.485363
vn -0.000000 -0.874313 0.485363
vn -0.000000 0.857493 0.514496
vn -0.000000 0.857493 0.514496
vn -0.000000 0.857493 0.514496
vn -0.000000 0.857493 0.514496
vn -0.000000 0.857493 0.514496
vn -0.000000 0.857493 0.514496
vn -0.000000 0.857493 0.514496
vn -0.000000 0.857493 0.514496
vn -0.000000 -0.016820 0.999859
vn -0.000000 -0.016820 0.999859
vn -0.000000 -0.016820 0.999859
vn -0.000000 -0.016820 0.999859
vn -0.000000 -0.016820 0.999859
vn -0.000000 -0.016820 0.999859
vn -0.000000 -0.016820 0.999859
vn -0.000000 -0.016820 0.999859
vn -0.000000 -0.016820 0.999859
vn -0.000000 -0.016820 0.999859
vn -0.000000 -0.016820 0.999859
vn -0.000000 -0.016820 0.999859
vn -0.000000 -0.016820 0.999859
vn -0.000000 -0.016820 0.999859
vn -0.000000 -0.016820 0.999859
vn -0.000000 -0.016820 0.999859
vn 0.453769 0.891119 -0.000000
vn 0.453769 0.891119 -0.000000
vn 0.392589 0.919714 -0.000000
vn 0.415397 0.909640 -0.000000
vn 0.327785 0.944752 -0.000000
vn 0.499308 0.866424 -0.000000
vn 0.471760 0.881727 -0.000000
vn 0.489557 0.871971 -0.000000
vn 0.507153 0.861856 -0.000000
vn 0.527014 0.849856 -0.000000
vn 0.546592 0.837399 -0.000000
vn 0.507153 0.861856 -0.000000
vn 0.578771 0.815490 -0.000000
vn 0.565875 0.824491 -0.000000
vn 0.565875 0.824491 -0.000000
vn 0.612106 0.790776 -0.000000
vn 0.546592 0.837399 -0.000000
vn 0.507153 0.861856 -0.000000
vn 0.527014 0.849856 -0.000000
vn 0.507153 0.861856 -0.000000
vn 0.440394 0.897805 -0.000000
vn 0.492755 0.870168 -0.000000
vn 0.478222 0.878239 -0.000000
vn 0.463556 0.886068 -0.000000
vn 0.366440 0.930442 -0.000000
vn 0.250653 0.968077 -0.000000
vn 0.265146 0.964208 -0.000000
vn 0.265146 0.964208 -0.000000
vn 0.329619 0.944114 -0.000000
vn 0.284054 0.958808 -0.000000
vn 0.250317 0.968164 -0.000000
vn 0.232107 0.972690 -0.000000
vn 0.213816 0.976874 -0.000000
vn 0.453769 -0.891119 -0.000000
vn 0.392589 -0.919714 -0.000000
vn 0.453769 -0.891119 -0.000000
vn 0.415397 -0.909640 -0.000000
vn 0.499308 -0.866424 -0.000000
vn 0.327785 -0.944752 -0.000000
vn 0.329619 -0.944114 -0.000000
vn 0.284054 -0.958808 -0.000000
vn 0.265146 -0.964208 -0.000000
vn 0.212174 -0.977232 -0.000000
vn 0.250317 -0.968164 -0.000000
vn 0.212174 -0.977232 -0.000000
vn 0.131093 -0.991370 -0.000000
vn 0.082405 -0.996599 -0.000000
vn 0.114515 -0.993422 -0.000000
vn 0.097905 -0.995196 -0.000000
vn 0.250653 -0.968077 -0.000000
vn 0.265146 -0.964208 -0.000000
vn 0.366440 -0.930442 -0.000000
vn 0.440394 -0.897805 -0.000000
vn 0.463556 -0.886068 -0.000000
vn 0.478222 -0.878239 -0.000000
vn 0.492755 -0.870168 -0.000000
vn 0.507153 -0.861856 -0.000000
vn 0.612106 -0.790776 -0.000000
vn 0.565875 -0.824491 -0.000000
vn 0.578771 -0.815490 -0.000000
vn 0.565875 -0.824491 -0.000000
vn 0.546592 -0.837399 -0.000000
vn 0.507153 -0.861856 -0.000000
vn 0.527014 -0.849856 -0.000000
vn 0.546592 -0.837399 -0.000000
vn 0.527014 -0.849856 -0.000000
vn 0.507153 -0.861856 -0.000000
vn 0.507153 -0.861856 -0.000000
vn 0.489557 -0.871971 -0.000000
vn 0.471760 -0.881727 -0.000000
vn 0.081268 0.996692 -0.000000
vn -0.004945 0.999988 -0.000000
vn -0.038550 0.999257 -0.000000
vn -0.088769 0.996052 -0.000000
vn -0.058420 0.998292 -0.000000
vn -0.106654 0.994296 -0.000000
vn -0.154639 0.987971 -0.000000
vn -0.202261 0.979332 -0.000000
vn -0.202261 0.979332 -0.000000
vn 0.078914 0.996881 -0.000000
vn 0.097905 0.995196 -0.000000
vn 0.114515 0.993422 -0.000000
vn 0.162217 0.986755 -0.000000
vn 0.131093 0.991370 -0.000000
vn 0.195450 0.980714 -0.000000
vn 0.125458 0.992099 -0.000000
vn 0.050649 0.998717 -0.000000
vn 0.105587 0.994410 -0.000000
vn 0.085420 0.996345 -0.000000
vn 0.017800 0.999842 -0.000000
vn -0.000986 1.000000 -0.000000
vn -0.019771 0.999805 -0.000000
vn -0.058420 0.998292 -0.000000
vn 0.081268 -0.996692 -0.000000
vn -0.038550 -0.999257 0.000000
vn -0.048783 -0.998809 0.000000
vn -0.058420 -0.998292 0.000000
vn -0.058420 -0.998292 0.000000
vn -0.019771 -0.999805 0.000000
vn -0.000986 -1.000000 0.000000
vn 0.050649 -0.998717 -0.000000
vn 0.017800 -0.999842 -0.000000
vn 0.085420 -0.996345 -0.000000
vn 0.105587 -0.994410 -0.000000
vn 0.125458 -0.992099 -0.000000
vn 0.195450 -0.980714 -0.000000
vn 0.213816 -0.976874 -0.000000
vn 0.232107 -0.972690 -0.000000
vn -0.308378 0.951264 -0.000000
vn -0.259797 0.965663 -0.000000
vn -0.269487 0.963004 -0.000000
vn -0.259797 0.965663 -0.000000
vn -0.240709 0.970597 -0.000000
vn -0.217919 0.975967 -0.000000
vn -0.221528 0.975154 -0.000000
vn -0.151428 0.988468 -0.000000
vn -0.176322 0.984332 -0.000000
vn -0.291739 0.956498 -0.000000
vn -0.347305 0.937752 -0.000000
vn -0.403043 0.915181 -0.000000
vn -0.528964 0.848644 -0.000000
vn -0.440261 0.897870 -0.000000
vn -0.520473 0.853878 -0.000000
vn -0.403043 0.915181 -0.000000
vn -0.356365 0.934347 -0.000000
vn -0.356168 0.934422 -0.000000
vn -0.240709 -0.970597 0.000000
vn -0.259797 -0.965663 0.000000
vn -0.269487 -0.963004 0.000000
vn -0.259797 -0.965663 0.000000
vn -0.308378 -0.951264 0.000000
vn -0.356365 -0.934347 0.000000
vn -0.356168 -0.934422 0.000000
vn -0.403043 -0.915181 0.000000
vn -0.440261 -0.897870 0.000000
vn -0.403043 -0.915181 0.000000
vn -0.528964 -0.848644 0.000000
vn -0.347305 -0.937752 0.000000
vn -0.291739 -0.956498 0.000000
vn -0.151428 -0.988468 0.000000
vn -0.176322 -0.984332 0.000000
vn -0.106654 -0.994296 0.000000
vn -0.179130 -0.983825 0.000000
vn -0.154639 -0.987971 0.000000
vn -0.202261 -0.979332 0.000000
vn -0.202261 -0.979332 0.000000
vn -0.217919 -0.975967 0.000000
vn -0.179130 -0.983825 0.000000
vn -0.088769 -0.996052 0.000000
vn -0.048783 -0.998809 0.000000
vn -0.004945 -0.999988 0.000000
vn 0.082405 -0.996599 -0.000000
vn 0.078914 -0.996881 -0.000000
vn 0.162217 -0.986755 -0.000000
vn -0.221528 -0.975154 0.000000
vn 0.912989 0.407985 -0.000000
vn 0.915655 0.401965 -0.000000
vn 0.947258 0.320472 -0.000000
vn 0.949247 0.314531 -0.000000
vn 0.962902 0.269852 -0.000000
vn 0.982667 0.185381 -0.000000
vn 0.990052 0.140702 -0.000000
vn 0.990267 0.139179 -0.000000
vn 0.998360 0.057246 -0.000000
vn 0.998447 0.055713 -0.000000
vn 0.999646 -0.026612 -0.000000
vn 0.999604 -0.028146 -0.000000
vn 0.993900 -0.110284 -0.000000
vn 0.993730 -0.111807 -0.000000
vn 0.988370 -0.152068 -0.000000
vn 0.970536 -0.240957 -0.000000
vn 0.959644 -0.281218 -0.000000
vn 0.954139 -0.299363 -0.000000
vn 0.929733 -0.368234 -0.000000
vn 0.874347 -0.485302 -0.000000
vn 0.891951 -0.452133 -0.000000
vn 0.846616 -0.532204 -0.000000
vn 0.758758 -0.651372 -0.000000
vn 0.756459 -0.654041 -0.000000
vn 0.700608 -0.713546 -0.000000
vn 0.756459 -0.654041 -0.000000
vn 0.687354 -0.726323 -0.000000
vn 0.758758 -0.651372 -0.000000
vn 0.612106 -0.790776 -0.000000
vn 0.558204 -0.829703 -0.000000
vn 0.440394 -0.897805 -0.000000
vn 0.478462 -0.878108 -0.000000
vn 0.394557 -0.918872 -0.000000
vn 0.874030 0.485873 -0.000000
vn 0.870655 0.491894 -0.000000
vn 0.824736 0.565517 -0.000000
vn 0.820631 0.571458 -0.000000
vn 0.726323 0.687354 -0.000000
vn 0.713546 0.700608 -0.000000
vn 0.700608 0.713546 -0.000000
vn 0.815490 0.578771 -0.000000
vn 0.726323 0.687354 -0.000000
vn 0.713546 0.700608 -0.000000
vn 0.687354 0.726323 -0.000000
vn 0.571458 0.820631 -0.000000
vn 0.565517 0.824736 -0.000000
vn 0.491894 0.870655 -0.000000
vn 0.485873 0.874030 -0.000000
vn 0.407985 0.912989 -0.000000
vn 0.401965 0.915655 -0.000000
vn 0.320472 0.947258 -0.000000
vn 0.314531 0.949247 -0.000000
vn 0.269852 0.962902 -0.000000
vn 0.185381 0.982667 -0.000000
vn 0.140702 0.990052 -0.000000
vn 0.139179 0.990267 -0.000000
vn 0.057246 0.998360 -0.000000
vn 0.055713 0.998447 -0.000000
vn -0.026612 0.999646 -0.000000
vn -0.028146 0.999604 -0.000000
vn -0.110284 0.993900 -0.000000
vn -0.111807 0.993730 -0.000000
vn -0.152068 0.988370 -0.000000
vn -0.240957 0.970536 -0.000000
vn -0.281218 0.959644 -0.000000
vn -0.214037 0.976826 -0.000000
vn -0.347305 0.937752 -0.000000
vn -0.151428 0.988468 -0.000000
vn -0.069555 0.997578 -0.000000
vn 0.050649 0.998717 -0.000000
vn 0.076409 0.997077 -0.000000
vn 0.220745 0.975331 -0.000000
vn 0.829703 0.558204 -0.000000
vn 0.866424 0.499308 -0.000000
vn 0.878108 0.478462 -0.000000
vn 0.909640 0.415397 -0.000000
vn 0.918872 0.394557 -0.000000
vn 0.944752 0.327785 -0.000000
vn 0.951639 0.307218 -0.000000
vn 0.958808 0.284054 -0.000000
vn 0.965334 0.261016 -0.000000
vn 0.986755 0.162217 -0.000000
vn 0.991268 0.131866 -0.000000
vn 0.996881 0.078914 -0.000000
vn 0.998831 0.048348 -0.000000
vn 0.999988 -0.004945 -0.000000
vn 0.999369 -0.035511 -0.000000
vn 0.996052 -0.088769 -0.000000
vn 0.992880 -0.119120 -0.000000
vn 0.975967 -0.217919 -0.000000
vn 0.970536 -0.240957 -0.000000
vn 0.963004 -0.269487 -0.000000
vn 0.959644 -0.281218 -0.000000
vn 0.934347 -0.356365 -0.000000
vn 0.929733 -0.368234 -0.000000
vn 0.897870 -0.440261 -0.000000
vn 0.891951 -0.452133 -0.000000
vn 0.853878 -0.520473 -0.000000
vn 0.846616 -0.532204 -0.000000
vn 0.760257 -0.649623 -0.000000
vn 0.980073 0.198635 -0.000000
vn 0.987929 0.154904 -0.000000
vn 0.988985 0.148015 -0.000000
vn 0.997437 0.071549 -0.000000
vn 0.997911 0.064611 -0.000000
vn 0.999924 -0.012310 -0.000000
vn 0.999815 -0.019248 -0.000000
vn 0.995373 -0.096082 -0.000000
vn 0.994684 -0.102971 -0.000000
vn 0.989040 -0.147650 -0.000000
vn 0.972687 -0.232121 -0.000000
vn 0.960928 -0.276800 -0.000000
vn 0.961757 -0.273905 -0.000000
vn 0.932630 -0.360835 -0.000000
vn -0.870655 0.491894 -0.000000
vn -0.824736 0.565517 -0.000000
vn -0.820631 0.571458 -0.000000
vn -0.726323 0.687354 -0.000000
vn -0.713546 0.700608 -0.000000
vn -0.688967 0.724793 -0.000000
vn -0.688967 0.724793 -0.000000
vn -0.654041 0.756459 -0.000000
vn -0.528964 0.848644 -0.000000
vn -0.532204 0.846616 -0.000000
vn -0.452133 0.891951 -0.000000
vn -0.874030 0.485873 -0.000000
vn -0.912989 0.407985 -0.000000
vn -0.915655 0.401965 -0.000000
vn -0.947258 0.320472 -0.000000
vn -0.949247 0.314531 -0.000000
vn -0.962902 0.269852 -0.000000
vn -0.982667 0.185381 -0.000000
vn -0.990052 0.140702 -0.000000
vn -0.990267 0.139179 -0.000000
vn -0.998360 0.057246 -0.000000
vn -0.998447 0.055713 -0.000000
vn -0.999646 -0.026612 0.000000
vn -0.999604 -0.028146 0.000000
vn -0.993900 -0.110284 0.000000
vn -0.993730 -0.111807 0.000000
vn -0.988370 -0.152068 0.000000
vn -0.970536 -0.240957 0.000000
vn -0.959644 -0.281218 0.000000
vn -0.979530 -0.201299 0.000000
vn -0.918958 -0.394356 0.000000
vn -0.929733 -0.368234 0.000000
vn -0.891951 -0.452133 0.000000
vn -0.980073 0.198635 -0.000000
vn -0.988985 0.148015 -0.000000
vn -0.987929 0.154904 -0.000000
vn -0.997437 0.071549 -0.000000
vn -0.958808 0.284054 -0.000000
vn -0.944752 0.327785 -0.000000
vn -0.951639 0.307218 -0.000000
vn -0.918872 0.394557 -0.000000
vn -0.909640 0.415397 -0.000000
vn -0.878108 0.478462 -0.000000
vn -0.866424 0.499308 -0.000000
vn -0.829703 0.558204 -0.000000
vn -0.815490 0.578771 -0.000000
vn -0.726323 0.687354 -0.000000
vn -0.713546 0.700608 -0.000000
vn -0.820763 0.571268 -0.000000
vn 0.999646 -0.026612 -0.000000
vn 0.999604 -0.028146 -0.000000
vn 0.993900 -0.110284 -0.000000
vn 0.993730 -0.111807 -0.000000
vn 0.988370 -0.152068 -0.000000
vn 0.998447 0.055713 -0.000000
vn 0.998360 0.057246 -0.000000
vn 0.990267 0.139179 -0.000000
vn 0.990052 0.140702 -0.000000
vn 0.982667 0.185381 -0.000000
vn 0.962902 0.269852 -0.000000
vn 0.949247 0.314531 -0.000000
vn 0.947258 0.320472 -0.000000
vn 0.915655 0.401965 -0.000000
vn 0.912989 0.407985 -0.000000
vn 0.874030 0.485873 -0.000000
vn 0.870655 0.491894 -0.000000
vn 0.824736 0.565517 -0.000000
vn 0.820631 0.571458 -0.000000
vn 0.980073 0.198635 -0.000000
vn 0.988985 0.148015 -0.000000
vn 0.987929 0.154904 -0.000000
vn 0.997437 0.071549 -0.000000
vn 0.997911 0.064611 -0.000000
vn 0.999924 -0.012310 -0.000000
vn 0.999815 -0.019248 -0.000000
vn 0.995373 -0.096082 -0.000000
vn 0.994684 -0.102971 -0.000000
vn 0.989040 -0.147650 -0.000000
vn 0.972687 -0.232121 -0.000000
vn 0.960928 -0.276800 -0.000000
vn 0.961757 -0.273905 -0.000000
vn 0.932630 -0.360835 -0.000000
vn -0.998360 0.057246 -0.000000
vn -0.990267 0.139179 -0.000000
vn -0.990052 0.140702 -0.000000
vn -0.982667 0.185381 -0.000000
vn -0.962902 0.269852 -0.000000
vn -0.949247 0.314531 -0.000000
vn -0.947258 0.320472 -0.000000
vn -0.915655 0.401965 -0.000000
vn -0.912989 0.407985 -0.000000
vn -0.874030 0.485873 -0.000000
vn -0.870655 0.491894 -0.000000
vn -0.824736 0.565517 -0.000000
vn -0.820631 0.571458 -0.000000
vn -0.998447 0.055713 -0.000000
vn -0.999646 -0.026612 0.000000
vn -0.999604 -0.028146 0.000000
vn -0.993900 -0.110284 0.000000
vn -0.993730 -0.111807 0.000000
vn -0.988370 -0.152068 0.000000
vn -0.970536 -0.240957 0.000000
vn -0.959644 -0.281218 0.000000
vn -0.963004 -0.269487 0.000000
vn -0.934347 -0.356365 0.000000
vn -0.929733 -0.368234 0.000000
vn -0.897870 -0.440261 0.000000
vn -0.891951 -0.452133 0.000000
vn -0.853878 -0.520473 0.000000
vn -0.846616 -0.532204 0.000000
vn -0.760257 -0.649623 0.000000
vn -0.756459 -0.654041 0.000000
vn -0.756459 -0.654041 0.000000
vn -0.688967 -0.724793 0.000000
vn -0.820763 -0.571268 0.000000
vn -0.972687 -0.232121 0.000000
vn -0.961757 -0.273905 0.000000
vn -0.960928 -0.276800 0.000000
vn -0.932630 -0.360835 0.000000
vn -0.931491 -0.363764 0.000000
vn -0.895664 -0.444732 0.000000
vn -0.894203 -0.447662 0.000000
vn -0.851170 -0.524891 0.000000
vn -0.849377 -0.527786 0.000000
vn -0.760257 -0.649623 0.000000
vn -0.989040 -0.147650 0.000000
vn -0.994684 -0.102971 0.000000
vn -0.995373 -0.096082 0.000000
vn -0.999815 -0.019248 0.000000
vn -0.999924 -0.012310 0.000000
vn -0.997911 0.064611 -0.000000
vn -0.997437 0.071549 -0.000000
vn -0.988985 0.148015 -0.000000
vn -0.987929 0.154904 -0.000000
vn -0.980073 0.198635 -0.000000
vn -0.958808 0.284054 -0.000000
vn -0.944752 0.327785 -0.000000
vn -0.918958 0.394356 -0.000000
vn -0.909640 0.415397 -0.000000
vn -0.866424 0.499308 -0.000000
vn -0.895664 -0.444732 0.000000
vn -0.894203 -0.447662 0.000000
vn -0.851170 -0.524891 0.000000
vn -0.849377 -0.527786 0.000000
vn -0.931491 -0.363764 0.000000
vn -0.932630 -0.360835 0.000000
vn -0.960928 -0.276800 0.000000
vn -0.961757 -0.273905 0.000000
vn -0.972687 -0.232121 0.000000
vn -0.846616 -0.532204 0.000000
vn 0.931491 -0.363764 -0.000000
vn 0.895664 -0.444732 -0.000000
vn 0.894203 -0.447662 -0.000000
vn 0.851170 -0.524891 -0.000000
vn 0.849377 -0.527786 -0.000000
vn -0.975967 -0.217919 0.000000
vn -0.992880 -0.119120 0.000000
vn -0.996052 -0.088769 0.000000
vn -0.999369 -0.035511 0.000000
vn -0.999988 -0.004945 0.000000
vn -0.998831 0.048348 -0.000000
vn -0.996881 0.078914 -0.000000
vn -0.991268 0.131866 -0.000000
vn -0.986755 0.162217 -0.000000
vn -0.965334 0.261016 -0.000000
vn -0.996881 0.078914 -0.000000
vn -0.986755 0.162217 -0.000000
vn -0.979530 0.201299 -0.000000
vn -0.975967 -0.217919 0.000000
vn -0.963004 -0.269487 0.000000
vn -0.979530 -0.201299 0.000000
vn -0.918958 -0.394356 0.000000
vn -0.996052 -0.088769 0.000000
vn -1.000000 -0.000000 0.000000
vn -0.999988 -0.004945 0.000000
vn 0.986755 0.162217 -0.000000
vn 0.954139 0.299363 -0.000000
vn 0.958808 0.284054 -0.000000
vn 0.944752 0.327785 -0.000000
vn 0.994869 0.101168 -0.000000
vn 0.996881 0.078914 -0.000000
vn 0.999988 -0.004945 -0.000000
vn 0.994869 -0.101168 -0.000000
vn 0.996052 -0.088769 -0.000000
vn 0.975967 -0.217919 -0.000000
vn 0.963004 -0.269487 -0.000000
vn 0.954139 -0.299363 -0.000000
vn 0.934347 -0.356365 -0.000000
vn 0.874347 -0.485302 -0.000000
vn 0.897870 -0.440261 -0.000000
vn 0.853878 -0.520473 -0.000000
vn -0.989040 -0.147650 0.000000
vn -0.994684 -0.102971 0.000000
vn -0.995373 -0.096082 0.000000
vn -0.999815 -0.019248 0.000000
vn -0.999924 -0.012310 0.000000
vn -0.997911 0.064611 -0.000000
vn 0.994869 -0.101168 -0.000000
vn 0.992880 -0.119120 -0.000000
vn 0.999369 -0.035511 -0.000000
vn 0.994869 0.101168 -0.000000
vn 0.998831 0.048348 -0.000000
vn 0.991268 0.131866 -0.000000
vn 0.965334 0.261016 -0.000000
vn 0.954139 0.299363 -0.000000
vn 0.951639 0.307218 -0.000000
vn 0.918872 0.394557 -0.000000
vn -0.992880 -0.119120 0.000000
vn -1.000000 -0.000000 0.000000
vn -0.999369 -0.035511 0.000000
vn -0.998831 0.048348 -0.000000
vn -0.991268 0.131866 -0.000000
vn -0.979530 0.201299 -0.000000
vn -0.965334 0.261016 -0.000000
vn -0.951639 0.307218 -0.000000
vn -0.853878 -0.520473 0.000000
vn -0.820763 -0.571268 0.000000
vn -0.688967 -0.724793 0.000000
vn -0.897870 -0.440261 0.000000
vn -0.934347 -0.356365 0.000000
vn 0.760257 -0.649623 -0.000000
vn 0.849377 -0.527786 -0.000000
vn 0.851170 -0.524891 -0.000000
vn 0.894203 -0.447662 -0.000000
vn 0.895664 -0.444732 -0.000000
vn 0.931491 -0.363764 -0.000000
vn 0.758758 0.651372 -0.000000
vn 0.829703 0.558204 -0.000000
vn 0.874347 0.485302 -0.000000
vn 0.878108 0.478462 -0.000000
vn -0.820763 0.571268 -0.000000
vn -0.829703 0.558204 -0.000000
vn -0.878108 0.478462 -0.000000
vn -0.918958 0.394356 -0.000000
vn -0.918872 0.394557 -0.000000
vn 0.815490 0.578771 -0.000000
vn 0.758758 0.651372 -0.000000
vn 0.612106 0.790776 -0.000000
vn 0.558204 0.829703 -0.000000
vn 0.440394 0.897805 -0.000000
vn 0.478462 0.878108 -0.000000
vn 0.394557 0.918872 -0.000000
vn 0.307218 0.951639 -0.000000
vn 0.250653 0.968077 -0.000000
vn 0.261016 0.965334 -0.000000
vn 0.220745 0.975331 -0.000000
vn 0.131866 0.991268 -0.000000
vn 0.076409 0.997077 -0.000000
vn 0.048348 0.998831 -0.000000
vn -0.035511 0.999369 -0.000000
vn -0.069555 0.997578 -0.000000
vn -0.119120 0.992880 -0.000000
vn -0.214037 0.976826 -0.000000
vn 0.874347 0.485302 -0.000000
vn 0.866424 0.499308 -0.000000
vn 0.909640 0.415397 -0.000000
vn -0.815490 0.578771 -0.000000
vn -0.368234 0.929733 -0.000000
vn -0.232121 0.972687 -0.000000
vn -0.273905 0.961757 -0.000000
vn -0.276800 0.960928 -0.000000
vn -0.360835 0.932630 -0.000000
vn -0.363764 0.931491 -0.000000
vn -0.444732 0.895664 -0.000000
vn -0.447662 0.894203 -0.000000
vn -0.524891 0.851170 -0.000000
vn -0.527786 0.849377 -0.000000
vn -0.649623 0.760257 -0.000000
vn -0.452133 -0.891951 0.000000
vn -0.532204 -0.846616 0.000000
vn -0.528964 -0.848644 0.000000
vn -0.654041 -0.756459 0.000000
vn -0.649623 -0.760257 0.000000
vn -0.524891 -0.851170 0.000000
vn -0.527786 -0.849377 0.000000
vn -0.447662 -0.894203 0.000000
vn -0.444732 -0.895664 0.000000
vn -0.363764 -0.931491 0.000000
vn -0.360835 -0.932630 0.000000
vn -0.276800 -0.960928 0.000000
vn -0.273905 -0.961757 0.000000
vn -0.232121 -0.972687 0.000000
vn -0.152068 -0.988370 0.000000
vn -0.110284 -0.993900 0.000000
vn -0.111807 -0.993730 0.000000
vn -0.028146 -0.999604 0.000000
vn -0.240957 -0.970536 0.000000
vn -0.281218 -0.959644 0.000000
vn -0.214037 -0.976826 0.000000
vn -0.347305 -0.937752 0.000000
vn -0.151428 -0.988468 0.000000
vn -0.368234 -0.929733 0.000000
vn -0.147650 0.989040 -0.000000
vn -0.096082 0.995373 -0.000000
vn -0.102971 0.994684 -0.000000
vn -0.019248 0.999815 -0.000000
vn -0.012310 0.999924 -0.000000
vn 0.064611 0.997911 -0.000000
vn 0.071549 0.997437 -0.000000
vn 0.148015 0.988985 -0.000000
vn 0.154904 0.987929 -0.000000
vn 0.198635 0.980073 -0.000000
vn -0.147650 -0.989040 0.000000
vn -0.096082 -0.995373 0.000000
vn -0.102971 -0.994684 0.000000
vn -0.019248 -0.999815 0.000000
vn 0.198635 -0.980073 -0.000000
vn 0.154904 -0.987929 -0.000000
vn 0.148015 -0.988985 -0.000000
vn 0.071549 -0.997437 -0.000000
vn 0.064611 -0.997911 -0.000000
vn -0.012310 -0.999924 0.000000
vn 0.269852 -0.962902 -0.000000
vn 0.320472 -0.947258 -0.000000
vn 0.314531 -0.949247 -0.000000
vn 0.401965 -0.915655 -0.000000
vn 0.185381 -0.982667 -0.000000
vn 0.140702 -0.990052 -0.000000
vn 0.139179 -0.990267 -0.000000
vn 0.057246 -0.998360 -0.000000
vn 0.055713 -0.998447 -0.000000
vn -0.026612 -0.999646 0.000000
vn -0.214037 -0.976826 0.000000
vn -0.119120 -0.992880 0.000000
vn -0.069555 -0.997578 0.000000
vn -0.035511 -0.999369 0.000000
vn 0.076409 -0.997077 -0.000000
vn 0.048348 -0.998831 -0.000000
vn 0.131866 -0.991268 -0.000000
vn 0.220745 -0.975331 -0.000000
vn 0.261016 -0.965334 -0.000000
vn 0.250653 -0.968077 -0.000000
vn 0.307218 -0.951639 -0.000000
vn 0.571458 -0.820631 -0.000000
vn 0.565517 -0.824736 -0.000000
vn 0.491894 -0.870655 -0.000000
vn 0.485873 -0.874030 -0.000000
vn 0.407985 -0.912989 -0.000000
vn -0.520473 -0.853878 0.000000
vn 0.076409 -0.997077 -0.000000
vn 0.050649 -0.998717 -0.000000
vn 0.220745 -0.975331 -0.000000
vn -0.069555 -0.997578 0.000000
vn 0.087822 -0.996136 0.000000
vn 0.127431 -0.991847 0.000000
vn 0.089473 -0.995989 0.000000
vn 0.104528 -0.994522 0.000000
vn 0.087822 -0.996136 0.000000
vn 0.082832 -0.996564 0.000000
vn 0.074615 -0.997212 0.000000
vn 0.063932 -0.997954 0.000000
vn 0.050917 -0.998703 0.000000
vn 0.035650 -0.999364 0.000000
vn 0.019040 -0.999819 0.000000
vn 0.002270 -0.999997 0.000000
vn -0.104528 -0.994522 0.000000
vn -0.014501 -0.999895 0.000000
vn -0.031113 -0.999516 0.000000
vn -0.046383 -0.998924 0.000000
vn -0.059401 -0.998234 0.000000
vn -0.070086 -0.997541 0.000000
vn -0.078303 -0.996930 0.000000
vn -0.083293 -0.996525 0.000000
vn -0.084945 -0.996386 0.000000
vn -0.141066 -0.990000 0.000000
vn -0.051743 -0.998660 0.000000
vn 0.082832 -0.996564 0.000000
vn 0.037997 -0.999278 0.000000
vn 0.074615 -0.997212 0.000000
vn 0.063932 -0.997954 0.000000
vn 0.050917 -0.998703 0.000000
vn 0.035650 -0.999364 0.000000
vn 0.019040 -0.999819 0.000000
vn 0.002270 -0.999997 0.000000
vn -0.014501 -0.999895 0.000000
vn -0.031113 -0.999516 0.000000
vn -0.046383 -0.998924 0.000000
vn -0.059401 -0.998234 0.000000
vn -0.070086 -0.997541 0.000000
vn -0.078303 -0.996930 0.000000
vn -0.083293 -0.996525 0.000000
vn 0.087822 0.996136 -0.000000
vn 0.104528 0.994522 -0.000000
vn 0.089473 0.995989 -0.000000
vn 0.127431 0.991847 -0.000000
vn 0.087822 0.996136 -0.000000
vn 0.082832 0.996564 -0.000000
vn 0.037997 0.999278 -0.000000
vn 0.074615 0.997212 -0.000000
vn 0.063932 0.997954 -0.000000
vn 0.050917 0.998703 -0.000000
vn 0.035650 0.999364 -0.000000
vn 0.019040 0.999819 -0.000000
vn 0.002270 0.999997 -0.000000
vn -0.014501 0.999895 0.000000
vn -0.051743 0.998660 0.000000
vn -0.031113 0.999516 0.000000
vn -0.046383 0.998924 0.000000
vn -0.059401 0.998234 0.000000
vn -0.070086 0.997541 0.000000
vn -0.078303 0.996930 0.000000
vn -0.083293 0.996525 0.000000
vn -0.084945 0.996386 0.000000
vn -0.141066 0.990000 0.000000
vn -0.104528 0.994522 0.000000
vn -0.309017 0.951057 0.000000
vn -0.279226 0.960225 0.000000
vn -0.328652 0.944451 0.000000
vn -0.198315 0.980138 0.000000
vn -0.148890 0.988854 0.000000
vn -0.150519 0.988607 0.000000
vn -0.061272 0.998121 0.000000
vn -0.059630 0.998221 0.000000
vn 0.028468 0.999595 -0.000000
vn 0.030110 0.999547 -0.000000
vn 0.117978 0.993016 -0.000000
vn 0.119607 0.992821 -0.000000
vn 0.162677 0.986679 -0.000000
vn 0.257768 0.966207 -0.000000
vn 0.300837 0.953675 -0.000000
vn 0.309017 0.951057 -0.000000
vn 0.394582 0.918861 -0.000000
vn 0.500000 0.866025 -0.000000
vn 0.484380 0.874858 -0.000000
vn 0.569334 0.822106 -0.000000
vn 0.669131 0.743145 -0.000000
vn 0.699671 0.714465 -0.000000
vn 0.719063 0.694945 -0.000000
vn 0.714465 0.699671 -0.000000
vn 0.774056 0.633118 -0.000000
vn 0.825359 0.564608 -0.000000
vn 0.827469 0.561511 -0.000000
vn 0.877497 0.479582 -0.000000
vn 0.879208 0.476439 -0.000000
vn 0.920906 0.389785 -0.000000
vn 0.922229 0.386643 -0.000000
vn 0.955153 0.296111 -0.000000
vn 0.956108 0.293014 -0.000000
vn 0.968679 0.248315 -0.000000
vn 0.986679 0.162677 -0.000000
vn 0.993016 0.117978 -0.000000
vn 0.992821 0.119607 -0.000000
vn 0.999547 0.030110 -0.000000
vn 0.999595 0.028468 -0.000000
vn 0.998221 -0.059630 0.000000
vn 0.998121 -0.061272 0.000000
vn 0.988854 -0.148890 0.000000
vn 0.988607 -0.150519 0.000000
vn 0.980138 -0.198315 0.000000
vn 0.957426 -0.288679 0.000000
vn 0.941692 -0.336475 0.000000
vn 0.939397 -0.342831 0.000000
vn 0.902457 -0.430781 0.000000
vn 0.899343 -0.437243 0.000000
vn 0.853806 -0.520592 0.000000
vn 0.849830 -0.527057 0.000000
vn 0.796247 -0.604972 0.000000
vn 0.791378 -0.611328 0.000000
vn 0.739865 -0.672755 0.000000
vn 0.729974 -0.683475 0.000000
vn 0.677732 -0.735309 0.000000
vn 0.662018 -0.749488 0.000000
vn 0.569334 -0.822106 0.000000
vn 0.669131 -0.743145 0.000000
vn 0.500000 -0.866025 0.000000
vn 0.082832 0.996564 -0.000000
vn 0.074615 0.997212 -0.000000
vn 0.063932 0.997954 -0.000000
vn 0.050917 0.998703 -0.000000
vn 0.035650 0.999364 -0.000000
vn 0.019040 0.999819 -0.000000
vn 0.002270 0.999997 -0.000000
vn -0.014501 0.999895 0.000000
vn -0.031113 0.999516 0.000000
vn -0.046383 0.998924 0.000000
vn -0.059401 0.998234 0.000000
vn -0.070086 0.997541 0.000000
vn -0.078303 0.996930 0.000000
vn -0.083293 0.996525 0.000000
vn -0.485427 -0.874277 0.000000
vn -0.445202 -0.895430 0.000000
vn -0.485427 -0.874277 0.000000
vn -0.535019 -0.844840 0.000000
vn -0.504715 -0.863286 0.000000
vn -0.523754 -0.851869 0.000000
vn -0.542536 -0.840033 0.000000
vn -0.563849 -0.825878 0.000000
vn -0.542536 -0.840033 0.000000
vn -0.420290 -0.907390 0.000000
vn -0.350654 -0.936505 0.000000
vn -0.352909 -0.935658 0.000000
vn -0.303872 -0.952713 0.000000
vn -0.283644 -0.958930 0.000000
vn -0.267781 -0.963480 0.000000
vn -0.283644 -0.958930 0.000000
vn -0.309017 -0.951057 0.000000
vn -0.392391 -0.919798 0.000000
vn -0.500000 -0.866025 0.000000
vn -0.495897 -0.868381 0.000000
vn -0.511614 -0.859215 0.000000
vn -0.527162 -0.849765 0.000000
vn -0.542536 -0.840033 0.000000
vn -0.669131 -0.743145 0.000000
vn -0.605355 -0.795956 0.000000
vn -0.605355 -0.795956 0.000000
vn -0.542536 -0.840033 0.000000
vn -0.563849 -0.825878 0.000000
vn -0.584793 -0.811182 0.000000
vn -0.619151 -0.785272 0.000000
vn -0.584793 -0.811182 0.000000
vn -0.485427 0.874277 0.000000
vn -0.485427 0.874277 0.000000
vn -0.420290 0.907390 0.000000
vn -0.445202 0.895430 0.000000
vn -0.350654 0.936505 0.000000
vn -0.535019 0.844840 0.000000
vn -0.504715 0.863286 0.000000
vn -0.523754 0.851869 0.000000
vn -0.542536 0.840033 0.000000
vn -0.563849 0.825878 0.000000
vn -0.584793 0.811182 0.000000
vn -0.542536 0.840033 0.000000
vn -0.619151 0.785272 0.000000
vn -0.605355 0.795956 0.000000
vn -0.605355 0.795956 0.000000
vn -0.584793 0.811182 0.000000
vn -0.542536 0.840033 0.000000
vn -0.500000 0.866025 0.000000
vn -0.669131 0.743145 0.000000
vn -0.563849 0.825878 0.000000
vn -0.542536 0.840033 0.000000
vn -0.527162 0.849765 0.000000
vn -0.511614 0.859215 0.000000
vn -0.495897 0.868381 0.000000
vn -0.392391 0.919798 0.000000
vn -0.309017 0.951057 0.000000
vn -0.283644 0.958930 0.000000
vn -0.267781 0.963480 0.000000
vn -0.283644 0.958930 0.000000
vn -0.303872 0.952713 0.000000
vn -0.352909 0.935658 0.000000
vn -0.086937 0.996214 0.000000
vn -0.027334 0.999626 0.000000
vn 0.041239 0.999149 -0.000000
vn -0.018393 0.999831 0.000000
vn -0.009532 0.999955 0.000000
vn -0.104740 0.994500 0.000000
vn -0.084476 0.996426 0.000000
vn -0.073827 0.997271 0.000000
vn -0.072946 0.997336 0.000000
vn -0.122509 0.992467 0.000000
vn -0.173535 0.984828 0.000000
vn -0.140239 0.990118 0.000000
vn -0.248314 0.968680 0.000000
vn -0.228746 0.973486 0.000000
vn -0.209086 0.977897 0.000000
vn -0.104528 0.994522 0.000000
vn -0.134210 0.990953 0.000000
vn -0.112953 0.993600 0.000000
vn -0.091379 0.995816 0.000000
vn -0.019042 0.999819 0.000000
vn 0.001055 0.999999 -0.000000
vn 0.021151 0.999776 -0.000000
vn 0.062496 0.998045 -0.000000
vn 0.104528 0.994522 -0.000000
vn 0.062496 0.998045 -0.000000
vn 0.019197 0.999816 -0.000000
vn 0.094962 0.995481 -0.000000
vn 0.005265 0.999986 -0.000000
vn 0.018316 0.999832 -0.000000
vn 0.015654 0.999877 -0.000000
vn 0.041239 -0.999149 0.000000
vn 0.005265 -0.999986 0.000000
vn -0.086937 -0.996214 0.000000
vn -0.084476 -0.996426 0.000000
vn -0.104740 -0.994500 0.000000
vn -0.122509 -0.992467 0.000000
vn -0.173535 -0.984828 0.000000
vn -0.140239 -0.990118 0.000000
vn 0.021151 -0.999776 0.000000
vn 0.062496 -0.998045 0.000000
vn 0.062496 -0.998045 0.000000
vn 0.094962 -0.995481 0.000000
vn 0.114141 -0.993465 0.000000
vn 0.165479 -0.986213 0.000000
vn 0.001055 -0.999999 0.000000
vn -0.104528 -0.994522 0.000000
vn 0.104528 -0.994522 0.000000
vn -0.019042 -0.999819 0.000000
vn -0.091379 -0.995816 0.000000
vn -0.112953 -0.993600 0.000000
vn -0.134210 -0.990953 0.000000
vn -0.209086 -0.977897 0.000000
vn -0.228746 -0.973486 0.000000
vn -0.248314 -0.968680 0.000000
vn 0.257518 -0.966274 0.000000
vn 0.277922 -0.960604 0.000000
vn 0.288288 -0.957544 0.000000
vn 0.277922 -0.960604 0.000000
vn 0.330041 -0.943967 0.000000
vn 0.381849 -0.924225 0.000000
vn 0.381172 -0.924504 0.000000
vn 0.431163 -0.902274 0.000000
vn 0.471643 -0.881790 0.000000
vn 0.431163 -0.902274 0.000000
vn 0.500000 -0.866025 0.000000
vn 0.309017 -0.951057 0.000000
vn 0.312699 -0.949852 0.000000
vn 0.189139 -0.981950 0.000000
vn 0.216372 -0.976311 0.000000
vn 0.216372 -0.976311 0.000000
vn 0.233122 -0.972447 0.000000
vn 0.236998 -0.971510 0.000000
vn 0.330041 0.943967 -0.000000
vn 0.277922 0.960604 -0.000000
vn 0.288288 0.957544 -0.000000
vn 0.277922 0.960604 -0.000000
vn 0.257518 0.966274 -0.000000
vn 0.233122 0.972447 -0.000000
vn 0.236998 0.971510 -0.000000
vn 0.216372 0.976311 -0.000000
vn 0.216372 0.976311 -0.000000
vn 0.165479 0.986213 -0.000000
vn 0.114141 0.993465 -0.000000
vn 0.189139 0.981950 -0.000000
vn 0.309017 0.951057 -0.000000
vn 0.312699 0.949852 -0.000000
vn 0.431163 0.902274 -0.000000
vn 0.500000 0.866025 -0.000000
vn 0.431163 0.902274 -0.000000
vn 0.471643 0.881790 -0.000000
vn 0.381849 0.924225 -0.000000
vn 0.381172 0.924504 -0.000000
vn 0.899343 -0.437243 0.000000
vn 0.902457 -0.430781 0.000000
vn 0.939397 -0.342831 0.000000
vn 0.941692 -0.336475 0.000000
vn 0.957426 -0.288679 0.000000
vn 0.980138 -0.198315 0.000000
vn 0.988607 -0.150519 0.000000
vn 0.988854 -0.148890 0.000000
vn 0.998121 -0.061272 0.000000
vn 0.998221 -0.059630 0.000000
vn 0.999595 0.028468 -0.000000
vn 0.999547 0.030110 -0.000000
vn 0.993016 0.117978 -0.000000
vn 0.992821 0.119607 -0.000000
vn 0.986679 0.162677 -0.000000
vn 0.966207 0.257768 -0.000000
vn 0.953675 0.300837 -0.000000
vn 0.978148 0.207912 -0.000000
vn 0.913545 0.406737 -0.000000
vn 0.853806 -0.520592 0.000000
vn 0.849830 -0.527057 0.000000
vn 0.796247 -0.604972 0.000000
vn 0.791378 -0.611328 0.000000
vn 0.739865 -0.672755 0.000000
vn 0.729974 -0.683475 0.000000
vn 0.677732 -0.735309 0.000000
vn 0.662018 -0.749488 0.000000
vn 0.669131 -0.743145 0.000000
vn 0.628347 -0.777933 0.000000
vn 0.556785 -0.830657 0.000000
vn 0.694945 -0.719063 0.000000
vn 0.726574 -0.687089 0.000000
vn 0.699671 -0.714465 0.000000
vn 0.743149 -0.669126 0.000000
vn 0.785272 -0.619151 0.000000
vn 0.802130 -0.597149 0.000000
vn 0.844840 -0.535019 0.000000
vn 0.858605 -0.512637 0.000000
vn 0.895430 -0.445202 0.000000
vn 0.906210 -0.422829 0.000000
vn 0.936505 -0.350654 0.000000
vn 0.944451 -0.328652 0.000000
vn 0.952713 -0.303872 0.000000
vn 0.960225 -0.279226 0.000000
vn 0.984828 -0.173535 0.000000
vn 0.990000 -0.141066 0.000000
vn 0.996426 -0.084476 0.000000
vn 0.998660 -0.051743 0.000000
vn 0.999986 0.005265 -0.000000
vn 0.999278 0.037997 -0.000000
vn 0.995481 0.094962 -0.000000
vn 0.991847 0.127431 -0.000000
vn 0.972447 0.233122 -0.000000
vn 0.966207 0.257768 -0.000000
vn 0.957544 0.288288 -0.000000
vn 0.953675 0.300837 -0.000000
vn 0.924225 0.381849 -0.000000
vn 0.918861 0.394582 -0.000000
vn 0.881790 0.471643 -0.000000
vn 0.874858 0.484380 -0.000000
vn 0.830657 0.556785 -0.000000
vn 0.822106 0.569334 -0.000000
vn 0.777933 0.628347 -0.000000
vn 0.719063 0.694945 -0.000000
vn 0.714465 0.699671 -0.000000
vn 0.774056 0.633118 -0.000000
vn 0.825359 0.564608 -0.000000
vn 0.827469 0.561511 -0.000000
vn 0.877497 0.479582 -0.000000
vn 0.879208 0.476439 -0.000000
vn 0.920906 0.389785 -0.000000
vn 0.922229 0.386643 -0.000000
vn 0.955153 0.296111 -0.000000
vn 0.956108 0.293014 -0.000000
vn 0.968679 0.248315 -0.000000
vn 0.977162 -0.212494 0.000000
vn 0.986174 -0.165711 0.000000
vn 0.987384 -0.158342 0.000000
vn 0.997063 -0.076589 0.000000
vn 0.997606 -0.069159 0.000000
vn 0.999914 0.013151 -0.000000
vn 0.999788 0.020581 -0.000000
vn 0.994704 0.102786 -0.000000
vn 0.993914 0.110155 -0.000000
vn 0.987447 0.157951 -0.000000
vn -0.849830 -0.527057 0.000000
vn -0.796247 -0.604972 0.000000
vn -0.791378 -0.611328 0.000000
vn -0.739865 -0.672755 0.000000
vn -0.729974 -0.683475 0.000000
vn -0.677732 -0.735309 0.000000
vn -0.662018 -0.749488 0.000000
vn -0.853806 -0.520592 0.000000
vn -0.899343 -0.437243 0.000000
vn -0.902457 -0.430781 0.000000
vn -0.939397 -0.342831 0.000000
vn -0.941692 -0.336475 0.000000
vn -0.957426 -0.288679 0.000000
vn -0.980138 -0.198315 0.000000
vn -0.988607 -0.150519 0.000000
vn -0.988854 -0.148890 0.000000
vn -0.998121 -0.061272 0.000000
vn -0.998221 -0.059630 0.000000
vn -0.999595 0.028468 0.000000
vn -0.999547 0.030110 0.000000
vn -0.993016 0.117978 0.000000
vn -0.992821 0.119607 0.000000
vn -0.986679 0.162677 0.000000
vn -0.966207 0.257768 0.000000
vn -0.953675 0.300837 0.000000
vn -0.978148 0.207912 0.000000
vn -0.913545 0.406737 0.000000
vn -0.918861 0.394582 0.000000
vn -0.874858 0.484380 0.000000
vn -0.977162 -0.212494 0.000000
vn -0.987384 -0.158342 0.000000
vn -0.986174 -0.165711 0.000000
vn -0.997063 -0.076589 0.000000
vn -0.952713 -0.303872 0.000000
vn -0.936505 -0.350654 0.000000
vn -0.944451 -0.328652 0.000000
vn -0.906210 -0.422829 0.000000
vn -0.895430 -0.445202 0.000000
vn -0.858605 -0.512637 0.000000
vn -0.844840 -0.535019 0.000000
vn -0.802130 -0.597149 0.000000
vn -0.785272 -0.619151 0.000000
vn -0.749488 -0.662018 0.000000
vn -0.726574 -0.687089 0.000000
vn -0.687089 -0.726574 0.000000
vn 0.977162 -0.212494 0.000000
vn 0.987384 -0.158342 0.000000
vn 0.986174 -0.165711 0.000000
vn 0.997063 -0.076589 0.000000
vn 0.997606 -0.069159 0.000000
vn 0.999914 0.013151 -0.000000
vn 0.999788 0.020581 -0.000000
vn 0.994704 0.102786 -0.000000
vn 0.993914 0.110155 -0.000000
vn 0.987447 0.157951 -0.000000
vn -0.998121 -0.061272 0.000000
vn -0.988854 -0.148890 0.000000
vn -0.988607 -0.150519 0.000000
vn -0.980138 -0.198315 0.000000
vn -0.957426 -0.288679 0.000000
vn -0.941692 -0.336475 0.000000
vn -0.939397 -0.342831 0.000000
vn -0.902457 -0.430781 0.000000
vn -0.899343 -0.437243 0.000000
vn -0.853806 -0.520592 0.000000
vn -0.849830 -0.527057 0.000000
vn -0.796247 -0.604972 0.000000
vn -0.791378 -0.611328 0.000000
vn -0.739865 -0.672755 0.000000
vn -0.729974 -0.683475 0.000000
vn -0.677732 -0.735309 0.000000
vn -0.662018 -0.749488 0.000000
vn -0.669126 -0.743149 0.000000
vn -0.597149 -0.802130 0.000000
vn -0.998221 -0.059630 0.000000
vn -0.999595 0.028468 0.000000
vn -0.999547 0.030110 0.000000
vn -0.993016 0.117978 0.000000
vn -0.992821 0.119607 0.000000
vn -0.986679 0.162677 0.000000
vn -0.966207 0.257768 0.000000
vn -0.953675 0.300837 0.000000
vn -0.957544 0.288288 0.000000
vn -0.924225 0.381849 0.000000
vn -0.918861 0.394582 0.000000
vn -0.881790 0.471643 0.000000
vn -0.874858 0.484380 0.000000
vn -0.830657 0.556785 0.000000
vn -0.822106 0.569334 0.000000
vn -0.777933 0.628347 0.000000
vn -0.735309 0.677732 0.000000
vn -0.749488 0.662018 0.000000
vn -0.683475 0.729974 0.000000
vn -0.672755 0.739865 0.000000
vn -0.611328 0.791378 0.000000
vn -0.604972 0.796247 0.000000
vn -0.527057 0.849830 0.000000
vn -0.520592 0.853806 0.000000
vn -0.437243 0.899343 0.000000
vn -0.430781 0.902457 0.000000
vn -0.342831 0.939397 0.000000
vn -0.336475 0.941692 0.000000
vn -0.288679 0.957426 0.000000
vn -0.968679 0.248315 0.000000
vn -0.956108 0.293014 0.000000
vn -0.955153 0.296111 0.000000
vn -0.922229 0.386643 0.000000
vn -0.920906 0.389785 0.000000
vn -0.879208 0.476439 0.000000
vn -0.877497 0.479582 0.000000
vn -0.827469 0.561511 0.000000
vn -0.825359 0.564608 0.000000
vn -0.774056 0.633118 0.000000
vn -0.719063 0.694945 0.000000
vn -0.714465 0.699671 0.000000
vn -0.669131 0.743145 0.000000
vn -0.669126 0.743149 0.000000
vn -0.597149 0.802130 0.000000
vn -0.500000 0.866025 0.000000
vn -0.512637 0.858605 0.000000
vn -0.422829 0.906210 0.000000
vn -0.987447 0.157951 0.000000
vn -0.993914 0.110155 0.000000
vn -0.994704 0.102786 0.000000
vn -0.999788 0.020581 0.000000
vn -0.999914 0.013151 0.000000
vn -0.997606 -0.069159 0.000000
vn -0.997063 -0.076589 0.000000
vn -0.987384 -0.158342 0.000000
vn -0.986174 -0.165711 0.000000
vn -0.977162 -0.212494 0.000000
vn -0.952713 -0.303872 0.000000
vn -0.936505 -0.350654 0.000000
vn -0.913545 -0.406737 0.000000
vn -0.895430 -0.445202 0.000000
vn -0.844840 -0.535019 0.000000
vn -0.879208 0.476439 0.000000
vn -0.877497 0.479582 0.000000
vn -0.827469 0.561511 0.000000
vn -0.825359 0.564608 0.000000
vn -0.774056 0.633118 0.000000
vn -0.719063 0.694945 0.000000
vn -0.714465 0.699671 0.000000
vn -0.687089 0.726574 0.000000
vn -0.920906 0.389785 0.000000
vn -0.922229 0.386643 0.000000
vn -0.955153 0.296111 0.000000
vn -0.956108 0.293014 0.000000
vn -0.968679 0.248315 0.000000
vn -0.809017 0.587785 0.000000
vn -0.822106 0.569334 0.000000
vn 0.822106 0.569334 -0.000000
vn 0.809017 0.587785 -0.000000
vn 0.669131 0.743145 -0.000000
vn 0.694945 0.719063 -0.000000
vn 0.628347 0.777933 -0.000000
vn 0.556785 0.830657 -0.000000
vn 0.874858 0.484380 -0.000000
vn 0.918861 0.394582 -0.000000
vn -0.972447 0.233122 0.000000
vn -0.991847 0.127431 0.000000
vn -0.995481 0.094962 0.000000
vn -0.999278 0.037997 0.000000
vn -0.999986 0.005265 0.000000
vn -0.998660 -0.051743 0.000000
vn -0.996426 -0.084476 0.000000
vn -0.990000 -0.141066 0.000000
vn -0.984828 -0.173535 0.000000
vn -0.960225 -0.279226 0.000000
vn -0.996426 -0.084476 0.000000
vn -0.984828 -0.173535 0.000000
vn -0.978148 -0.207912 0.000000
vn -0.972447 0.233122 0.000000
vn -0.957544 0.288288 0.000000
vn -0.978148 0.207912 0.000000
vn -0.913545 0.406737 0.000000
vn -0.995481 0.094962 0.000000
vn -1.000000 0.000000 0.000000
vn -0.999986 0.005265 0.000000
vn 0.984828 -0.173535 0.000000
vn 0.978148 -0.207912 0.000000
vn 0.952713 -0.303872 0.000000
vn 0.913545 -0.406737 0.000000
vn 0.936505 -0.350654 0.000000
vn 0.895430 -0.445202 0.000000
vn 0.844840 -0.535019 0.000000
vn 0.809017 -0.587785 0.000000
vn 0.785272 -0.619151 0.000000
vn 0.726574 -0.687089 0.000000
vn 0.996426 -0.084476 0.000000
vn 1.000000 -0.000000 0.000000
vn 0.999986 0.005265 -0.000000
vn 0.995481 0.094962 -0.000000
vn 0.978148 0.207912 -0.000000
vn 0.972447 0.233122 -0.000000
vn 0.957544 0.288288 -0.000000
vn -0.987447 0.157951 0.000000
vn -0.993914 0.110155 0.000000
vn -0.994704 0.102786 0.000000
vn -0.999788 0.020581 0.000000
vn -0.999914 0.013151 0.000000
vn -0.997606 -0.069159 0.000000
vn 0.991847 0.127431 -0.000000
vn 1.000000 0.000000 -0.000000
vn 0.999278 0.037997 -0.000000
vn 0.998660 -0.051743 0.000000
vn 0.990000 -0.141066 0.000000
vn 0.978148 -0.207912 0.000000
vn 0.960225 -0.279226 0.000000
vn 0.913545 -0.406737 0.000000
vn 0.944451 -0.328652 0.000000
vn 0.906210 -0.422829 0.000000
vn -0.991847 0.127431 0.000000
vn -1.000000 0.000000 0.000000
vn -0.999278 0.037997 0.000000
vn -0.998660 -0.051743 0.000000
vn -0.990000 -0.141066 0.000000
vn -0.978148 -0.207912 0.000000
vn -0.960225 -0.279226 0.000000
vn -0.944451 -0.328652 0.000000
vn -0.735309 -0.677732 0.000000
vn -0.743149 -0.669126 0.000000
vn -0.777933 0.628347 0.000000
vn -0.809017 0.587785 0.000000
vn -0.830657 0.556785 0.000000
vn -0.881790 0.471643 0.000000
vn -0.924225 0.381849 0.000000
vn 0.881790 0.471643 -0.000000
vn 0.830657 0.556785 -0.000000
vn 0.809017 0.587785 -0.000000
vn 0.777933 0.628347 -0.000000
vn 0.913545 0.406737 -0.000000
vn 0.924225 0.381849 -0.000000
vn 0.858605 -0.512637 0.000000
vn 0.802130 -0.597149 0.000000
vn 0.809017 -0.587785 0.000000
vn 0.743149 -0.669126 0.000000
vn -0.743149 -0.669126 0.000000
vn -0.809017 -0.587785 0.000000
vn -0.802130 -0.597149 0.000000
vn -0.858605 -0.512637 0.000000
vn -0.913545 -0.406737 0.000000
vn -0.906210 -0.422829 0.000000
vn -0.809017 -0.587785 0.000000
vn -0.785272 -0.619151 0.000000
vn -0.726574 -0.687089 0.000000
vn -0.669131 -0.743145 0.000000
vn 0.248315 0.968679 -0.000000
vn 0.293014 0.956108 -0.000000
vn 0.296111 0.955153 -0.000000
vn 0.386643 0.922229 -0.000000
vn 0.389785 0.920906 -0.000000
vn 0.476439 0.879208 -0.000000
vn 0.479582 0.877497 -0.000000
vn 0.561511 0.827469 -0.000000
vn 0.564608 0.825359 -0.000000
vn 0.633118 0.774056 -0.000000
vn 0.633118 -0.774056 0.000000
vn 0.564608 -0.825359 0.000000
vn 0.561511 -0.827469 0.000000
vn 0.479582 -0.877497 0.000000
vn 0.476439 -0.879208 0.000000
vn 0.389785 -0.920906 0.000000
vn 0.386643 -0.922229 0.000000
vn 0.296111 -0.955153 0.000000
vn 0.293014 -0.956108 0.000000
vn 0.248315 -0.968679 0.000000
vn 0.162677 -0.986679 0.000000
vn 0.117978 -0.993016 0.000000
vn 0.119607 -0.992821 0.000000
vn 0.030110 -0.999547 0.000000
vn 0.257768 -0.966207 0.000000
vn 0.300837 -0.953675 0.000000
vn 0.309017 -0.951057 0.000000
vn 0.394582 -0.918861 0.000000
vn 0.484380 -0.874858 0.000000
vn 0.157951 0.987447 -0.000000
vn 0.102786 0.994704 -0.000000
vn 0.110155 0.993914 -0.000000
vn 0.020581 0.999788 -0.000000
vn 0.013151 0.999914 -0.000000
vn -0.069159 0.997606 0.000000
vn -0.076589 0.997063 0.000000
vn -0.158342 0.987384 0.000000
vn -0.165711 0.986174 0.000000
vn -0.212494 0.977162 0.000000
vn -0.036274 0.999342 0.000000
vn -0.045127 0.998981 0.000000
vn -0.053266 0.998580 0.000000
vn 0.157951 -0.987447 0.000000
vn 0.102786 -0.994704 0.000000
vn 0.110155 -0.993914 0.000000
vn 0.020581 -0.999788 0.000000
vn -0.212494 -0.977162 0.000000
vn -0.165711 -0.986174 0.000000
vn -0.158342 -0.987384 0.000000
vn -0.076589 -0.997063 0.000000
vn -0.069159 -0.997606 0.000000
vn 0.013151 -0.999914 0.000000
vn -0.288679 -0.957426 0.000000
vn -0.342831 -0.939397 0.000000
vn -0.336475 -0.941692 0.000000
vn -0.430781 -0.902457 0.000000
vn -0.198315 -0.980138 0.000000
vn -0.150519 -0.988607 0.000000
vn -0.148890 -0.988854 0.000000
vn -0.061272 -0.998121 0.000000
vn -0.059630 -0.998221 0.000000
vn 0.028468 -0.999595 0.000000
vn -0.279226 -0.960225 0.000000
vn -0.328652 -0.944451 0.000000
vn -0.309017 -0.951057 0.000000
vn -0.422829 -0.906210 0.000000
vn -0.500000 -0.866025 0.000000
vn -0.512637 -0.858605 0.000000
vn -0.683475 -0.729974 0.000000
vn -0.672755 -0.739865 0.000000
vn -0.611328 -0.791378 0.000000
vn -0.604972 -0.796247 0.000000
vn -0.527057 -0.849830 0.000000
vn -0.520592 -0.853806 0.000000
vn -0.437243 -0.899343 0.000000
vn 0.011269 0.999937 -0.000000
vn 0.005566 0.999985 -0.000000
vn -0.001383 0.999999 0.000000
vn -0.009532 0.999955 0.000000
vn -0.018393 0.999831 0.000000
vn -0.027334 0.999626 0.000000
vn -0.060206 0.998186 0.000000
vn -0.065903 0.997826 0.000000
vn -0.070285 0.997527 0.000000
vn -0.072946 0.997336 0.000000
vn -0.070285 0.997527 0.000000
vn -0.065903 0.997826 0.000000
vn -0.060206 0.998186 0.000000
vn -0.053266 0.998580 0.000000
vn -0.045127 0.998981 0.000000
vn -0.036274 0.999342 0.000000
vn -0.001383 0.999999 0.000000
vn 0.005566 0.999985 -0.000000
vn 0.011269 0.999937 -0.000000
vn 0.015654 0.999877 -0.000000
vn 0.018316 0.999832 -0.000000
vn -0.000000 -0.000000 -1.000000
vn -0.000000 -0.000000 -1.000000
vn -0.000000 -0.000000 -1.000000
vn -0.000000 -0.000000 -1.000000
vn -0.000000 -0.000000 -1.000000
vn -0.000000 -0.000000 -1.000000
vn -0.000000 -0.000000 -1.000000
vn -0.000000 -0.000000 -1.000000
vn 1.000000 -0.000000 -0.000000
vn 1.000000 -0.000000 -0.000000
vn 1.000000 -0.000000 -0.000000
vn 1.000000 -0.000000 -0.000000
vn 0.000000 0.000000 1.000000
vn 0.000000 0.000000 1.000000
vn 0.000000 0.000000 1.000000
vn 0.000000 0.000000 1.000000
vn 0.000000 0.000000 1.000000
vn 0.000000 0.000000 1.000000
vn 0.000000 0.000000 1.000000
vn 0.000000 0.000000 1.000000
vn 1.000000 -0.000000 -0.000000
vn 1.000000 -0.000000 -0.000000
vn 1.000000 -0.000000 -0.000000
vn 1.000000 -0.000000 -0.000000
vn 1.000000 -0.000000 -0.000000
vn 1.000000 -0.000000 -0.000000
vn 1.000000 -0.000000 -0.000000
vn 1.000000 -0.000000 -0.000000
vn 0.000000 0.000000 1.000000
vn 0.000000 0.000000 1.000000
vn 0.000000 0.000000 1.000000
vn 0.000000 0.000000 1.000000
vn 0.000000 0.000000 1.000000
vn 0.000000 0.000000 1.000000
vn 0.000000 0.000000 1.000000
vn 0.000000 0.000000 1.000000
vn 0.000000 0.000000 1.000000
vn 0.000000 0.000000 1.000000
vn 0.000000 0.000000 1.000000
vn 0.000000 0.000000 1.000000
vn 0.000000 0.000000 1.000000
vn 0.000000 0.000000 1.000000
vn 0.000000 0.000000 1.000000
vn 0.000000 0.000000 1.000000
vn 0.000000 0.000000 1.000000
vn 0.000000 0.000000 1.000000
vn 0.000000 0.000000 1.000000
vn 0.000000 0.000000 1.000000
vn 0.000000 0.000000 1.000000
vn 0.000000 0.000000 1.000000
vn 0.000000 0.000000 1.000000
vn 0.000000 0.000000 1.000000
vn -1.000000 -0.000000 -0.000000
vn -1.000000 -0.000000 -0.000000
vn -1.000000 -0.000000 -0.000000
vn -1.000000 -0.000000 -0.000000
vn -1.000000 -0.000000 -0.000000
vn -1.000000 -0.000000 -0.000000
vn -1.000000 -0.000000 -0.000000
vn -1.000000 -0.000000 -0.000000
vn 1.000000 -0.000000 -0.000000
vn 1.000000 -0.000000 -0.000000
vn 1.000000 -0.000000 -0.000000
vn 1.000000 -0.000000 -0.000000
vn 0.000000 0.000000 1.000000
vn 0.000000 0.000000 1.000000
vn 0.000000 0.000000 1.000000
vn 0.000000 0.000000 1.000000
vn 0.000000 0.000000 1.000000
vn 0.000000 0.000000 1.000000
vn 0.000000 0.000000 1.000000
vn 0.000000 0.000000 1.000000
vn 0.000000 0.000000 1.000000
vn 0.000000 0.000000 1.000000
vn 0.000000 0.000000 1.000000
vn 0.000000 0.000000 1.000000
vn 0.000000 0.000000 1.000000
vn 0.000000 0.000000 1.000000
vn 0.000000 0.000000 1.000000
vn 0.000000 0.000000 1.000000
vn -0.000000 -0.000000 -1.000000
vn -0.000000 -0.000000 -1.000000
vn -0.000000 -0.000000 -1.000000
vn -0.000000 -0.000000 -1.000000
vn -0.000000 -0.000000 -1.000000
vn -0.000000 -0.000000 -1.000000
vn -0.000000 -0.000000 -1.000000
vn -0.000000 -0.000000 -1.000000
vn -1.000000 -0.000000 -0.000000
vn -1.000000 -0.000000 -0.000000
vn -1.000000 -0.000000 -0.000000
vn -1.000000 -0.000000 -0.000000
vn -1.000000 -0.000000 -0.000000
vn -1.000000 -0.000000 -0.000000
vn -1.000000 -0.000000 -0.000000
vn -1.000000 -0.000000 -0.000000
vn 0.000000 0.000000 1.000000
vn 0.000000 0.000000 1.000000
vn 0.000000 0.000000 1.000000
vn 0.000000 0.000000 1.000000
vn 0.000000 0.000000 1.000000
vn 0.000000 0.000000 1.000000
vn 0.000000 0.000000 1.000000
vn 0.000000 0.000000 1.000000
vn -0.935239 -0.000000 0.354017
vn -0.935239 -0.000000 0.354017
vn -0.935239 -0.000000 0.354017
vn -0.935239 -0.000000 0.354017
vn -0.000000 -0.000000 -1.000000
vn -0.000000 -0.000000 -1.000000
vn -0.000000 -0.000000 -1.000000
vn -0.000000 -0.000000 -1.000000
vn -0.000000 -0.000000 -1.000000
vn -0.000000 -0.000000 -1.000000
vn -0.000000 -0.000000 -1.000000
vn -0.000000 -0.000000 -1.000000
vn 0.939624 -0.000000 -0.342209
vn 0.939624 -0.000000 -0.342209
vn 0.939624 -0.000000 -0.342209
vn 0.939624 -0.000000 -0.342209
vn 0.934655 0.000000 0.355556
vn 0.934655 0.000000 0.355556
vn 0.934655 0.000000 0.355556
vn 0.934655 0.000000 0.355556
vn 0.934655 0.000000 0.355556
vn 0.934655 0.000000 0.355556
vn 0.934655 0.000000 0.355556
vn 0.934655 0.000000 0.355556
vn 0.000000 0.000000 1.000000
vn 0.000000 0.000000 1.000000
vn 0.000000 0.000000 1.000000
vn 0.000000 0.000000 1.000000
vn 0.000000 0.000000 1.000000
vn 0.000000 0.000000 1.000000
vn 0.000000 0.000000 1.000000
vn 0.000000 0.000000 1.000000
vn -0.000000 -0.000000 -1.000000
vn -0.000000 -0.000000 -1.000000
vn -0.000000 -0.000000 -1.000000
vn -0.000000 -0.000000 -1.000000
vn -0.000000 -0.000000 -1.000000
vn -0.000000 -0.000000 -1.000000
vn -0.000000 -0.000000 -1.000000
vn -0.000000 -0.000000 -1.000000
vn -0.000000 -0.000000 -1.000000
vn -0.000000 -0.000000 -1.000000
vn -0.000000 -0.000000 -1.000000
vn -0.000000 -0.000000 -1.000000
vn -0.000000 -0.000000 -1.000000
vn -0.000000 -0.000000 -1.000000
vn -0.000000 -0.000000 -1.000000
vn -0.000000 -0.000000 -1.000000
vn -0.935239 -0.000000 0.354017
vn -0.935239 -0.000000 0.354017
vn -0.935239 -0.000000 0.354017
vn -0.935239 -0.000000 0.354017
vn -0.941339 -0.000000 -0.337461
vn -0.941339 -0.000000 -0.337461
vn -0.941339 -0.000000 -0.337461
vn -0.941339 -0.000000 -0.337461
vn -0.941339 -0.000000 -0.337461
vn -0.941339 -0.000000 -0.337461
vn -0.941339 -0.000000 -0.337461
vn -0.941339 -0.000000 -0.337461
vn -0.000000 -0.000000 -1.000000
vn -0.000000 -0.000000 -1.000000
vn -0.000000 -0.000000 -1.000000
vn -0.000000 -0.000000 -1.000000
vn -0.000000 -0.000000 -1.000000
vn -0.000000 -0.000000 -1.000000
vn -0.000000 -0.000000 -1.000000
vn -0.000000 -0.000000 -1.000000
vn -0.960891 -0.000000 -0.276928
vn -0.960891 -0.000000 -0.276928
vn -0.944419 -0.000000 -0.328745
vn -0.944419 -0.000000 -0.328745
vn -0.960891 -0.000000 -0.276928
vn -0.944419 -0.000000 -0.328745
vn -0.960891 -0.000000 -0.276928
vn -0.944419 -0.000000 -0.328745
vn 0.939624 -0.000000 -0.342209
vn 0.939624 -0.000000 -0.342209
vn 0.939624 -0.000000 -0.342209
vn 0.939624 -0.000000 -0.342209
vn 0.940899 -0.000000 -0.338687
vn 0.940899 -0.000000 -0.338687
vn 0.957252 -0.000000 -0.289254
vn 0.957252 -0.000000 -0.289254
vn 0.940899 -0.000000 -0.338687
vn 0.957252 -0.000000 -0.289254
vn 0.940899 -0.000000 -0.338687
vn 0.957252 -0.000000 -0.289254
vn -1.000000 -0.000000 -0.000000
vn -1.000000 -0.000000 -0.000000
vn -1.000000 -0.000000 -0.000000
vn -1.000000 -0.000000 -0.000000
vn -0.000000 -0.000000 -1.000000
vn -0.000000 -0.000000 -1.000000
vn -0.000000 -0.000000 -1.000000
vn -0.000000 -0.000000 -1.000000
vn -0.000000 -0.000000 -1.000000
vn -0.000000 -0.000000 -1.000000
vn -0.000000 -0.000000 -1.000000
vn -0.000000 -0.000000 -1.000000
vn 0.817611 -0.000000 -0.575771
vn 0.817611 -0.000000 -0.575771
vn 0.817611 -0.000000 -0.575771
vn 0.817611 -0.000000 -0.575771
vn 0.817611 -0.000000 -0.575771
vn 0.817611 -0.000000 -0.575771
vn 1.000000 -0.000000 -0.000000
vn 1.000000 -0.000000 -0.000000
vn 1.000000 -0.000000 -0.000000
vn 1.000000 -0.000000 -0.000000
vn 0.000000 0.000000 1.000000
vn 0.000000 0.000000 1.000000
vn 0.000000 0.000000 1.000000
vn 0.000000 0.000000 1.000000
vn 0.000000 0.000000 1.000000
vn 0.000000 0.000000 1.000000
vn 0.000000 0.000000 1.000000
vn 0.000000 0.000000 1.000000
vn 1.000000 -0.000000 -0.000000
vn 1.000000 -0.000000 -0.000000
vn 1.000000 -0.000000 -0.000000
vn 1.000000 -0.000000 -0.000000
vn 1.000000 -0.000000 -0.000000
vn 1.000000 -0.000000 -0.000000
vn 1.000000 -0.000000 -0.000000
vn 1.000000 -0.000000 -0.000000
vn 0.000000 0.000000 1.000000
vn 0.000000 0.000000 1.000000
vn 0.000000 0.000000 1.000000
vn 0.000000 0.000000 1.000000
vn 0.000000 0.000000 1.000000
vn 0.000000 0.000000 1.000000
vn 0.000000 0.000000 1.000000
vn 0.000000 0.000000 1.000000
vn 0.000000 0.000000 1.000000
vn 0.000000 0.000000 1.000000
vn 0.000000 0.000000 1.000000
vn 0.000000 0.000000 1.000000
vn 0.000000 0.000000 1.000000
vn 0.000000 0.000000 1.000000
vn 0.000000 0.000000 1.000000
vn 0.000000 0.000000 1.000000
vn 0.000000 0.000000 1.000000
vn 0.000000 0.000000 1.000000
vn 0.000000 0.000000 1.000000
vn 0.000000 0.000000 1.000000
vn 0.000000 0.000000 1.000000
vn 0.000000 0.000000 1.000000
vn 0.000000 0.000000 1.000000
vn 0.000000 0.000000 1.000000
vn -1.000000 -0.000000 -0.000000
vn -1.000000 -0.000000 -0.000000
vn -1.000000 -0.000000 -0.000000
vn -1.000000 -0.000000 -0.000000
vn -1.000000 -0.000000 -0.000000
vn -1.000000 -0.000000 -0.000000
vn -1.000000 -0.000000 -0.000000
vn -1.000000 -0.000000 -0.000000
vn 1.000000 -0.000000 -0.000000
vn 1.000000 -0.000000 -0.000000
vn 1.000000 -0.000000 -0.000000
vn 1.000000 -0.000000 -0.000000
vn 0.000000 0.000000 1.000000
vn 0.000000 0.000000 1.000000
vn 0.000000 0.000000 1.000000
vn 0.000000 0.000000 1.000000
vn 0.000000 0.000000 1.000000
vn 0.000000 0.000000 1.000000
vn 0.000000 0.000000 1.000000
vn 0.000000 0.000000 1.000000
vn 0.000000 0.000000 1.000000
vn 0.000000 0.000000 1.000000
vn 0.000000 0.000000 1.000000
vn 0.000000 0.000000 1.000000
vn 0.000000 0.000000 1.000000
vn 0.000000 0.000000 1.000000
vn 0.000000 0.000000 1.000000
vn 0.000000 0.000000 1.000000
vn 0.817611 -0.000000 -0.575771
vn 0.817611 -0.000000 -0.575771
vn 0.817611 -0.000000 -0.575771
vn 0.817611 -0.000000 -0.575771
vn 0.817611 -0.000000 -0.575771
vn 0.817611 -0.000000 -0.575771
vn -1.000000 -0.000000 -0.000000
vn -1.000000 -0.000000 -0.000000
vn -1.000000 -0.000000 -0.000000
vn -1.000000 -0.000000 -0.000000
vn -1.000000 -0.000000 -0.000000
vn -1.000000 -0.000000 -0.000000
vn -1.000000 -0.000000 -0.000000
vn -1.000000 -0.000000 -0.000000
vn -0.000000 -0.000000 -1.000000
vn -0.000000 -0.000000 -1.000000
vn -0.000000 -0.000000 -1.000000
vn -0.000000 -0.000000 -1.000000
vn -0.000000 -0.000000 -1.000000
vn -0.000000 -0.000000 -1.000000
vn -0.000000 -0.000000 -1.000000
vn -0.000000 -0.000000 -1.000000
vn -0.000000 -0.000000 -1.000000
vn -0.000000 -0.000000 -1.000000
vn -0.000000 -0.000000 -1.000000
vn -0.000000 -0.000000 -1.000000
vn -0.000000 -0.000000 -1.000000
vn -0.000000 -0.000000 -1.000000
vn -0.000000 -0.000000 -1.000000
vn -0.000000 -0.000000 -1.000000
vn -0.000000 -0.000000 -1.000000
vn -0.000000 -0.000000 -1.000000
vn -0.000000 -0.000000 -1.000000
vn -0.000000 -0.000000 -1.000000
vn -0.000000 -0.000000 -1.000000
vn -0.000000 -0.000000 -1.000000
vn -0.000000 -0.000000 -1.000000
vn -0.000000 -0.000000 -1.000000
vn -1.000000 -0.000000 -0.000000
vn -1.000000 -0.000000 -0.000000
vn -1.000000 -0.000000 -0.000000
vn -1.000000 -0.000000 -0.000000
usemtl Leather_-_Matte_(Tan)
f 38/85/85 84/86/86 37/87/87
f 37/87/87 84/86/86 85/88/88
f 37/87/87 85/88/88 86/89/89
f 84/86/86 38/85/85 83/90/90
f 83/90/90 38/85/85 39/91/91
f 83/90/90 39/91/91 82/92/92
f 82/92/92 39/91/91 40/93/93
f 82/92/92 40/93/93 81/94/94
f 81/94/94 40/93/93 80/95/95
f 80/95/95 40/93/93 41/96/96
f 80/95/95 41/96/96 79/97/97
f 79/97/97 41/96/96 42/98/98
f 79/97/97 42/98/98 78/99/99
f 78/99/99 42/98/98 43/100/100
f 78/99/99 43/100/100 77/101/101
f 77/101/101 43/100/100 76/102/102
f 76/102/102 43/100/100 44/103/103
f 76/102/102 44/103/103 75/104/104
f 75/104/104 44/103/103 45/105/105
f 75/104/104 45/105/105 74/106/106
f 74/106/106 45/105/105 46/107/107
f 74/106/106 46/107/107 73/108/108
f 73/108/108 46/107/107 72/109/109
f 72/109/109 46/107/107 47/110/110
f 72/109/109 47/110/110 71/111/111
f 71/111/111 47/110/110 48/112/112
f 71/111/111 48/112/112 70/113/113
f 70/113/113 48/112/112 49/114/114
f 70/113/113 49/114/114 69/115/115
f 69/116/115 49/117/114 68/118/116
f 68/118/116 49/117/114 50/119/117
f 68/118/116 50/119/117 67/120/118
f 67/120/118 50/119/117 51/121/119
f 67/120/118 51/121/119 66/122/120
f 66/122/120 51/121/119 52/123/121
f 66/122/120 52/123/121 65/124/122
f 65/124/122 52/123/121 64/125/123
f 64/125/123 52/123/121 53/126/124
f 64/125/123 53/126/124 63/127/125
f 63/127/125 53/126/124 54/128/126
f 63/127/125 54/128/126 62/129/127
f 62/129/127 54/128/126 55/130/128
f 62/129/127 55/130/128 61/131/129
f 61/131/129 55/130/128 92/132/130
f 92/132/130 55/130/128 56/133/131
f 92/132/130 56/133/131 91/134/132
f 91/134/132 56/133/131 57/135/133
f 91/134/132 57/135/133 90/136/134
f 90/136/134 57/135/133 58/137/135
f 90/136/134 58/137/135 89/138/136
f 89/138/136 58/137/135 88/139/137
f 88/139/137 58/137/135 59/140/138
f 88/139/137 59/140/138 87/141/139
f 87/141/139 59/140/138 60/142/140
f 87/141/139 60/142/140 86/89/89
f 86/89/89 60/142/140 37/87/87
f 94/143/141 140/144/142 93/145/143
f 93/146/143 140/147/142 141/148/144
f 93/146/143 141/148/144 142/149/145
f 140/144/142 94/143/141 139/150/146
f 139/150/146 94/143/141 95/151/147
f 139/150/146 95/151/147 138/152/148
f 138/152/148 95/151/147 96/153/149
f 138/152/148 96/153/149 137/154/150
f 137/154/150 96/153/149 136/155/151
f 136/155/151 96/153/149 97/156/152
f 136/155/151 97/156/152 135/157/153
f 135/157/153 97/156/152 98/158/154
f 135/157/153 98/158/154 134/159/155
f 134/159/155 98/158/154 99/160/156
f 134/159/155 99/160/156 133/161/157
f 133/161/157 99/160/156 132/162/158
f 132/162/158 99/160/156 100/163/159
f 132/162/158 100/163/159 131/164/160
f 131/164/160 100/163/159 101/165/161
f 131/164/160 101/165/161 130/166/162
f 130/166/162 101/165/161 102/167/163
f 130/166/162 102/167/163 129/168/164
f 129/168/164 102/167/163 128/169/165
f 128/169/165 102/167/163 103/170/166
f 128/169/165 103/170/166 127/171/167
f 127/171/167 103/170/166 104/172/168
f 127/171/167 104/172/168 126/173/169
f 126/173/169 104/172/168 105/174/170
f 126/173/169 105/174/170 125/175/171
f 125/175/171 105/174/170 124/176/172
f 124/176/172 105/174/170 106/177/173
f 124/176/172 106/177/173 123/178/174
f 123/178/174 106/177/173 107/179/175
f 123/178/174 107/179/175 122/180/176
f 122/180/176 107/179/175 108/181/177
f 122/180/176 108/181/177 121/182/178
f 121/182/178 108/181/177 120/183/179
f 120/183/179 108/181/177 109/184/180
f 120/183/179 109/184/180 119/185/181
f 119/185/181 109/184/180 110/186/182
f 119/185/181 110/186/182 118/187/183
f 118/187/183 110/186/182 111/188/184
f 118/187/183 111/188/184 117/189/185
f 117/189/185 111/188/184 148/190/186
f 148/190/186 111/188/184 112/191/187
f 148/190/186 112/191/187 147/192/188
f 147/192/188 112/191/187 113/193/189
f 147/192/188 113/193/189 146/194/190
f 146/194/190 113/193/189 114/195/191
f 146/194/190 114/195/191 145/196/192
f 145/196/192 114/195/191 144/197/193
f 144/197/193 114/195/191 115/198/194
f 144/197/193 115/198/194 143/199/195
f 143/199/195 115/198/194 116/200/196
f 143/199/195 116/200/196 142/149/145
f 142/149/145 116/200/196 93/146/143
f 150/201/197 209/202/198 149/203/199
f 149/203/199 209/202/198 179/204/200
f 149/203/199 179/204/200 180/205/201
f 209/202/198 150/201/197 208/206/202
f 208/206/202 150/201/197 151/207/203
f 208/206/202 151/207/203 207/208/204
f 207/208/204 151/207/203 152/209/205
f 207/208/204 152/209/205 206/210/206
f 206/210/206 152/209/205 153/211/207
f 206/210/206 153/211/207 205/212/208
f 205/212/208 153/211/207 154/213/209
f 205/212/208 154/213/209 204/214/210
f 204/214/210 154/213/209 155/215/211
f 204/214/210 155/215/211 203/216/212
f 203/216/212 155/215/211 156/217/213
f 203/216/212 156/217/213 202/218/214
f 202/218/214 156/217/213 157/219/215
f 202/218/214 157/219/215 201/220/216
f 201/220/216 157/219/215 158/221/217
f 201/220/216 158/221/217 200/222/218
f 200/222/218 158/221/217 159/223/219
f 200/222/218 159/223/219 199/224/220
f 199/224/220 159/223/219 160/225/221
f 199/224/220 160/225/221 198/226/222
f 198/226/222 160/225/221 161/227/223
f 198/226/222 161/227/223 197/228/224
f 197/228/224 161/227/223 162/229/225
f 197/228/224 162/229/225 196/230/226
f 196/230/226 162/229/225 163/231/227
f 196/230/226 163/231/227 195/232/228
f 195/232/228 163/231/227 164/233/229
f 195/232/228 164/233/229 194/234/230
f 194/234/230 164/233/229 165/235/231
f 194/234/230 165/235/231 193/236/232
f 193/236/232 165/235/231 166/237/233
f 193/236/232 166/237/233 192/238/234
f 192/238/234 166/237/233 167/239/235
f 192/238/234 167/239/235 191/240/236
f 191/240/236 167/239/235 168/241/237
f 191/240/236 168/241/237 190/242/238
f 190/242/238 168/241/237 169/243/239
f 190/242/238 169/243/239 189/244/240
f 189/244/240 169/243/239 170/245/241
f 189/244/240 170/245/241 188/246/242
f 188/246/242 170/245/241 171/247/243
f 188/246/242 171/247/243 187/248/244
f 187/248/244 171/247/243 172/249/245
f 187/248/244 172/249/245 186/250/246
f 186/250/246 172/249/245 173/251/247
f 186/250/246 173/251/247 185/252/248
f 185/252/248 173/251/247 174/253/249
f 185/252/248 174/253/249 184/254/250
f 184/254/250 174/253/249 175/255/251
f 184/254/250 175/255/251 183/256/252
f 183/256/252 175/255/251 176/257/253
f 183/256/252 176/257/253 182/258/254
f 182/258/254 176/257/253 177/259/255
f 182/258/254 177/259/255 181/260/256
f 181/260/256 177/259/255 178/261/257
f 181/260/256 178/261/257 180/205/201
f 180/205/201 178/261/257 149/203/199
f 211/262/258 270/263/259 210/264/260
f 210/264/260 270/263/259 240/265/261
f 210/264/260 240/265/261 241/266/262
f 270/263/259 211/262/258 269/267/263
f 269/267/263 211/262/258 212/268/264
f 269/267/263 212/268/264 268/269/265
f 268/269/265 212/268/264 213/270/266
f 268/269/265 213/270/266 267/271/267
f 267/271/267 213/270/266 214/272/268
f 267/271/267 214/272/268 266/273/269
f 266/273/269 214/272/268 215/274/270
f 266/273/269 215/274/270 265/275/271
f 265/275/271 215/274/270 216/276/272
f 265/275/271 216/276/272 264/277/273
f 264/277/273 216/276/272 217/278/274
f 264/277/273 217/278/274 263/279/275
f 263/279/275 217/278/274 218/280/276
f 263/279/275 218/280/276 262/281/277
f 262/281/277 218/280/276 219/282/278
f 262/281/277 219/282/278 261/283/279
f 261/283/279 219/282/278 220/284/280
f 261/283/279 220/284/280 260/285/281
f 260/285/281 220/284/280 221/286/282
f 260/285/281 221/286/282 259/287/283
f 259/287/283 221/286/282 222/288/284
f 259/287/283 222/288/284 258/289/285
f 258/289/285 222/288/284 223/290/286
f 258/289/285 223/290/286 257/291/287
f 257/291/287 223/290/286 224/292/288
f 257/291/287 224/292/288 256/293/289
f 256/293/289 224/292/288 225/294/290
f 256/293/289 225/294/290 255/295/291
f 255/295/291 225/294/290 226/296/292
f 255/295/291 226/296/292 254/297/293
f 254/297/293 226/296/292 227/298/294
f 254/297/293 227/298/294 253/299/295
f 253/299/295 227/298/294 228/300/296
f 253/299/295 228/300/296 252/301/297
f 252/301/297 228/300/296 229/302/298
f 252/301/297 229/302/298 251/303/299
f 251/303/299 229/302/298 230/304/300
f 251/303/299 230/304/300 250/305/301
f 250/305/301 230/304/300 231/306/302
f 250/305/301 231/306/302 249/307/303
f 249/307/303 231/306/302 232/308/304
f 249/307/303 232/308/304 248/309/305
f 248/309/305 232/308/304 233/310/306
f 248/309/305 233/310/306 247/311/307
f 247/311/307 233/310/306 234/312/308
f 247/311/307 234/312/308 246/313/309
f 246/313/309 234/312/308 235/314/310
f 246/313/309 235/314/310 245/315/311
f 245/315/311 235/314/310 236/316/312
f 245/315/311 236/316/312 244/317/313
f 244/317/313 236/316/312 237/318/314
f 244/317/313 237/318/314 243/319/315
f 243/319/315 237/318/314 238/320/316
f 243/319/315 238/320/316 242/321/317
f 242/321/317 238/320/316 239/322/318
f 242/321/317 239/322/318 241/266/262
f 241/266/262 239/322/318 210/264/260
f 116/323/319 272/324/320 93/325/321
f 93/325/321 272/324/320 273/326/322
f 93/325/321 273/326/322 94/327/323
f 94/327/323 273/326/322 95/328/324
f 95/328/324 273/326/322 96/329/325
f 96/329/325 273/326/322 97/330/326
f 97/330/326 273/326/322 98/331/327
f 98/331/327 273/326/322 99/332/328
f 99/332/328 273/326/322 274/333/329
f 99/332/328 274/333/329 100/334/330
f 100/334/330 274/333/329 101/335/331
f 101/335/331 274/333/329 102/336/332
f 102/336/332 274/333/329 103/337/333
f 103/337/333 274/333/329 104/338/334
f 104/338/334 274/333/329 105/339/335
f 105/339/335 274/333/329 271/340/336
f 105/339/335 271/340/336 106/341/337
f 106/341/337 271/340/336 107/342/338
f 107/342/338 271/340/336 108/343/339
f 108/343/339 271/340/336 109/344/340
f 109/344/340 271/340/336 110/345/341
f 110/345/341 271/340/336 111/346/342
f 111/346/342 271/340/336 272/324/320
f 111/346/342 272/324/320 112/347/343
f 112/347/343 272/324/320 113/348/344
f 113/348/344 272/324/320 114/349/345
f 114/349/345 272/324/320 115/350/346
f 115/350/346 272/324/320 116/323/319
f 60/351/347 276/352/348 37/353/349
f 37/353/349 276/352/348 277/354/350
f 37/353/349 277/354/350 38/355/351
f 38/355/351 277/354/350 39/356/352
f 39/356/352 277/354/350 40/357/353
f 40/357/353 277/354/350 41/358/354
f 41/358/354 277/354/350 42/359/355
f 42/359/355 277/354/350 43/360/356
f 43/360/356 277/354/350 278/361/357
f 43/360/356 278/361/357 44/362/358
f 44/362/358 278/361/357 45/363/359
f 45/363/359 278/361/357 46/364/360
f 46/364/360 278/361/357 47/365/361
f 47/365/361 278/361/357 48/366/362
f 48/366/362 278/361/357 49/367/363
f 49/367/363 278/361/357 275/368/364
f 49/367/363 275/368/364 50/369/365
f 50/369/365 275/368/364 51/370/366
f 51/370/366 275/368/364 52/371/367
f 52/371/367 275/368/364 53/372/368
f 53/372/368 275/368/364 54/373/369
f 54/373/369 275/368/364 55/374/370
f 55/374/370 275/368/364 276/352/348
f 55/374/370 276/352/348 56/375/371
f 56/375/371 276/352/348 57/376/372
f 57/376/372 276/352/348 58/377/373
f 58/377/373 276/352/348 59/378/374
f 59/378/374 276/352/348 60/351/347
f 279/379/375 280/380/376 276/381/377
f 276/381/377 280/380/376 277/382/378
f 277/382/378 280/380/376 281/383/379
f 277/382/378 281/383/379 282/384/380
f 283/385/381 284/386/382 274/387/383
f 274/387/383 284/386/382 285/388/384
f 274/387/383 285/388/384 271/389/385
f 271/389/385 285/388/384 286/390/386
f 282/391/387 287/392/388 277/393/389
f 277/393/389 287/392/388 278/394/390
f 288/395/391 283/396/392 273/397/393
f 273/397/393 283/396/392 274/398/394
f 286/399/395 289/400/396 271/401/397
f 271/401/397 289/400/396 272/402/398
f 290/403/399 279/404/400 275/405/401
f 275/405/401 279/404/400 276/406/402
f 289/407/403 291/408/404 272/409/405
f 272/409/405 291/408/404 273/410/406
f 273/410/406 291/408/404 292/411/407
f 273/410/406 292/411/407 288/412/408
f 287/413/409 293/414/410 278/415/411
f 278/415/411 293/414/410 294/416/412
f 278/415/411 294/416/412 275/417/413
f 275/417/413 294/416/412 290/418/414
f 296/419/415 320/420/416 295/421/417
f 295/421/417 320/420/416 321/422/418
f 295/421/417 321/422/418 318/423/419
f 318/423/419 321/422/418 317/424/420
f 317/424/420 321/422/418 316/425/421
f 316/425/421 321/422/418 315/426/422
f 315/426/422 321/422/418 314/427/423
f 314/427/423 321/422/418 313/428/424
f 313/428/424 321/422/418 322/429/425
f 313/428/424 322/429/425 312/430/426
f 312/430/426 322/429/425 311/431/427
f 311/431/427 322/429/425 310/432/428
f 310/432/428 322/429/425 309/433/429
f 309/433/429 322/429/425 308/434/430
f 308/434/430 322/429/425 307/435/431
f 307/435/431 322/429/425 319/436/432
f 307/435/431 319/436/432 306/437/433
f 306/437/433 319/436/432 305/438/434
f 305/438/434 319/436/432 304/439/435
f 304/439/435 319/436/432 303/440/436
f 303/440/436 319/436/432 302/441/437
f 302/441/437 319/436/432 301/442/438
f 301/442/438 319/436/432 320/420/416
f 301/442/438 320/420/416 300/443/439
f 300/443/439 320/420/416 299/444/440
f 299/444/440 320/420/416 298/445/441
f 298/445/441 320/420/416 297/446/442
f 297/446/442 320/420/416 296/419/415
f 323/447/443 324/448/444 322/449/445
f 322/449/445 324/448/444 325/450/446
f 322/449/445 325/450/446 319/451/447
f 319/451/447 325/450/446 326/452/448
f 326/453/449 327/454/450 319/455/451
f 319/455/451 327/454/450 320/456/452
f 328/457/453 323/458/454 321/459/455
f 321/459/455 323/458/454 322/460/456
f 327/461/457 329/462/458 320/463/459
f 320/463/459 329/462/458 321/464/460
f 321/464/460 329/462/458 330/465/461
f 321/464/460 330/465/461 328/466/462
f 362/467/463 331/468/464 301/469/465
f 301/469/465 331/468/464 332/470/466
f 301/469/465 332/470/466 302/471/467
f 302/471/467 332/470/466 333/472/468
f 302/471/467 333/472/468 303/473/469
f 303/473/469 333/472/468 334/474/470
f 303/473/469 334/474/470 304/475/471
f 304/475/471 334/474/470 335/476/472
f 304/475/471 335/476/472 336/477/473
f 304/475/471 336/477/473 305/478/474
f 305/478/474 336/477/473 337/479/475
f 305/478/474 337/479/475 306/480/476
f 306/480/476 337/479/475 338/481/477
f 306/480/476 338/481/477 307/482/478
f 307/483/478 338/484/477 339/485/479
f 307/483/478 339/485/479 340/486/480
f 307/483/478 340/486/480 308/487/481
f 308/487/481 340/486/480 341/488/482
f 308/487/481 341/488/482 309/489/483
f 309/489/483 341/488/482 342/490/484
f 309/489/483 342/490/484 310/491/485
f 310/491/485 342/490/484 343/492/486
f 310/491/485 343/492/486 344/493/487
f 310/491/485 344/493/487 311/494/488
f 311/494/488 344/493/487 345/495/489
f 311/494/488 345/495/489 312/496/490
f 312/496/490 345/495/489 346/497/491
f 312/496/490 346/497/491 313/498/492
f 313/498/492 346/497/491 347/499/493
f 313/498/492 347/499/493 348/500/494
f 313/498/492 348/500/494 314/501/495
f 314/501/495 348/500/494 349/502/496
f 314/501/495 349/502/496 315/503/497
f 315/503/497 349/502/496 350/504/498
f 315/503/497 350/504/498 316/505/499
f 316/505/499 350/504/498 351/506/500
f 316/505/499 351/506/500 352/507/501
f 316/505/499 352/507/501 317/508/502
f 317/508/502 352/507/501 353/509/503
f 317/508/502 353/509/503 318/510/504
f 318/510/504 353/509/503 354/511/505
f 318/510/504 354/511/505 295/512/506
f 295/512/506 354/511/505 355/513/507
f 295/512/506 355/513/507 356/514/508
f 295/512/506 356/514/508 296/515/509
f 296/515/509 356/514/508 357/516/510
f 296/515/509 357/516/510 297/517/511
f 297/517/511 357/516/510 358/518/512
f 297/517/511 358/518/512 298/519/513
f 298/519/513 358/518/512 359/520/514
f 298/519/513 359/520/514 360/521/515
f 298/519/513 360/521/515 299/522/516
f 299/522/516 360/521/515 361/523/517
f 299/522/516 361/523/517 300/524/518
f 300/524/518 361/523/517 362/467/463
f 300/524/518 362/467/463 301/469/465
f 363/525/519 364/526/520 367/527/521
f 367/527/521 364/526/520 366/528/522
f 366/528/522 364/526/520 365/529/523
f 365/530/524 368/531/525 366/532/526
f 366/532/526 368/531/525 373/533/527
f 373/533/527 368/531/525 369/534/528
f 373/533/527 369/534/528 372/535/529
f 372/535/529 369/534/528 370/536/530
f 372/535/529 370/536/530 371/537/531
f 370/538/532 374/539/533 371/540/534
f 371/540/534 374/539/533 375/541/535
f 377/542/536 378/543/537 376/544/538
f 376/544/538 378/543/537 379/545/539
f 378/546/540 377/547/541 385/548/542
f 385/548/542 377/547/541 380/549/543
f 385/548/542 380/549/543 384/550/544
f 384/550/544 380/549/543 381/551/545
f 384/550/544 381/551/545 383/552/546
f 383/552/546 381/551/545 382/553/547
f 386/554/548 387/555/549 374/556/550
f 374/556/550 387/555/549 375/557/551
f 388/558/552 376/559/553 389/560/554
f 389/560/554 376/559/553 379/561/555
f 382/562/556 390/563/557 383/564/558
f 383/564/558 390/563/557 392/565/559
f 392/565/559 390/563/557 391/566/560
f 387/567/561 386/568/562 398/569/563
f 398/569/563 386/568/562 393/570/564
f 398/569/563 393/570/564 397/571/565
f 397/571/565 393/570/564 394/572/566
f 397/571/565 394/572/566 396/573/567
f 396/573/567 394/572/566 395/574/568
f 399/575/569 400/576/570 404/577/571
f 404/577/571 400/576/570 403/578/572
f 403/578/572 400/576/570 401/579/573
f 403/578/572 401/579/573 402/580/574
f 402/580/574 401/579/573 388/581/575
f 402/580/574 388/581/575 389/582/576
f 395/583/577 405/584/578 396/585/579
f 396/585/579 405/584/578 367/586/580
f 367/586/580 405/584/578 363/587/581
f 391/588/582 406/589/583 392/590/584
f 392/590/584 406/589/583 404/591/585
f 404/591/585 406/589/583 399/592/586
f 407/593/587 408/594/588 410/595/589
f 410/595/589 408/594/588 409/596/590
f 411/597/591 412/598/592 416/599/593
f 416/599/593 412/598/592 415/600/594
f 415/600/594 412/598/592 413/601/595
f 415/600/594 413/601/595 414/602/596
f 414/602/596 413/601/595 407/603/597
f 414/602/596 407/603/597 410/604/598
f 417/605/599 418/606/600 408/607/601
f 408/607/601 418/606/600 409/608/602
f 419/609/603 420/610/604 422/611/605
f 422/611/605 420/610/604 421/612/606
f 423/613/607 424/614/608 420/615/609
f 420/615/609 424/614/608 421/616/610
f 418/617/611 417/618/612 430/619/613
f 430/619/613 417/618/612 425/620/614
f 430/619/613 425/620/614 429/621/615
f 429/621/615 425/620/614 426/622/616
f 429/621/615 426/622/616 428/623/617
f 428/623/617 426/622/616 427/624/618
f 431/625/619 432/626/620 436/627/621
f 436/627/621 432/626/620 435/628/622
f 435/628/622 432/626/620 433/629/623
f 435/628/622 433/629/623 434/630/624
f 434/630/624 433/629/623 419/631/625
f 434/630/624 419/631/625 422/632/626
f 424/633/627 423/634/628 442/635/629
f 442/635/629 423/634/628 437/636/630
f 442/635/629 437/636/630 441/637/631
f 441/637/631 437/636/630 438/638/632
f 441/637/631 438/638/632 440/639/633
f 440/639/633 438/638/632 439/640/634
f 427/641/635 443/642/636 428/643/637
f 428/643/637 443/642/636 445/644/638
f 445/644/638 443/642/636 444/645/639
f 446/646/640 447/647/641 448/648/642
f 448/648/642 447/647/641 436/649/643
f 436/649/643 447/647/641 431/650/644
f 444/651/645 411/652/646 445/653/647
f 445/653/647 411/652/646 416/654/648
f 446/655/649 448/656/650 439/657/651
f 439/657/651 448/656/650 440/658/652
f 449/659/653 450/660/654 453/661/655
f 453/661/655 450/660/654 452/662/656
f 452/662/656 450/660/654 451/663/657
f 451/664/658 454/665/659 452/666/660
f 452/666/660 454/665/659 459/667/661
f 459/667/661 454/665/659 455/668/662
f 459/667/661 455/668/662 458/669/663
f 458/669/663 455/668/662 456/670/664
f 458/669/663 456/670/664 457/671/665
f 456/672/666 460/673/667 457/674/668
f 457/674/668 460/673/667 461/675/669
f 463/676/670 464/677/671 462/678/672
f 462/678/672 464/677/671 465/679/673
f 464/680/674 463/681/675 471/682/676
f 471/682/676 463/681/675 466/683/677
f 471/682/676 466/683/677 470/684/678
f 470/684/678 466/683/677 467/685/679
f 470/684/678 467/685/679 469/686/680
f 469/686/680 467/685/679 468/687/681
f 472/688/682 473/689/683 460/690/684
f 460/690/684 473/689/683 461/691/685
f 474/692/686 462/693/687 475/694/688
f 475/694/688 462/693/687 465/695/689
f 468/696/690 476/697/691 469/698/692
f 469/698/692 476/697/691 478/699/693
f 478/699/693 476/697/691 477/700/694
f 473/701/695 472/702/696 484/703/697
f 484/703/697 472/702/696 479/704/698
f 484/703/697 479/704/698 483/705/699
f 483/705/699 479/704/698 480/706/700
f 483/705/699 480/706/700 482/707/701
f 482/707/701 480/706/700 481/708/702
f 485/709/703 486/710/704 490/711/705
f 490/711/705 486/710/704 489/712/706
f 489/712/706 486/710/704 487/713/707
f 489/712/706 487/713/707 488/714/708
f 488/714/708 487/713/707 474/715/709
f 488/714/708 474/715/709 475/716/710
f 481/717/711 491/718/712 482/719/713
f 482/719/713 491/718/712 453/720/714
f 453/720/714 491/718/712 449/721/715
f 477/722/716 492/723/717 478/724/718
f 478/724/718 492/723/717 490/725/719
f 490/725/719 492/723/717 485/726/720
f 493/727/721 494/728/722 496/729/723
f 496/729/723 494/728/722 495/730/724
f 494/731/725 497/732/726 495/733/727
f 495/733/727 497/732/726 502/734/728
f 502/734/728 497/732/726 498/735/729
f 502/734/728 498/735/729 501/736/730
f 501/736/730 498/735/729 500/737/731
f 500/737/731 498/735/729 499/738/732
f 503/739/733 504/740/734 499/741/735
f 499/741/735 504/740/734 500/742/736
f 505/743/737 506/744/738 508/745/739
f 508/745/739 506/744/738 507/746/740
f 506/747/741 509/748/742 507/749/743
f 507/749/743 509/748/742 514/750/744
f 514/750/744 509/748/742 513/751/745
f 513/751/745 509/748/742 510/752/746
f 513/751/745 510/752/746 512/753/747
f 512/753/747 510/752/746 511/754/748
f 503/755/749 515/756/750 504/757/751
f 504/757/751 515/756/750 516/758/752
f 505/759/753 508/760/754 517/761/755
f 517/761/755 508/760/754 518/762/756
f 519/763/757 520/764/758 511/765/759
f 511/765/759 520/764/758 512/766/760
f 515/767/761 521/768/762 516/769/763
f 516/769/763 521/768/762 526/770/764
f 526/770/764 521/768/762 525/771/765
f 525/771/765 521/768/762 522/772/766
f 525/771/765 522/772/766 524/773/767
f 524/773/767 522/772/766 523/774/768
f 527/775/769 528/776/770 532/777/771
f 532/777/771 528/776/770 531/778/772
f 531/778/772 528/776/770 529/779/773
f 531/778/772 529/779/773 530/780/774
f 530/780/774 529/779/773 518/781/775
f 518/781/775 529/779/773 517/782/776
f 493/783/777 496/784/778 523/785/779
f 523/785/779 496/784/778 524/786/780
f 519/787/781 527/788/782 520/789/783
f 520/789/783 527/788/782 532/790/784
f 533/791/785 534/792/786 536/793/787
f 536/793/787 534/792/786 535/794/788
f 534/795/789 537/796/790 535/797/791
f 535/797/791 537/796/790 542/798/792
f 542/798/792 537/796/790 538/799/793
f 542/798/792 538/799/793 541/800/794
f 541/800/794 538/799/793 540/801/795
f 540/801/795 538/799/793 539/802/796
f 543/803/797 544/804/798 539/805/799
f 539/805/799 544/804/798 540/806/800
f 545/807/801 546/808/802 548/809/803
f 548/809/803 546/808/802 547/810/804
f 546/811/805 549/812/806 547/813/807
f 547/813/807 549/812/806 554/814/808
f 554/814/808 549/812/806 553/815/809
f 553/815/809 549/812/806 550/816/810
f 553/815/809 550/816/810 552/817/811
f 552/817/811 550/816/810 551/818/812
f 543/819/813 555/820/814 544/821/815
f 544/821/815 555/820/814 556/822/816
f 545/823/817 548/824/818 557/825/819
f 557/825/819 548/824/818 558/826/820
f 559/827/821 560/828/822 551/829/823
f 551/829/823 560/828/822 552/830/824
f 555/831/825 561/832/826 556/833/827
f 556/833/827 561/832/826 566/834/828
f 566/834/828 561/832/826 565/835/829
f 565/835/829 561/832/826 562/836/830
f 565/835/829 562/836/830 564/837/831
f 564/837/831 562/836/830 563/838/832
f 567/839/833 568/840/834 572/841/835
f 572/841/835 568/840/834 571/842/836
f 571/842/836 568/840/834 569/843/837
f 571/842/836 569/843/837 570/844/838
f 570/844/838 569/843/837 558/845/839
f 558/845/839 569/843/837 557/846/840
f 533/847/841 536/848/842 563/849/843
f 563/849/843 536/848/842 564/850/844
f 559/851/845 567/852/846 560/853/847
f 560/853/847 567/852/846 572/854/848
f 573/855/849 574/856/850 576/857/851
f 576/857/851 574/856/850 575/858/852
f 574/859/853 577/860/854 575/861/855
f 575/861/855 577/860/854 582/862/856
f 582/862/856 577/860/854 578/863/857
f 582/862/856 578/863/857 581/864/858
f 581/864/858 578/863/857 580/865/859
f 580/865/859 578/863/857 579/866/860
f 583/867/861 584/868/862 579/869/863
f 579/869/863 584/868/862 580/870/864
f 585/871/865 586/872/866 588/873/867
f 588/873/867 586/872/866 587/874/868
f 586/875/869 589/876/870 587/877/871
f 587/877/871 589/876/870 594/878/872
f 594/878/872 589/876/870 593/879/873
f 593/879/873 589/876/870 590/880/874
f 593/879/873 590/880/874 592/881/875
f 592/881/875 590/880/874 591/882/876
f 583/883/877 595/884/878 584/885/879
f 584/885/879 595/884/878 596/886/880
f 585/887/881 588/888/882 597/889/883
f 597/889/883 588/888/882 598/890/884
f 599/891/885 600/892/886 591/893/887
f 591/893/887 600/892/886 592/894/888
f 595/895/889 601/896/890 596/897/891
f 596/897/891 601/896/890 606/898/892
f 606/898/892 601/896/890 605/899/893
f 605/899/893 601/896/890 602/900/894
f 605/899/893 602/900/894 604/901/895
f 604/901/895 602/900/894 603/902/896
f 607/903/897 608/904/898 612/905/899
f 612/905/899 608/904/898 611/906/900
f 611/906/900 608/904/898 609/907/901
f 611/906/900 609/907/901 610/908/902
f 610/908/902 609/907/901 598/909/903
f 598/909/903 609/907/901 597/910/904
f 573/911/905 576/912/906 603/913/907
f 603/913/907 576/912/906 604/914/908
f 599/915/909 607/916/910 600/917/911
f 600/917/911 607/916/910 612/918/912
f 614/919/913 615/920/914 613/921/915
f 613/921/915 615/920/914 616/922/916
f 615/923/917 614/924/918 622/925/919
f 622/925/919 614/924/918 617/926/920
f 622/925/919 617/926/920 621/927/921
f 621/927/921 617/926/920 618/928/922
f 621/927/921 618/928/922 620/929/923
f 620/929/923 618/928/922 619/930/924
f 623/931/925 624/932/926 619/933/927
f 619/933/927 624/932/926 620/934/928
f 625/935/929 626/936/930 628/937/931
f 628/937/931 626/936/930 627/938/932
f 626/939/933 629/940/934 627/941/935
f 627/941/935 629/940/934 634/942/936
f 634/942/936 629/940/934 630/943/937
f 634/942/936 630/943/937 633/944/938
f 633/944/938 630/943/937 631/945/939
f 633/944/938 631/945/939 632/946/940
f 623/947/941 635/948/942 624/949/943
f 624/949/943 635/948/942 637/950/944
f 637/950/944 635/948/942 636/951/945
f 638/952/946 639/953/947 640/954/948
f 640/954/948 639/953/947 628/955/949
f 628/955/949 639/953/947 625/956/950
f 631/957/951 641/958/952 632/959/953
f 632/959/953 641/958/952 642/960/954
f 636/961/955 643/962/956 637/963/957
f 637/963/957 643/962/956 648/964/958
f 648/964/958 643/962/956 644/965/959
f 648/964/958 644/965/959 647/966/960
f 647/966/960 644/965/959 645/967/961
f 647/966/960 645/967/961 646/968/962
f 654/969/963 649/970/964 653/971/965
f 653/971/965 649/970/964 650/972/966
f 653/971/965 650/972/966 652/973/967
f 652/973/967 650/972/966 651/974/968
f 652/973/967 651/974/968 640/975/969
f 640/975/969 651/974/968 638/976/970
f 645/977/971 613/978/972 646/979/973
f 646/979/973 613/978/972 616/980/974
f 649/981/975 654/982/976 641/983/977
f 641/983/977 654/982/976 642/984/978
f 655/985/979 656/986/980 659/987/981
f 659/987/981 656/986/980 658/988/982
f 658/988/982 656/986/980 657/989/983
f 657/990/984 660/991/985 658/992/986
f 658/992/986 660/991/985 662/993/987
f 662/993/987 660/991/985 661/994/988
f 661/995/989 663/996/990 662/997/991
f 662/997/991 663/996/990 668/998/992
f 668/998/992 663/996/990 664/999/993
f 668/998/992 664/999/993 667/1000/994
f 667/1000/994 664/999/993 665/1001/995
f 667/1000/994 665/1001/995 666/1002/996
f 676/1003/997 669/1004/998 675/1005/999
f 675/1005/999 669/1004/998 670/1006/1000
f 675/1005/999 670/1006/1000 674/1007/1001
f 674/1007/1001 670/1006/1000 671/1008/1002
f 674/1007/1001 671/1008/1002 673/1009/1003
f 673/1009/1003 671/1008/1002 672/1010/1004
f 672/1011/1005 677/1012/1006 673/1013/1007
f 673/1013/1007 677/1012/1006 679/1014/1008
f 679/1014/1008 677/1012/1006 678/1015/1009
f 665/1016/1010 680/1017/1011 666/1018/1012
f 666/1018/1012 680/1017/1011 681/1019/1013
f 669/1020/1014 676/1021/1015 682/1022/1016
f 682/1022/1016 676/1021/1015 683/1023/1017
f 678/1024/1018 684/1025/1019 679/1026/1020
f 679/1026/1020 684/1025/1019 686/1027/1021
f 686/1027/1021 684/1025/1019 685/1028/1022
f 687/1029/1023 688/1030/1024 680/1031/1025
f 680/1031/1025 688/1030/1024 681/1032/1026
f 689/1033/1027 682/1034/1028 690/1035/1029
f 690/1035/1029 682/1034/1028 683/1036/1030
f 688/1037/1031 687/1038/1032 694/1039/1033
f 694/1039/1033 687/1038/1032 691/1040/1034
f 694/1039/1033 691/1040/1034 693/1041/1035
f 693/1041/1035 691/1040/1034 692/1042/1036
f 693/1041/1035 692/1042/1036 659/1043/1037
f 659/1043/1037 692/1042/1036 655/1044/1038
f 685/1045/1039 695/1046/1040 686/1047/1041
f 686/1047/1041 695/1046/1040 698/1048/1042
f 698/1048/1042 695/1046/1040 696/1049/1043
f 698/1048/1042 696/1049/1043 697/1050/1044
f 697/1050/1044 696/1049/1043 689/1051/1045
f 697/1050/1044 689/1051/1045 690/1052/1046
f 700/1053/1047 701/1054/1048 699/1055/1049
f 699/1055/1049 701/1054/1048 702/1056/1050
f 703/1057/1051 699/1058/1052 704/1059/1053
f 704/1059/1053 699/1058/1052 702/1060/1054
f 701/1061/1055 700/1062/1056 710/1063/1057
f 710/1063/1057 700/1062/1056 705/1064/1058
f 710/1063/1057 705/1064/1058 709/1065/1059
f 709/1065/1059 705/1064/1058 706/1066/1060
f 709/1065/1059 706/1066/1060 708/1067/1061
f 708/1067/1061 706/1066/1060 707/1068/1062
f 711/1069/1063 712/1070/1064 718/1071/1065
f 718/1071/1065 712/1070/1064 717/1072/1066
f 717/1072/1066 712/1070/1064 713/1073/1067
f 717/1072/1066 713/1073/1067 716/1074/1068
f 716/1074/1068 713/1073/1067 714/1075/1069
f 716/1074/1068 714/1075/1069 715/1076/1070
f 714/1077/1071 719/1078/1072 715/1079/1073
f 715/1079/1073 719/1078/1072 720/1080/1074
f 707/1081/1075 721/1082/1076 708/1083/1077
f 708/1083/1077 721/1082/1076 723/1084/1078
f 723/1084/1078 721/1082/1076 722/1085/1079
f 724/1086/1080 725/1087/1081 726/1088/1082
f 726/1088/1082 725/1087/1081 718/1089/1083
f 718/1089/1083 725/1087/1081 711/1090/1084
f 727/1091/1085 728/1092/1086 719/1093/1087
f 719/1093/1087 728/1092/1086 720/1094/1088
f 722/1095/1089 729/1096/1090 723/1097/1091
f 723/1097/1091 729/1096/1090 730/1098/1092
f 724/1099/1093 726/1100/1094 731/1101/1095
f 731/1101/1095 726/1100/1094 732/1102/1096
f 729/1103/1097 733/1104/1098 730/1105/1099
f 730/1105/1099 733/1104/1098 736/1106/1100
f 736/1106/1100 733/1104/1098 734/1107/1101
f 736/1106/1100 734/1107/1101 735/1108/1102
f 735/1108/1102 734/1107/1101 703/1109/1103
f 735/1108/1102 703/1109/1103 704/1110/1104
f 728/1111/1105 727/1112/1106 740/1113/1107
f 740/1113/1107 727/1112/1106 737/1114/1108
f 740/1113/1107 737/1114/1108 739/1115/1109
f 739/1115/1109 737/1114/1108 738/1116/1110
f 739/1115/1109 738/1116/1110 732/1117/1111
f 732/1117/1111 738/1116/1110 731/1118/1112
f 748/1119/1113 741/1120/1114 747/1121/1115
f 747/1121/1115 741/1120/1114 742/1122/1116
f 747/1121/1115 742/1122/1116 746/1123/1117
f 746/1123/1117 742/1122/1116 743/1124/1118
f 746/1123/1117 743/1124/1118 745/1125/1119
f 745/1125/1119 743/1124/1118 744/1126/1120
f 744/1127/1121 749/1128/1122 745/1129/1123
f 745/1129/1123 749/1128/1122 751/1130/1124
f 751/1130/1124 749/1128/1122 750/1131/1125
f 750/1132/1126 752/1133/1127 751/1134/1128
f 751/1134/1128 752/1133/1127 754/1135/1129
f 754/1135/1129 752/1133/1127 753/1136/1130
f 755/1137/1131 756/1138/1132 759/1139/1133
f 759/1139/1133 756/1138/1132 758/1140/1134
f 758/1140/1134 756/1138/1132 757/1141/1135
f 757/1142/1136 760/1143/1137 758/1144/1138
f 758/1144/1138 760/1143/1137 762/1145/1139
f 762/1145/1139 760/1143/1137 761/1146/1140
f 753/1147/1141 763/1148/1142 754/1149/1143
f 754/1149/1143 763/1148/1142 768/1150/1144
f 768/1150/1144 763/1148/1142 764/1151/1145
f 768/1150/1144 764/1151/1145 767/1152/1146
f 767/1152/1146 764/1151/1145 765/1153/1147
f 767/1152/1146 765/1153/1147 766/1154/1148
f 774/1155/1149 769/1156/1150 773/1157/1151
f 773/1157/1151 769/1156/1150 770/1158/1152
f 773/1157/1151 770/1158/1152 772/1159/1153
f 772/1159/1153 770/1158/1152 771/1160/1154
f 772/1159/1153 771/1160/1154 759/1161/1155
f 759/1161/1155 771/1160/1154 755/1162/1156
f 761/1163/1157 775/1164/1158 762/1165/1159
f 762/1165/1159 775/1164/1158 780/1166/1160
f 780/1166/1160 775/1164/1158 776/1167/1161
f 780/1166/1160 776/1167/1161 779/1168/1162
f 779/1168/1162 776/1167/1161 777/1169/1163
f 779/1168/1162 777/1169/1163 778/1170/1164
f 765/1171/1165 781/1172/1166 766/1173/1167
f 766/1173/1167 781/1172/1166 782/1174/1168
f 769/1175/1169 774/1176/1170 783/1177/1171
f 783/1177/1171 774/1176/1170 784/1178/1172
f 741/1179/1173 748/1180/1174 781/1181/1175
f 781/1181/1175 748/1180/1174 782/1182/1176
f 777/1183/1177 783/1184/1178 778/1185/1179
f 778/1185/1179 783/1184/1178 784/1186/1180
f 792/1187/1181 785/1188/1182 791/1189/1183
f 791/1189/1183 785/1188/1182 786/1190/1184
f 791/1189/1183 786/1190/1184 790/1191/1185
f 790/1191/1185 786/1190/1184 787/1192/1186
f 790/1191/1185 787/1192/1186 789/1193/1187
f 789/1193/1187 787/1192/1186 788/1194/1188
f 785/1195/1189 792/1196/1190 793/1197/1191
f 793/1197/1191 792/1196/1190 794/1198/1192
f 788/1199/1193 795/1200/1194 789/1201/1195
f 789/1201/1195 795/1200/1194 797/1202/1196
f 797/1202/1196 795/1200/1194 796/1203/1197
f 798/1204/1198 799/1205/1199 802/1206/1200
f 802/1206/1200 799/1205/1199 801/1207/1201
f 801/1207/1201 799/1205/1199 800/1208/1202
f 800/1209/1203 803/1210/1204 801/1211/1205
f 801/1211/1205 803/1210/1204 808/1212/1206
f 808/1212/1206 803/1210/1204 804/1213/1207
f 808/1212/1206 804/1213/1207 807/1214/1208
f 807/1214/1208 804/1213/1207 805/1215/1209
f 807/1214/1208 805/1215/1209 806/1216/1210
f 796/1217/1211 809/1218/1212 797/1219/1213
f 797/1219/1213 809/1218/1212 810/1220/1214
f 798/1221/1215 802/1222/1216 811/1223/1217
f 811/1223/1217 802/1222/1216 812/1224/1218
f 805/1225/1219 813/1226/1220 806/1227/1221
f 806/1227/1221 813/1226/1220 814/1228/1222
f 809/1229/1223 815/1230/1224 810/1231/1225
f 810/1231/1225 815/1230/1224 820/1232/1226
f 820/1232/1226 815/1230/1224 816/1233/1227
f 820/1232/1226 816/1233/1227 819/1234/1228
f 819/1234/1228 816/1233/1227 817/1235/1229
f 819/1234/1228 817/1235/1229 818/1236/1230
f 826/1237/1231 821/1238/1232 825/1239/1233
f 825/1239/1233 821/1238/1232 822/1240/1234
f 825/1239/1233 822/1240/1234 824/1241/1235
f 824/1241/1235 822/1240/1234 823/1242/1236
f 824/1241/1235 823/1242/1236 812/1243/1237
f 812/1243/1237 823/1242/1236 811/1244/1238
f 817/1245/1239 793/1246/1240 818/1247/1241
f 818/1247/1241 793/1246/1240 794/1248/1242
f 821/1249/1243 826/1250/1244 813/1251/1245
f 813/1251/1245 826/1250/1244 814/1252/1246
f 828/1253/1247 829/1254/1248 827/1255/1249
f 827/1255/1249 829/1254/1248 830/1256/1250
f 831/1257/1251 832/1258/1252 836/1259/1253
f 836/1259/1253 832/1258/1252 835/1260/1254
f 835/1260/1254 832/1258/1252 834/1261/1255
f 834/1261/1255 832/1258/1252 833/1262/1256
f 834/1261/1255 833/1262/1256 830/1263/1257
f 830/1263/1257 833/1262/1256 827/1264/1258
f 828/1265/1259 837/1266/1260 829/1267/1261
f 829/1267/1261 837/1266/1260 838/1268/1262
f 840/1269/1263 841/1270/1264 839/1271/1265
f 839/1271/1265 841/1270/1264 842/1272/1266
f 840/1273/1267 843/1274/1268 841/1275/1269
f 841/1275/1269 843/1274/1268 844/1276/1270
f 837/1277/1271 845/1278/1272 838/1279/1273
f 838/1279/1273 845/1278/1272 850/1280/1274
f 850/1280/1274 845/1278/1272 846/1281/1275
f 850/1280/1274 846/1281/1275 849/1282/1276
f 849/1282/1276 846/1281/1275 848/1283/1277
f 848/1283/1277 846/1281/1275 847/1284/1278
f 851/1285/1279 852/1286/1280 856/1287/1281
f 856/1287/1281 852/1286/1280 855/1288/1282
f 855/1288/1282 852/1286/1280 854/1289/1283
f 854/1289/1283 852/1286/1280 853/1290/1284
f 854/1289/1283 853/1290/1284 842/1291/1285
f 842/1291/1285 853/1290/1284 839/1292/1286
f 843/1293/1287 857/1294/1288 844/1295/1289
f 844/1295/1289 857/1294/1288 862/1296/1290
f 862/1296/1290 857/1294/1288 858/1297/1291
f 862/1296/1290 858/1297/1291 861/1298/1292
f 861/1298/1292 858/1297/1291 860/1299/1293
f 860/1299/1293 858/1297/1291 859/1300/1294
f 863/1301/1295 864/1302/1296 847/1303/1297
f 847/1303/1297 864/1302/1296 848/1304/1298
f 865/1305/1299 851/1306/1300 866/1307/1301
f 866/1307/1301 851/1306/1300 856/1308/1302
f 863/1309/1303 831/1310/1304 864/1311/1305
f 864/1311/1305 831/1310/1304 836/1312/1306
f 865/1313/1307 866/1314/1308 859/1315/1309
f 859/1315/1309 866/1314/1308 860/1316/1310
f 874/1317/1311 867/1318/1312 873/1319/1313
f 873/1319/1313 867/1318/1312 868/1320/1314
f 873/1319/1313 868/1320/1314 872/1321/1315
f 872/1321/1315 868/1320/1314 869/1322/1316
f 872/1321/1315 869/1322/1316 871/1323/1317
f 871/1323/1317 869/1322/1316 870/1324/1318
f 867/1325/1319 874/1326/1320 875/1327/1321
f 875/1327/1321 874/1326/1320 876/1328/1322
f 870/1329/1323 877/1330/1324 871/1331/1325
f 871/1331/1325 877/1330/1324 879/1332/1326
f 879/1332/1326 877/1330/1324 878/1333/1327
f 880/1334/1328 881/1335/1329 884/1336/1330
f 884/1336/1330 881/1335/1329 883/1337/1331
f 883/1337/1331 881/1335/1329 882/1338/1332
f 882/1339/1333 885/1340/1334 883/1341/1335
f 883/1341/1335 885/1340/1334 890/1342/1336
f 890/1342/1336 885/1340/1334 886/1343/1337
f 890/1342/1336 886/1343/1337 889/1344/1338
f 889/1344/1338 886/1343/1337 887/1345/1339
f 889/1344/1338 887/1345/1339 888/1346/1340
f 878/1347/1341 891/1348/1342 879/1349/1343
f 879/1349/1343 891/1348/1342 892/1350/1344
f 880/1351/1345 884/1352/1346 893/1353/1347
f 893/1353/1347 884/1352/1346 894/1354/1348
f 887/1355/1349 895/1356/1350 888/1357/1351
f 888/1357/1351 895/1356/1350 896/1358/1352
f 891/1359/1353 897/1360/1354 892/1361/1355
f 892/1361/1355 897/1360/1354 902/1362/1356
f 902/1362/1356 897/1360/1354 898/1363/1357
f 902/1362/1356 898/1363/1357 901/1364/1358
f 901/1364/1358 898/1363/1357 899/1365/1359
f 901/1364/1358 899/1365/1359 900/1366/1360
f 908/1367/1361 903/1368/1362 907/1369/1363
f 907/1369/1363 903/1368/1362 904/1370/1364
f 907/1369/1363 904/1370/1364 906/1371/1365
f 906/1371/1365 904/1370/1364 905/1372/1366
f 906/1371/1365 905/1372/1366 894/1373/1367
f 894/1373/1367 905/1372/1366 893/1374/1368
f 899/1375/1369 875/1376/1370 900/1377/1371
f 900/1377/1371 875/1376/1370 876/1378/1372
f 903/1379/1373 908/1380/1374 895/1381/1375
f 895/1381/1375 908/1380/1374 896/1382/1376
f 916/1383/1377 909/1384/1378 915/1385/1379
f 915/1385/1379 909/1384/1378 910/1386/1380
f 915/1385/1379 910/1386/1380 914/1387/1381
f 914/1387/1381 910/1386/1380 911/1388/1382
f 914/1387/1381 911/1388/1382 913/1389/1383
f 913/1389/1383 911/1388/1382 912/1390/1384
f 912/1391/1385 917/1392/1386 913/1393/1387
f 913/1393/1387 917/1392/1386 919/1394/1388
f 919/1394/1388 917/1392/1386 918/1395/1389
f 918/1396/1390 920/1397/1391 919/1398/1392
f 919/1398/1392 920/1397/1391 922/1399/1393
f 922/1399/1393 920/1397/1391 921/1400/1394
f 923/1401/1395 924/1402/1396 927/1403/1397
f 927/1403/1397 924/1402/1396 926/1404/1398
f 926/1404/1398 924/1402/1396 925/1405/1399
f 925/1406/1400 928/1407/1401 926/1408/1402
f 926/1408/1402 928/1407/1401 930/1409/1403
f 930/1409/1403 928/1407/1401 929/1410/1404
f 921/1411/1405 931/1412/1406 922/1413/1407
f 922/1413/1407 931/1412/1406 936/1414/1408
f 936/1414/1408 931/1412/1406 932/1415/1409
f 936/1414/1408 932/1415/1409 935/1416/1410
f 935/1416/1410 932/1415/1409 933/1417/1411
f 935/1416/1410 933/1417/1411 934/1418/1412
f 942/1419/1413 937/1420/1414 941/1421/1415
f 941/1421/1415 937/1420/1414 938/1422/1416
f 941/1421/1415 938/1422/1416 940/1423/1417
f 940/1423/1417 938/1422/1416 939/1424/1418
f 940/1423/1417 939/1424/1418 927/1425/1419
f 927/1425/1419 939/1424/1418 923/1426/1420
f 929/1427/1421 943/1428/1422 930/1429/1423
f 930/1429/1423 943/1428/1422 948/1430/1424
f 948/1430/1424 943/1428/1422 944/1431/1425
f 948/1430/1424 944/1431/1425 947/1432/1426
f 947/1432/1426 944/1431/1425 945/1433/1427
f 947/1432/1426 945/1433/1427 946/1434/1428
f 933/1435/1429 949/1436/1430 934/1437/1431
f 934/1437/1431 949/1436/1430 950/1438/1432
f 937/1439/1433 942/1440/1434 951/1441/1435
f 951/1441/1435 942/1440/1434 952/1442/1436
f 909/1443/1437 916/1444/1438 949/1445/1439
f 949/1445/1439 916/1444/1438 950/1446/1440
f 945/1447/1441 951/1448/1442 946/1449/1443
f 946/1449/1443 951/1448/1442 952/1450/1444
f 953/1451/1445 954/1452/1446 956/1453/1447
f 956/1453/1447 954/1452/1446 955/1454/1448
f 954/1455/1449 957/1456/1450 955/1457/1451
f 955/1457/1451 957/1456/1450 962/1458/1452
f 962/1458/1452 957/1456/1450 958/1459/1453
f 962/1458/1452 958/1459/1453 961/1460/1454
f 961/1460/1454 958/1459/1453 960/1461/1455
f 960/1461/1455 958/1459/1453 959/1462/1456
f 963/1463/1457 964/1464/1458 959/1465/1459
f 959/1465/1459 964/1464/1458 960/1466/1460
f 965/1467/1461 966/1468/1462 968/1469/1463
f 968/1469/1463 966/1468/1462 967/1470/1464
f 966/1471/1465 969/1472/1466 967/1473/1467
f 967/1473/1467 969/1472/1466 974/1474/1468
f 974/1474/1468 969/1472/1466 973/1475/1469
f 973/1475/1469 969/1472/1466 970/1476/1470
f 973/1475/1469 970/1476/1470 972/1477/1471
f 972/1477/1471 970/1476/1470 971/1478/1472
f 963/1479/1473 975/1480/1474 964/1481/1475
f 964/1481/1475 975/1480/1474 976/1482/1476
f 965/1483/1477 968/1484/1478 977/1485/1479
f 977/1485/1479 968/1484/1478 978/1486/1480
f 979/1487/1481 980/1488/1482 971/1489/1483
f 971/1489/1483 980/1488/1482 972/1490/1484
f 975/1491/1485 981/1492/1486 976/1493/1487
f 976/1493/1487 981/1492/1486 986/1494/1488
f 986/1494/1488 981/1492/1486 985/1495/1489
f 985/1495/1489 981/1492/1486 982/1496/1490
f 985/1495/1489 982/1496/1490 984/1497/1491
f 984/1497/1491 982/1496/1490 983/1498/1492
f 987/1499/1493 988/1500/1494 992/1501/1495
f 992/1501/1495 988/1500/1494 991/1502/1496
f 991/1502/1496 988/1500/1494 989/1503/1497
f 991/1502/1496 989/1503/1497 990/1504/1498
f 990/1504/1498 989/1503/1497 978/1505/1499
f 978/1505/1499 989/1503/1497 977/1506/1500
f 953/1507/1501 956/1508/1502 983/1509/1503
f 983/1509/1503 956/1508/1502 984/1510/1504
f 979/1511/1505 987/1512/1506 980/1513/1507
f 980/1513/1507 987/1512/1506 992/1514/1508
f 994/1515/1509 995/1516/1510 993/1517/1511
f 993/1517/1511 995/1516/1510 996/1518/1512
f 994/1519/1513 997/1520/1514 995/1521/1515
f 995/1521/1515 997/1520/1514 998/1522/1516
f 997/1523/1517 999/1524/1518 998/1525/1519
f 998/1525/1519 999/1524/1518 1004/1526/1520
f 1004/1526/1520 999/1524/1518 1000/1527/1521
f 1004/1526/1520 1000/1527/1521 1003/1528/1522
f 1003/1528/1522 1000/1527/1521 1002/1529/1523
f 1002/1529/1523 1000/1527/1521 1001/1530/1524
f 1005/1531/1525 1006/1532/1526 1012/1533/1527
f 1012/1533/1527 1006/1532/1526 1011/1534/1528
f 1011/1534/1528 1006/1532/1526 1010/1535/1529
f 1010/1535/1529 1006/1532/1526 1007/1536/1530
f 1010/1535/1529 1007/1536/1530 1009/1537/1531
f 1009/1537/1531 1007/1536/1530 1008/1538/1532
f 1013/1539/1533 1014/1540/1534 1008/1541/1535
f 1008/1541/1535 1014/1540/1534 1009/1542/1536
f 1015/1543/1537 1016/1544/1538 1001/1545/1539
f 1001/1545/1539 1016/1544/1538 1002/1546/1540
f 1017/1547/1541 1005/1548/1542 1018/1549/1543
f 1018/1549/1543 1005/1548/1542 1012/1550/1544
f 1013/1551/1545 1019/1552/1546 1014/1553/1547
f 1014/1553/1547 1019/1552/1546 1020/1554/1548
f 1015/1555/1549 1021/1556/1550 1016/1557/1551
f 1016/1557/1551 1021/1556/1550 1022/1558/1552
f 1017/1559/1553 1018/1560/1554 1023/1561/1555
f 1023/1561/1555 1018/1560/1554 1024/1562/1556
f 1021/1563/1557 1025/1564/1558 1022/1565/1559
f 1022/1565/1559 1025/1564/1558 1028/1566/1560
f 1028/1566/1560 1025/1564/1558 1027/1567/1561
f 1027/1567/1561 1025/1564/1558 1026/1568/1562
f 1027/1567/1561 1026/1568/1562 996/1569/1563
f 996/1569/1563 1026/1568/1562 993/1570/1564
f 1019/1571/1565 1029/1572/1566 1020/1573/1567
f 1020/1573/1567 1029/1572/1566 1032/1574/1568
f 1032/1574/1568 1029/1572/1566 1030/1575/1569
f 1032/1574/1568 1030/1575/1569 1031/1576/1570
f 1031/1576/1570 1030/1575/1569 1024/1577/1571
f 1024/1577/1571 1030/1575/1569 1023/1578/1572
f 1034/1579/1573 1035/1580/1574 1033/1581/1575
f 1033/1581/1575 1035/1580/1574 1036/1582/1576
f 1037/1583/1577 1038/1584/1578 1042/1585/1579
f 1042/1585/1579 1038/1584/1578 1041/1586/1580
f 1041/1586/1580 1038/1584/1578 1040/1587/1581
f 1040/1587/1581 1038/1584/1578 1039/1588/1582
f 1040/1587/1581 1039/1588/1582 1036/1589/1583
f 1036/1589/1583 1039/1588/1582 1033/1590/1584
f 1034/1591/1585 1043/1592/1586 1035/1593/1587
f 1035/1593/1587 1043/1592/1586 1044/1594/1588
f 1046/1595/1589 1047/1596/1590 1045/1597/1591
f 1045/1597/1591 1047/1596/1590 1048/1598/1592
f 1046/1599/1593 1049/1600/1594 1047/1601/1595
f 1047/1601/1595 1049/1600/1594 1050/1602/1596
f 1043/1603/1597 1051/1604/1598 1044/1605/1599
f 1044/1605/1599 1051/1604/1598 1056/1606/1600
f 1056/1606/1600 1051/1604/1598 1052/1607/1601
f 1056/1606/1600 1052/1607/1601 1055/1608/1602
f 1055/1608/1602 1052/1607/1601 1054/1609/1603
f 1054/1609/1603 1052/1607/1601 1053/1610/1604
f 1057/1611/1605 1058/1612/1606 1062/1613/1607
f 1062/1613/1607 1058/1612/1606 1061/1614/1608
f 1061/1614/1608 1058/1612/1606 1060/1615/1609
f 1060/1615/1609 1058/1612/1606 1059/1616/1610
f 1060/1615/1609 1059/1616/1610 1048/1617/1611
f 1048/1617/1611 1059/1616/1610 1045/1618/1612
f 1049/1619/1613 1063/1620/1614 1050/1621/1615
f 1050/1621/1615 1063/1620/1614 1068/1622/1616
f 1068/1622/1616 1063/1620/1614 1064/1623/1617
f 1068/1622/1616 1064/1623/1617 1067/1624/1618
f 1067/1624/1618 1064/1623/1617 1066/1625/1619
f 1066/1625/1619 1064/1623/1617 1065/1626/1620
f 1069/1627/1621 1070/1628/1622 1053/1629/1623
f 1053/1629/1623 1070/1628/1622 1054/1630/1624
f 1071/1631/1625 1057/1632/1626 1072/1633/1627
f 1072/1633/1627 1057/1632/1626 1062/1634/1628
f 1069/1635/1629 1037/1636/1630 1070/1637/1631
f 1070/1637/1631 1037/1636/1630 1042/1638/1632
f 1071/1639/1633 1072/1640/1634 1065/1641/1635
f 1065/1641/1635 1072/1640/1634 1066/1642/1636
f 1073/1643/1637 1074/1644/1638 1076/1645/1639
f 1076/1645/1639 1074/1644/1638 1075/1646/1640
f 1074/1647/1641 1077/1648/1642 1075/1649/1643
f 1075/1649/1643 1077/1648/1642 1082/1650/1644
f 1082/1650/1644 1077/1648/1642 1078/1651/1645
f 1082/1650/1644 1078/1651/1645 1081/1652/1646
f 1081/1652/1646 1078/1651/1645 1080/1653/1647
f 1080/1653/1647 1078/1651/1645 1079/1654/1648
f 1083/1655/1649 1084/1656/1650 1079/1657/1651
f 1079/1657/1651 1084/1656/1650 1080/1658/1652
f 1085/1659/1653 1086/1660/1654 1088/1661/1655
f 1088/1661/1655 1086/1660/1654 1087/1662/1656
f 1086/1663/1657 1089/1664/1658 1087/1665/1659
f 1087/1665/1659 1089/1664/1658 1094/1666/1660
f 1094/1666/1660 1089/1664/1658 1093/1667/1661
f 1093/1667/1661 1089/1664/1658 1090/1668/1662
f 1093/1667/1661 1090/1668/1662 1092/1669/1663
f 1092/1669/1663 1090/1668/1662 1091/1670/1664
f 1083/1671/1665 1095/1672/1666 1084/1673/1667
f 1084/1673/1667 1095/1672/1666 1096/1674/1668
f 1085/1675/1669 1088/1676/1670 1097/1677/1671
f 1097/1677/1671 1088/1676/1670 1098/1678/1672
f 1099/1679/1673 1100/1680/1674 1091/1681/1675
f 1091/1681/1675 1100/1680/1674 1092/1682/1676
f 1095/1683/1677 1101/1684/1678 1096/1685/1679
f 1096/1685/1679 1101/1684/1678 1106/1686/1680
f 1106/1686/1680 1101/1684/1678 1105/1687/1681
f 1105/1687/1681 1101/1684/1678 1102/1688/1682
f 1105/1687/1681 1102/1688/1682 1104/1689/1683
f 1104/1689/1683 1102/1688/1682 1103/1690/1684
f 1107/1691/1685 1108/1692/1686 1112/1693/1687
f 1112/1693/1687 1108/1692/1686 1111/1694/1688
f 1111/1694/1688 1108/1692/1686 1109/1695/1689
f 1111/1694/1688 1109/1695/1689 1110/1696/1690
f 1110/1696/1690 1109/1695/1689 1098/1697/1691
f 1098/1697/1691 1109/1695/1689 1097/1698/1692
f 1073/1699/1693 1076/1700/1694 1103/1701/1695
f 1103/1701/1695 1076/1700/1694 1104/1702/1696
f 1099/1703/1697 1107/1704/1698 1100/1705/1699
f 1100/1705/1699 1107/1704/1698 1112/1706/1700
f 1114/1707/1701 1115/1708/1702 1113/1709/1703
f 1113/1709/1703 1115/1708/1702 1116/1710/1704
f 1117/1711/1705 1113/1712/1706 1118/1713/1707
f 1118/1713/1707 1113/1712/1706 1116/1714/1708
f 1115/1715/1709 1114/1716/1710 1124/1717/1711
f 1124/1717/1711 1114/1716/1710 1119/1718/1712
f 1124/1717/1711 1119/1718/1712 1123/1719/1713
f 1123/1719/1713 1119/1718/1712 1120/1720/1714
f 1123/1719/1713 1120/1720/1714 1122/1721/1715
f 1122/1721/1715 1120/1720/1714 1121/1722/1716
f 1125/1723/1717 1126/1724/1718 1132/1725/1719
f 1132/1725/1719 1126/1724/1718 1131/1726/1720
f 1131/1726/1720 1126/1724/1718 1127/1727/1721
f 1131/1726/1720 1127/1727/1721 1130/1728/1722
f 1130/1728/1722 1127/1727/1721 1128/1729/1723
f 1130/1728/1722 1128/1729/1723 1129/1730/1724
f 1128/1731/1725 1133/1732/1726 1129/1733/1727
f 1129/1733/1727 1133/1732/1726 1134/1734/1728
f 1121/1735/1729 1135/1736/1730 1122/1737/1731
f 1122/1737/1731 1135/1736/1730 1137/1738/1732
f 1137/1738/1732 1135/1736/1730 1136/1739/1733
f 1138/1740/1734 1139/1741/1735 1140/1742/1736
f 1140/1742/1736 1139/1741/1735 1132/1743/1737
f 1132/1743/1737 1139/1741/1735 1125/1744/1738
f 1141/1745/1739 1142/1746/1740 1133/1747/1741
f 1133/1747/1741 1142/1746/1740 1134/1748/1742
f 1136/1749/1743 1143/1750/1744 1137/1751/1745
f 1137/1751/1745 1143/1750/1744 1144/1752/1746
f 1138/1753/1747 1140/1754/1748 1145/1755/1749
f 1145/1755/1749 1140/1754/1748 1146/1756/1750
f 1143/1757/1751 1147/1758/1752 1144/1759/1753
f 1144/1759/1753 1147/1758/1752 1150/1760/1754
f 1150/1760/1754 1147/1758/1752 1148/1761/1755
f 1150/1760/1754 1148/1761/1755 1149/1762/1756
f 1149/1762/1756 1148/1761/1755 1117/1763/1757
f 1149/1762/1756 1117/1763/1757 1118/1764/1758
f 1142/1765/1759 1141/1766/1760 1154/1767/1761
f 1154/1767/1761 1141/1766/1760 1151/1768/1762
f 1154/1767/1761 1151/1768/1762 1153/1769/1763
f 1153/1769/1763 1151/1768/1762 1152/1770/1764
f 1153/1769/1763 1152/1770/1764 1146/1771/1765
f 1146/1771/1765 1152/1770/1764 1145/1772/1766
f 1156/1773/1767 1157/1774/1768 1155/1775/1769
f 1155/1775/1769 1157/1774/1768 1158/1776/1770
f 1156/1777/1771 1159/1778/1772 1157/1779/1773
f 1157/1779/1773 1159/1778/1772 1160/1780/1774
f 1159/1781/1775 1161/1782/1776 1160/1783/1777
f 1160/1783/1777 1161/1782/1776 1166/1784/1778
f 1166/1784/1778 1161/1782/1776 1162/1785/1779
f 1166/1784/1778 1162/1785/1779 1165/1786/1780
f 1165/1786/1780 1162/1785/1779 1164/1787/1781
f 1164/1787/1781 1162/1785/1779 1163/1788/1782
f 1167/1789/1783 1168/1790/1784 1174/1791/1785
f 1174/1791/1785 1168/1790/1784 1173/1792/1786
f 1173/1792/1786 1168/1790/1784 1172/1793/1787
f 1172/1793/1787 1168/1790/1784 1169/1794/1788
f 1172/1793/1787 1169/1794/1788 1171/1795/1789
f 1171/1795/1789 1169/1794/1788 1170/1796/1790
f 1175/1797/1791 1176/1798/1792 1170/1799/1793
f 1170/1799/1793 1176/1798/1792 1171/1800/1794
f 1177/1801/1795 1178/1802/1796 1163/1803/1797
f 1163/1803/1797 1178/1802/1796 1164/1804/1798
f 1179/1805/1799 1167/1806/1800 1180/1807/1801
f 1180/1807/1801 1167/1806/1800 1174/1808/1802
f 1175/1809/1803 1181/1810/1804 1176/1811/1805
f 1176/1811/1805 1181/1810/1804 1182/1812/1806
f 1177/1813/1807 1183/1814/1808 1178/1815/1809
f 1178/1815/1809 1183/1814/1808 1184/1816/1810
f 1179/1817/1811 1180/1818/1812 1185/1819/1813
f 1185/1819/1813 1180/1818/1812 1186/1820/1814
f 1183/1821/1815 1187/1822/1816 1184/1823/1817
f 1184/1823/1817 1187/1822/1816 1190/1824/1818
f 1190/1824/1818 1187/1822/1816 1189/1825/1819
f 1189/1825/1819 1187/1822/1816 1188/1826/1820
f 1189/1825/1819 1188/1826/1820 1158/1827/1821
f 1158/1827/1821 1188/1826/1820 1155/1828/1822
f 1181/1829/1823 1191/1830/1824 1182/1831/1825
f 1182/1831/1825 1191/1830/1824 1194/1832/1826
f 1194/1832/1826 1191/1830/1824 1192/1833/1827
f 1194/1832/1826 1192/1833/1827 1193/1834/1828
f 1193/1834/1828 1192/1833/1827 1186/1835/1829
f 1186/1835/1829 1192/1833/1827 1185/1836/1830
f 1195/1837/1831 1196/1838/1832 1199/1839/1833
f 1199/1839/1833 1196/1838/1832 1198/1840/1834
f 1198/1840/1834 1196/1838/1832 1197/1841/1835
f 1197/1842/1836 1200/1843/1837 1198/1844/1838
f 1198/1844/1838 1200/1843/1837 1202/1845/1839
f 1202/1845/1839 1200/1843/1837 1201/1846/1840
f 1201/1847/1841 1203/1848/1842 1202/1849/1843
f 1202/1849/1843 1203/1848/1842 1208/1850/1844
f 1208/1850/1844 1203/1848/1842 1204/1851/1845
f 1208/1850/1844 1204/1851/1845 1207/1852/1846
f 1207/1852/1846 1204/1851/1845 1205/1853/1847
f 1207/1852/1846 1205/1853/1847 1206/1854/1848
f 1216/1855/1849 1209/1856/1850 1215/1857/1851
f 1215/1857/1851 1209/1856/1850 1210/1858/1852
f 1215/1857/1851 1210/1858/1852 1214/1859/1853
f 1214/1859/1853 1210/1858/1852 1211/1860/1854
f 1214/1859/1853 1211/1860/1854 1213/1861/1855
f 1213/1861/1855 1211/1860/1854 1212/1862/1856
f 1212/1863/1857 1217/1864/1858 1213/1865/1859
f 1213/1865/1859 1217/1864/1858 1219/1866/1860
f 1219/1866/1860 1217/1864/1858 1218/1867/1861
f 1205/1868/1862 1220/1869/1863 1206/1870/1864
f 1206/1870/1864 1220/1869/1863 1221/1871/1865
f 1209/1872/1866 1216/1873/1867 1222/1874/1868
f 1222/1874/1868 1216/1873/1867 1223/1875/1869
f 1218/1876/1870 1224/1877/1871 1219/1878/1872
f 1219/1878/1872 1224/1877/1871 1226/1879/1873
f 1226/1879/1873 1224/1877/1871 1225/1880/1874
f 1227/1881/1875 1228/1882/1876 1220/1883/1877
f 1220/1883/1877 1228/1882/1876 1221/1884/1878
f 1229/1885/1879 1222/1886/1880 1230/1887/1881
f 1230/1887/1881 1222/1886/1880 1223/1888/1882
f 1228/1889/1883 1227/1890/1884 1234/1891/1885
f 1234/1891/1885 1227/1890/1884 1231/1892/1886
f 1234/1891/1885 1231/1892/1886 1233/1893/1887
f 1233/1893/1887 1231/1892/1886 1232/1894/1888
f 1233/1893/1887 1232/1894/1888 1199/1895/1889
f 1199/1895/1889 1232/1894/1888 1195/1896/1890
f 1225/1897/1891 1235/1898/1892 1226/1899/1893
f 1226/1899/1893 1235/1898/1892 1238/1900/1894
f 1238/1900/1894 1235/1898/1892 1236/1901/1895
f 1238/1900/1894 1236/1901/1895 1237/1902/1896
f 1237/1902/1896 1236/1901/1895 1229/1903/1897
f 1237/1902/1896 1229/1903/1897 1230/1904/1898
f 1239/1905/1899 1240/1906/1900 1260/1907/1901
f 1260/1907/1901 1240/1906/1900 488/1908/1902
f 1260/1907/1901 488/1908/1902 475/1909/1903
f 488/1908/1902 1240/1906/1900 489/1910/1904
f 489/1910/1904 1240/1906/1900 1241/1911/1905
f 489/1910/1904 1241/1911/1905 1242/1912/1906
f 1242/1912/1906 1243/1913/1907 489/1910/1904
f 489/1910/1904 1243/1913/1907 1245/1914/1908
f 489/1910/1904 1245/1914/1908 1246/1915/1909
f 1243/1913/1907 1244/1916/1910 1245/1914/1908
f 489/1910/1904 1246/1915/1909 490/1917/1911
f 490/1917/1911 1246/1915/1909 1247/1918/1912
f 490/1917/1911 1247/1918/1912 1248/1919/1913
f 490/1917/1911 1248/1919/1913 260/1920/1914
f 260/1920/1914 1248/1919/1913 1249/1921/1915
f 260/1920/1914 1249/1921/1915 1252/1922/1916
f 1252/1922/1916 1249/1921/1915 1250/1923/1917
f 1252/1922/1916 1250/1923/1917 1251/1924/1918
f 260/1920/1914 1252/1922/1916 261/1925/1919
f 261/1925/1919 1252/1922/1916 1253/1926/1920
f 261/1925/1919 1253/1926/1920 1254/1927/1921
f 1254/1927/1921 1255/1928/1922 261/1925/1919
f 261/1925/1919 1255/1928/1922 1256/1929/1923
f 261/1925/1919 1256/1929/1923 262/1930/1924
f 262/1930/1924 1256/1929/1923 1257/1931/1925
f 262/1930/1924 1257/1931/1925 1258/1932/1926
f 1259/1933/1927 600/1934/1928 1258/1932/1926
f 1258/1932/1926 600/1934/1928 1288/1935/1929
f 1258/1932/1926 1288/1935/1929 262/1930/1924
f 262/1930/1924 1288/1935/1929 1289/1936/1930
f 262/1930/1924 1289/1936/1930 1290/1937/1931
f 600/1934/1928 1259/1933/1927 475/1909/1903
f 475/1909/1903 1259/1933/1927 1260/1907/1901
f 1262/1938/1932 1263/1939/1933 1261/1940/1934
f 1261/1940/1934 1263/1939/1933 484/1941/1935
f 1261/1940/1934 484/1941/1935 483/1942/1936
f 484/1941/1935 1263/1939/1933 473/1943/1937
f 473/1943/1937 1263/1939/1933 1264/1944/1938
f 473/1943/1937 1264/1944/1938 576/1945/1939
f 576/1945/1939 1264/1944/1938 1265/1946/1940
f 576/1945/1939 1265/1946/1940 328/1947/1941
f 328/1947/1941 1265/1946/1940 1309/1948/1942
f 328/1947/1941 1309/1948/1942 323/1949/1943
f 323/1949/1943 1309/1948/1942 1310/1950/1944
f 323/1949/1943 1310/1950/1944 324/1951/1945
f 324/1951/1945 1310/1950/1944 1311/1952/1946
f 324/1951/1945 1311/1952/1946 1312/1953/1947
f 1309/1948/1942 1265/1946/1940 249/1954/1948
f 249/1954/1948 1265/1946/1940 1266/1955/1949
f 249/1954/1948 1266/1955/1949 1267/1956/1950
f 249/1954/1948 1267/1956/1950 250/1957/1951
f 250/1957/1951 1267/1956/1950 1268/1958/1952
f 250/1957/1951 1268/1958/1952 1269/1959/1953
f 1269/1959/1953 1270/1960/1954 250/1957/1951
f 250/1957/1951 1270/1960/1954 1271/1961/1955
f 250/1957/1951 1271/1961/1955 251/1962/1956
f 251/1962/1956 1271/1961/1955 1275/1963/1957
f 251/1962/1956 1275/1963/1957 482/1964/1958
f 482/1964/1958 1275/1963/1957 1276/1965/1959
f 482/1964/1958 1276/1965/1959 1277/1966/1960
f 1272/1967/1961 1273/1968/1962 1271/1961/1955
f 1271/1961/1955 1273/1968/1962 1274/1969/1963
f 1271/1961/1955 1274/1969/1963 1275/1963/1957
f 482/1964/1958 1277/1966/1960 483/1942/1936
f 483/1942/1936 1277/1966/1960 1278/1970/1964
f 483/1942/1936 1278/1970/1964 1280/1971/1965
f 1280/1971/1965 1278/1970/1964 1279/1972/1966
f 1280/1971/1965 1281/1973/1967 483/1942/1936
f 483/1942/1936 1281/1973/1967 1282/1974/1968
f 483/1942/1936 1282/1974/1968 1261/1940/1934
f 1284/1975/1969 610/1976/1970 1283/1977/1971
f 1283/1977/1971 610/1976/1970 598/1978/1972
f 1283/1977/1971 598/1978/1972 1321/1979/1973
f 1321/1979/1973 598/1978/1972 1320/1980/1974
f 1320/1980/1974 598/1978/1972 1319/1981/1975
f 1319/1981/1975 598/1978/1972 1317/1982/1976
f 1319/1981/1975 1317/1982/1976 1318/1983/1977
f 610/1976/1970 1284/1975/1969 611/1984/1978
f 611/1984/1978 1284/1975/1969 1285/1985/1979
f 611/1984/1978 1285/1985/1979 1286/1986/1980
f 611/1984/1978 1286/1986/1980 612/1987/1981
f 612/1987/1981 1286/1986/1980 1287/1988/1982
f 612/1987/1981 1287/1988/1982 1288/1935/1929
f 1290/1937/1931 1291/1989/1983 262/1930/1924
f 262/1930/1924 1291/1989/1983 1292/1990/1984
f 262/1930/1924 1292/1990/1984 263/1991/1985
f 263/1991/1985 1292/1990/1984 1293/1992/1986
f 263/1991/1985 1293/1992/1986 1294/1993/1987
f 1294/1993/1987 1295/1994/1988 263/1991/1985
f 263/1991/1985 1295/1994/1988 1296/1995/1989
f 263/1991/1985 1296/1995/1989 1297/1996/1990
f 263/1991/1985 1297/1996/1990 1322/1997/1991
f 1322/1997/1991 1297/1996/1990 1283/1977/1971
f 1322/1997/1991 1283/1977/1971 1321/1979/1973
f 1312/1953/1947 1298/1998/1992 324/1951/1945
f 324/1951/1945 1298/1998/1992 1299/1999/1993
f 324/1951/1945 1299/1999/1993 325/2000/1994
f 325/2000/1994 1299/1999/1993 1337/2001/1995
f 325/2000/1994 1337/2001/1995 1338/2002/1996
f 1299/1999/1993 1300/2003/1997 1337/2001/1995
f 1337/2001/1995 1300/2003/1997 1301/2004/1998
f 1337/2001/1995 1301/2004/1998 248/2005/1999
f 248/2005/1999 1301/2004/1998 1302/2006/2000
f 248/2005/1999 1302/2006/2000 1303/2007/2001
f 1303/2007/2001 1304/2008/2002 248/2005/1999
f 248/2005/1999 1304/2008/2002 1305/2009/2003
f 248/2005/1999 1305/2009/2003 1306/2010/2004
f 248/2005/1999 1306/2010/2004 249/1954/1948
f 249/1954/1948 1306/2010/2004 1307/2011/2005
f 249/1954/1948 1307/2011/2005 1308/2012/2006
f 1308/2012/2006 1309/1948/1942 249/1954/1948
f 1328/2013/2007 1313/2014/2008 418/2015/2009
f 418/2015/2009 1313/2014/2008 1314/2016/2010
f 418/2015/2009 1314/2016/2010 1315/2017/2011
f 418/2015/2009 1315/2017/2011 588/2018/2012
f 588/2018/2012 1315/2017/2011 1316/2019/2013
f 588/2018/2012 1316/2019/2013 1317/1982/1976
f 263/1991/1985 1322/1997/1991 264/2020/2014
f 264/2020/2014 1322/1997/1991 1323/2021/2015
f 264/2020/2014 1323/2021/2015 1324/2022/2016
f 264/2020/2014 1324/2022/2016 265/2023/2017
f 265/2023/2017 1324/2022/2016 1325/2024/2018
f 265/2023/2017 1325/2024/2018 266/2025/2019
f 266/2025/2019 1325/2024/2018 429/2026/2020
f 266/2025/2019 429/2026/2020 428/2027/2021
f 1325/2024/2018 1326/2028/2022 429/2026/2020
f 429/2026/2020 1326/2028/2022 430/2029/2023
f 430/2029/2023 1326/2028/2022 1327/2030/2024
f 430/2029/2023 1327/2030/2024 1328/2013/2007
f 430/2029/2023 1328/2013/2007 418/2015/2009
f 1344/2031/2025 1329/2032/2026 422/2033/2027
f 422/2033/2027 1329/2032/2026 1330/2034/2028
f 422/2033/2027 1330/2034/2028 1331/2035/2029
f 422/2033/2027 1331/2035/2029 434/2036/2030
f 434/2036/2030 1331/2035/2029 1332/2037/2031
f 434/2036/2030 1332/2037/2031 1333/2038/2032
f 434/2036/2030 1333/2038/2032 435/2039/2033
f 435/2039/2033 1333/2038/2032 1334/2040/2034
f 435/2039/2033 1334/2040/2034 245/2041/2035
f 245/2041/2035 1334/2040/2034 246/2042/2036
f 246/2042/2036 1334/2040/2034 1335/2043/2037
f 246/2042/2036 1335/2043/2037 247/2044/2038
f 247/2044/2038 1335/2043/2037 1336/2045/2039
f 247/2044/2038 1336/2045/2039 1337/2001/1995
f 1338/2002/1996 1339/2046/2040 325/2000/1994
f 325/2000/1994 1339/2046/2040 326/2047/2041
f 326/2047/2041 1339/2046/2040 1340/2048/2042
f 326/2047/2041 1340/2048/2042 1341/2049/2043
f 1341/2049/2043 1342/2050/2044 326/2047/2041
f 326/2047/2041 1342/2050/2044 584/2051/2045
f 326/2047/2041 584/2051/2045 327/2052/2046
f 327/2052/2046 584/2051/2045 596/2053/2047
f 327/2052/2046 596/2053/2047 329/2054/2048
f 329/2054/2048 596/2053/2047 606/2055/2049
f 329/2054/2048 606/2055/2049 330/2056/2050
f 330/2056/2050 606/2055/2049 605/2057/2051
f 330/2056/2050 605/2057/2051 604/2058/2052
f 1342/2050/2044 1343/2059/2053 584/2051/2045
f 584/2051/2045 1343/2059/2053 1344/2031/2025
f 584/2051/2045 1344/2031/2025 422/2033/2027
f 1215/2060/2054 779/2061/2055 1216/2062/2056
f 1216/2062/2056 779/2061/2055 778/2063/2057
f 1216/2062/2056 778/2063/2057 1014/2064/2058
f 1014/2064/2058 778/2063/2057 784/2065/2059
f 1014/2064/2058 784/2065/2059 1009/2066/2060
f 1009/2066/2060 784/2065/2059 992/2067/2061
f 1009/2066/2060 992/2067/2061 1010/2068/2062
f 1010/2068/2062 992/2067/2061 991/2069/2063
f 1010/2068/2062 991/2069/2063 1011/2070/2064
f 1011/2070/2064 991/2069/2063 990/2071/2065
f 1011/2070/2064 990/2071/2065 1012/2072/2066
f 1012/2072/2066 990/2071/2065 978/2073/2067
f 1012/2072/2066 978/2073/2067 1116/2074/2068
f 1116/2074/2068 978/2073/2067 968/2075/2069
f 1116/2074/2068 968/2075/2069 1118/2076/2070
f 1118/2076/2070 968/2075/2069 254/2077/2071
f 1118/2076/2070 254/2077/2071 1149/2078/2072
f 1149/2078/2072 254/2077/2071 253/2079/2073
f 1149/2078/2072 253/2079/2073 1150/2080/2074
f 1150/2080/2074 253/2079/2073 1144/2081/2075
f 1144/2081/2075 253/2079/2073 252/2082/2076
f 1144/2081/2075 252/2082/2076 1137/2083/2077
f 1137/2083/2077 252/2082/2076 453/2084/2078
f 1137/2083/2077 453/2084/2078 723/2085/2079
f 723/2085/2079 453/2084/2078 367/2086/2080
f 723/2085/2079 367/2086/2080 198/2087/2081
f 198/2087/2081 367/2086/2080 199/2088/2082
f 199/2088/2082 367/2086/2080 366/2089/2083
f 199/2088/2082 366/2089/2083 200/2090/2084
f 200/2090/2084 366/2089/2083 373/2091/2085
f 200/2090/2084 373/2091/2085 372/2092/2086
f 779/2061/2055 1215/2060/2054 780/2093/2087
f 780/2093/2087 1215/2060/2054 1214/2094/2088
f 780/2093/2087 1214/2094/2088 762/2095/2089
f 762/2095/2089 1214/2094/2088 1213/2096/2090
f 762/2095/2089 1213/2096/2090 758/2097/2091
f 758/2097/2091 1213/2096/2090 1219/2098/2092
f 758/2097/2091 1219/2098/2092 260/1920/1914
f 260/1920/1914 1219/2098/2092 478/2099/2093
f 260/1920/1914 478/2099/2093 490/1917/1911
f 1226/2100/2094 926/2101/2095 1219/2098/2092
f 1219/2098/2092 926/2101/2095 679/2102/2096
f 1219/2098/2092 679/2102/2096 478/2099/2093
f 478/2099/2093 679/2102/2096 392/2103/2097
f 478/2099/2093 392/2103/2097 469/2104/2098
f 469/2104/2098 392/2103/2097 404/2105/2099
f 469/2104/2098 404/2105/2099 470/2106/2100
f 470/2106/2100 404/2105/2099 403/2107/2101
f 470/2106/2100 403/2107/2101 471/2108/2102
f 471/2108/2102 403/2107/2101 402/2109/2103
f 471/2108/2102 402/2109/2103 464/2110/2104
f 464/2110/2104 402/2109/2103 389/2111/2105
f 464/2110/2104 389/2111/2105 560/2112/2106
f 560/2112/2106 389/2111/2105 379/2113/2107
f 560/2112/2106 379/2113/2107 552/2114/2108
f 552/2114/2108 379/2113/2107 532/2115/2109
f 552/2114/2108 532/2115/2109 553/2116/2110
f 553/2116/2110 532/2115/2109 531/2117/2111
f 553/2116/2110 531/2117/2111 554/2118/2112
f 554/2118/2112 531/2117/2111 530/2119/2113
f 554/2118/2112 530/2119/2113 547/2120/2114
f 547/2120/2114 530/2119/2113 518/2121/2115
f 547/2120/2114 518/2121/2115 642/2122/2116
f 642/2122/2116 518/2121/2115 508/2123/2117
f 642/2122/2116 508/2123/2117 632/2124/2118
f 632/2124/2118 508/2123/2117 286/2125/2119
f 632/2124/2118 286/2125/2119 185/2126/2120
f 185/2126/2120 286/2125/2119 186/2127/2121
f 186/2127/2121 286/2125/2119 285/2128/2122
f 186/2127/2121 285/2128/2122 187/2129/2123
f 187/2129/2123 285/2128/2122 284/2130/2124
f 187/2129/2123 284/2130/2124 283/2131/2125
f 926/2101/2095 1226/2100/2094 927/2132/2126
f 927/2132/2126 1226/2100/2094 1238/2133/2127
f 927/2132/2126 1238/2133/2127 940/2134/2128
f 940/2134/2128 1238/2133/2127 1237/2135/2129
f 940/2134/2128 1237/2135/2129 941/2136/2130
f 941/2136/2130 1237/2135/2129 1230/2137/2131
f 941/2136/2130 1230/2137/2131 942/2138/2132
f 942/2138/2132 1230/2137/2131 829/2139/2133
f 942/2138/2132 829/2139/2133 1100/2140/2134
f 1100/2140/2134 829/2139/2133 838/2141/2135
f 1100/2140/2134 838/2141/2135 1092/2142/2136
f 1092/2142/2136 838/2141/2135 850/2143/2137
f 1092/2142/2136 850/2143/2137 1093/2144/2138
f 1093/2144/2138 850/2143/2137 849/2145/2139
f 1093/2144/2138 849/2145/2139 1094/2146/2140
f 1094/2146/2140 849/2145/2139 848/2147/2141
f 1094/2146/2140 848/2147/2141 1087/2148/2142
f 1087/2148/2142 848/2147/2141 864/2149/2143
f 1087/2148/2142 864/2149/2143 1088/2150/2144
f 1088/2150/2144 864/2149/2143 874/2151/2145
f 1088/2150/2144 874/2151/2145 704/2152/2146
f 704/2152/2146 874/2151/2145 873/2153/2147
f 704/2152/2146 873/2153/2147 735/2154/2148
f 735/2154/2148 873/2153/2147 872/2155/2149
f 735/2154/2148 872/2155/2149 736/2156/2150
f 736/2156/2150 872/2155/2149 871/2157/2151
f 736/2156/2150 871/2157/2151 730/2158/2152
f 730/2158/2152 871/2157/2151 879/2159/2153
f 730/2158/2152 879/2159/2153 723/2085/2079
f 723/2085/2079 879/2159/2153 1137/2083/2077
f 1230/2137/2131 1223/2160/2154 829/2139/2133
f 829/2139/2133 1223/2160/2154 830/2161/2155
f 830/2161/2155 1223/2160/2154 1020/2162/2156
f 830/2161/2155 1020/2162/2156 834/2163/2157
f 834/2163/2157 1020/2162/2156 1032/2164/2158
f 834/2163/2157 1032/2164/2158 835/2165/2159
f 835/2165/2159 1032/2164/2158 1031/2166/2160
f 835/2165/2159 1031/2166/2160 836/2167/2161
f 836/2167/2161 1031/2166/2160 1024/2168/2162
f 836/2167/2161 1024/2168/2162 876/2169/2163
f 876/2169/2163 1024/2168/2162 1018/2170/2164
f 876/2169/2163 1018/2170/2164 900/2171/2165
f 900/2171/2165 1018/2170/2164 1115/2172/2166
f 900/2171/2165 1115/2172/2166 1124/2173/2167
f 1020/2162/2156 1223/2160/2154 1014/2064/2058
f 1014/2064/2058 1223/2160/2154 1216/2062/2056
f 1208/2174/2168 745/2175/2169 1202/2176/2170
f 1202/2176/2170 745/2175/2169 751/2177/2171
f 1202/2176/2170 751/2177/2171 1198/2178/2172
f 1198/2178/2172 751/2177/2171 267/2179/2173
f 1198/2178/2172 267/2179/2173 183/2180/2174
f 183/2180/2174 267/2179/2173 628/2181/2175
f 183/2180/2174 628/2181/2175 184/2182/2176
f 184/2182/2176 628/2181/2175 627/2183/2177
f 184/2182/2176 627/2183/2177 634/2184/2178
f 745/2175/2169 1208/2174/2168 746/2185/2179
f 746/2185/2179 1208/2174/2168 1207/2186/2180
f 746/2185/2179 1207/2186/2180 747/2187/2181
f 747/2187/2181 1207/2186/2180 1206/2188/2182
f 747/2187/2181 1206/2188/2182 748/2189/2183
f 748/2189/2183 1206/2188/2182 995/2190/2184
f 748/2189/2183 995/2190/2184 782/2191/2185
f 782/2191/2185 995/2190/2184 998/2192/2186
f 782/2191/2185 998/2192/2186 984/2193/2187
f 984/2193/2187 998/2192/2186 1004/2194/2188
f 984/2193/2187 1004/2194/2188 985/2195/2189
f 985/2195/2189 1004/2194/2188 1003/2196/2190
f 985/2195/2189 1003/2196/2190 986/2197/2191
f 986/2198/2191 1003/2199/2190 1002/2200/2192
f 986/2198/2191 1002/2200/2192 976/2201/2193
f 976/2201/2193 1002/2200/2192 1134/2202/2194
f 976/2201/2193 1134/2202/2194 964/2203/2195
f 964/2203/2195 1134/2202/2194 1142/2204/2196
f 964/2203/2195 1142/2204/2196 241/2205/2197
f 241/2205/2197 1142/2204/2196 242/2206/2198
f 242/2206/2198 1142/2204/2196 1154/2207/2199
f 242/2206/2198 1154/2207/2199 1153/2208/2200
f 1206/2188/2182 1221/2209/2201 995/2190/2184
f 995/2190/2184 1221/2209/2201 996/2210/2202
f 996/2210/2202 1221/2209/2201 844/2211/2203
f 996/2210/2202 844/2211/2203 862/2212/2204
f 844/2211/2203 1221/2209/2201 841/2213/2205
f 841/2213/2205 1221/2209/2201 1228/2214/2206
f 841/2213/2205 1228/2214/2206 934/2215/2207
f 934/2215/2207 1228/2214/2206 935/2216/2208
f 935/2216/2208 1228/2214/2206 1234/2217/2209
f 935/2216/2208 1234/2217/2209 936/2218/2210
f 936/2218/2210 1234/2217/2209 1233/2219/2211
f 936/2218/2210 1233/2219/2211 922/2220/2212
f 922/2220/2212 1233/2219/2211 1199/2221/2213
f 922/2220/2212 1199/2221/2213 919/2222/2214
f 919/2222/2214 1199/2221/2213 1198/2178/2172
f 919/2222/2214 1198/2178/2172 658/2223/2215
f 658/2223/2215 1198/2178/2172 183/2180/2174
f 658/2223/2215 183/2180/2174 182/2224/2216
f 1173/2225/2217 1110/2226/2218 1174/2227/2219
f 1174/2227/2219 1110/2226/2218 1098/2228/2220
f 1174/2227/2219 1098/2228/2220 702/2229/2221
f 702/2229/2221 1098/2228/2220 1088/2150/2144
f 702/2229/2221 1088/2150/2144 704/2152/2146
f 1110/2226/2218 1173/2225/2217 1111/2230/2222
f 1111/2230/2222 1173/2225/2217 1172/2231/2223
f 1111/2230/2222 1172/2231/2223 1112/2232/2224
f 1112/2232/2224 1172/2231/2223 1171/2233/2225
f 1112/2232/2224 1171/2233/2225 952/2234/2226
f 952/2234/2226 1171/2233/2225 1176/2235/2227
f 952/2234/2226 1176/2235/2227 946/2236/2228
f 946/2236/2228 1176/2235/2227 676/2237/2229
f 946/2236/2228 676/2237/2229 947/2238/2230
f 947/2238/2230 676/2237/2229 675/2239/2231
f 947/2238/2230 675/2239/2231 948/2240/2232
f 948/2240/2232 675/2239/2231 674/2241/2233
f 948/2240/2232 674/2241/2233 930/2242/2234
f 930/2242/2234 674/2241/2233 673/2243/2235
f 930/2242/2234 673/2243/2235 926/2101/2095
f 926/2101/2095 673/2243/2235 679/2102/2096
f 676/2237/2229 1176/2235/2227 683/2244/2236
f 683/2244/2236 1176/2235/2227 1182/2245/2237
f 683/2244/2236 1182/2245/2237 1036/2246/2238
f 1036/2246/2238 1182/2245/2237 1040/2247/2239
f 1040/2247/2239 1182/2245/2237 1194/2248/2240
f 1040/2247/2239 1194/2248/2240 1041/2249/2241
f 1041/2249/2241 1194/2248/2240 1193/2250/2242
f 1041/2249/2241 1193/2250/2242 1042/2251/2243
f 1042/2251/2243 1193/2250/2242 1186/2252/2244
f 1042/2251/2243 1186/2252/2244 794/2253/2245
f 794/2253/2245 1186/2252/2244 1180/2254/2246
f 794/2253/2245 1180/2254/2246 818/2255/2247
f 818/2255/2247 1180/2254/2246 701/2256/2248
f 818/2255/2247 701/2256/2248 710/2257/2249
f 701/2256/2248 1180/2254/2246 702/2229/2221
f 702/2229/2221 1180/2254/2246 1174/2227/2219
f 1166/2258/2250 1104/2259/2251 1160/2260/2252
f 1160/2260/2252 1104/2259/2251 950/2261/2253
f 1160/2260/2252 950/2261/2253 1157/2262/2254
f 1157/2262/2254 950/2261/2253 916/2263/2255
f 1157/2262/2254 916/2263/2255 666/2264/2256
f 666/2264/2256 916/2263/2255 915/2265/2257
f 666/2264/2256 915/2265/2257 667/2266/2258
f 667/2266/2258 915/2265/2257 914/2267/2259
f 667/2266/2258 914/2267/2259 668/2268/2260
f 668/2268/2260 914/2267/2259 913/2269/2261
f 668/2268/2260 913/2269/2261 662/2270/2262
f 662/2270/2262 913/2269/2261 919/2222/2214
f 662/2270/2262 919/2222/2214 658/2223/2215
f 1104/2259/2251 1166/2258/2250 1105/2271/2263
f 1105/2271/2263 1166/2258/2250 1165/2272/2264
f 1105/2271/2263 1165/2272/2264 1106/2273/2265
f 1106/2274/2265 1165/2275/2264 1164/2276/2266
f 1106/2274/2265 1164/2276/2266 1096/2277/2267
f 1096/2277/2267 1164/2276/2266 720/2278/2268
f 1096/2277/2267 720/2278/2268 1084/2279/2269
f 1084/2279/2269 720/2278/2268 728/2280/2270
f 1084/2279/2269 728/2280/2270 888/2281/2271
f 888/2281/2271 728/2280/2270 889/2282/2272
f 889/2282/2272 728/2280/2270 740/2283/2273
f 889/2282/2272 740/2283/2273 890/2284/2274
f 890/2284/2274 740/2283/2273 739/2285/2275
f 890/2284/2274 739/2285/2275 883/2286/2276
f 883/2286/2276 739/2285/2275 732/2287/2277
f 883/2286/2276 732/2287/2277 884/2288/2278
f 884/2288/2278 732/2287/2277 726/2289/2279
f 884/2288/2278 726/2289/2279 1140/2290/2280
f 1140/2290/2280 726/2289/2279 244/2291/2281
f 1140/2290/2280 244/2291/2281 243/2292/2282
f 1164/2276/2266 1178/2293/2283 720/2278/2268
f 720/2278/2268 1178/2293/2283 715/2294/2284
f 715/2294/2284 1178/2293/2283 826/2295/2285
f 715/2294/2284 826/2295/2285 716/2296/2286
f 716/2296/2286 826/2295/2285 825/2297/2287
f 716/2296/2286 825/2297/2287 717/2298/2288
f 717/2298/2288 825/2297/2287 824/2299/2289
f 717/2298/2288 824/2299/2289 718/2300/2290
f 718/2300/2290 824/2299/2289 812/2301/2291
f 718/2300/2290 812/2301/2291 802/2302/2292
f 826/2295/2285 1178/2293/2283 814/2303/2293
f 814/2303/2293 1178/2293/2283 1184/2304/2294
f 814/2303/2293 1184/2304/2294 1066/2305/2295
f 1066/2305/2295 1184/2304/2294 1190/2306/2296
f 1066/2305/2295 1190/2306/2296 1067/2307/2297
f 1067/2308/2297 1190/2309/2296 1189/2310/2298
f 1067/2308/2297 1189/2310/2298 1068/2311/2299
f 1068/2311/2299 1189/2310/2298 1158/2312/2300
f 1068/2311/2299 1158/2312/2300 1050/2313/2301
f 1050/2313/2301 1158/2312/2300 681/2314/2302
f 1050/2313/2301 681/2314/2302 1047/2315/2303
f 1047/2315/2303 681/2314/2302 688/2316/2304
f 1047/2315/2303 688/2316/2304 181/2317/2305
f 181/2317/2305 688/2316/2304 694/2318/2306
f 181/2317/2305 694/2318/2306 693/2319/2307
f 1158/2312/2300 1157/2262/2254 681/2314/2302
f 681/2314/2302 1157/2262/2254 666/2264/2256
f 1131/2320/2308 906/2321/2309 1132/2322/2310
f 1132/2322/2310 906/2321/2309 894/2323/2311
f 1132/2322/2310 894/2323/2311 884/2288/2278
f 906/2321/2309 1131/2320/2308 907/2324/2312
f 907/2324/2312 1131/2320/2308 1130/2325/2313
f 907/2324/2312 1130/2325/2313 908/2326/2314
f 908/2326/2314 1130/2325/2313 1129/2327/2315
f 908/2326/2314 1129/2327/2315 1016/2328/2316
f 1016/2328/2316 1129/2327/2315 1134/2202/2194
f 1016/2328/2316 1134/2202/2194 1002/2200/2192
f 242/2206/2198 1153/2208/2200 243/2292/2282
f 243/2292/2282 1153/2208/2200 1146/2329/2317
f 243/2292/2282 1146/2329/2317 1140/2290/2280
f 1140/2290/2280 1132/2322/2310 884/2288/2278
f 900/2171/2165 1124/2173/2167 901/2330/2318
f 901/2330/2318 1124/2173/2167 1123/2331/2319
f 901/2330/2318 1123/2331/2319 902/2332/2320
f 902/2332/2320 1123/2331/2319 1122/2333/2321
f 902/2332/2320 1122/2333/2321 892/2334/2322
f 892/2334/2322 1122/2333/2321 1137/2083/2077
f 892/2334/2322 1137/2083/2077 879/2159/2153
f 1012/2072/2066 1116/2074/2068 1018/2170/2164
f 1018/2170/2164 1116/2074/2068 1115/2172/2166
f 942/2138/2132 1100/2140/2134 952/2234/2226
f 952/2234/2226 1100/2140/2134 1112/2232/2224
f 1084/2279/2269 866/2335/2323 1080/2336/2324
f 1080/2336/2324 866/2335/2323 856/2337/2325
f 1080/2336/2324 856/2337/2325 1081/2338/2326
f 1081/2338/2326 856/2337/2325 855/2339/2327
f 1081/2340/2326 855/2341/2327 1082/2342/2328
f 1082/2342/2328 855/2341/2327 854/2343/2329
f 1082/2342/2328 854/2343/2329 1075/2344/2330
f 1075/2344/2330 854/2343/2329 842/2345/2331
f 1075/2344/2330 842/2345/2331 1076/2346/2332
f 1076/2346/2332 842/2345/2331 841/2213/2205
f 1076/2346/2332 841/2213/2205 934/2215/2207
f 1104/2259/2251 1076/2346/2332 950/2261/2253
f 950/2261/2253 1076/2346/2332 934/2215/2207
f 1060/2347/2333 1048/2348/2334 180/2349/2335
f 180/2349/2335 1048/2348/2334 1047/2315/2303
f 180/2349/2335 1047/2315/2303 181/2317/2305
f 1066/2305/2295 1072/2350/2336 814/2303/2293
f 814/2303/2293 1072/2350/2336 806/2351/2337
f 806/2351/2337 1072/2350/2336 209/2352/2338
f 806/2351/2337 209/2352/2338 208/2353/2339
f 1072/2350/2336 1062/2354/2340 209/2352/2338
f 209/2352/2338 1062/2354/2340 179/2355/2341
f 179/2355/2341 1062/2354/2340 1061/2356/2342
f 179/2357/2341 1061/2358/2342 1060/2347/2333
f 179/2357/2341 1060/2347/2333 180/2349/2335
f 1044/2359/2343 193/2360/2344 1035/2361/2345
f 1035/2361/2345 193/2360/2344 690/2362/2346
f 1035/2361/2345 690/2362/2346 683/2244/2236
f 193/2360/2344 1044/2359/2343 194/2363/2347
f 194/2363/2347 1044/2359/2343 1056/2364/2348
f 194/2363/2347 1056/2364/2348 1055/2365/2349
f 194/2363/2347 1055/2365/2349 195/2366/2350
f 195/2366/2350 1055/2365/2349 1054/2367/2351
f 195/2366/2350 1054/2367/2351 1070/2368/2352
f 1042/2251/2243 794/2253/2245 1070/2368/2352
f 1070/2368/2352 794/2253/2245 792/2369/2353
f 1070/2368/2352 792/2369/2353 196/2370/2354
f 196/2370/2354 792/2369/2353 791/2371/2355
f 196/2370/2354 791/2371/2355 197/2372/2356
f 197/2372/2356 791/2371/2355 790/2373/2357
f 197/2372/2356 790/2373/2357 789/2374/2358
f 1036/2246/2238 1035/2361/2345 683/2244/2236
f 908/2326/2314 1016/2328/2316 896/2375/2359
f 896/2375/2359 1016/2328/2316 1022/2376/2360
f 896/2375/2359 1022/2376/2360 860/2377/2361
f 860/2377/2361 1022/2376/2360 1028/2378/2362
f 860/2377/2361 1028/2378/2362 861/2379/2363
f 861/2380/2363 1028/2381/2362 1027/2382/2364
f 861/2380/2363 1027/2382/2364 862/2212/2204
f 862/2212/2204 1027/2382/2364 996/2210/2202
f 254/2077/2071 968/2075/2069 255/2383/2365
f 255/2383/2365 968/2075/2069 967/2384/2366
f 255/2383/2365 967/2384/2366 974/2385/2367
f 255/2383/2365 974/2385/2367 256/2386/2368
f 256/2386/2368 974/2385/2367 973/2387/2369
f 256/2386/2368 973/2387/2369 972/2388/2370
f 972/2388/2370 980/2389/2371 256/2386/2368
f 256/2386/2368 980/2389/2371 257/2390/2372
f 257/2390/2372 980/2389/2371 774/2391/2373
f 257/2390/2372 774/2391/2373 773/2392/2374
f 774/2391/2373 980/2389/2371 784/2065/2059
f 784/2065/2059 980/2389/2371 992/2067/2061
f 964/2203/2195 241/2205/2197 960/2393/2375
f 960/2393/2375 241/2205/2197 240/2394/2376
f 960/2393/2375 240/2394/2376 961/2395/2377
f 961/2395/2377 240/2394/2376 962/2396/2378
f 962/2397/2378 240/2398/2376 955/2399/2379
f 955/2399/2379 240/2398/2376 270/2400/2380
f 955/2399/2379 270/2400/2380 956/2401/2381
f 956/2401/2381 270/2400/2380 766/2402/2382
f 956/2401/2381 766/2402/2382 782/2191/2185
f 984/2193/2187 956/2401/2381 782/2191/2185
f 1084/2279/2269 888/2281/2271 866/2335/2323
f 866/2335/2323 888/2281/2271 896/2375/2359
f 866/2335/2323 896/2375/2359 860/2377/2361
f 836/2167/2161 876/2169/2163 864/2149/2143
f 864/2149/2143 876/2169/2163 874/2151/2145
f 801/2403/2383 207/2404/2384 802/2302/2292
f 802/2302/2292 207/2404/2384 206/2405/2385
f 802/2302/2292 206/2405/2385 726/2289/2279
f 726/2289/2279 206/2405/2385 244/2291/2281
f 207/2404/2384 801/2403/2383 208/2353/2339
f 208/2353/2339 801/2403/2383 808/2406/2386
f 208/2353/2339 808/2406/2386 807/2407/2387
f 807/2407/2387 806/2351/2337 208/2353/2339
f 197/2372/2356 789/2374/2358 198/2087/2081
f 198/2087/2081 789/2374/2358 797/2408/2388
f 198/2087/2081 797/2408/2388 723/2085/2079
f 723/2085/2079 797/2408/2388 810/2409/2389
f 723/2085/2079 810/2409/2389 708/2410/2390
f 708/2410/2390 810/2409/2389 820/2411/2391
f 708/2410/2390 820/2411/2391 709/2412/2392
f 709/2412/2392 820/2411/2391 819/2413/2393
f 709/2412/2392 819/2413/2393 710/2257/2249
f 710/2257/2249 819/2413/2393 818/2255/2247
f 758/2097/2091 259/2414/2394 759/2415/2395
f 759/2415/2395 259/2414/2394 258/2416/2396
f 759/2415/2395 258/2416/2396 772/2417/2397
f 772/2417/2397 258/2416/2396 773/2392/2374
f 773/2392/2374 258/2416/2396 257/2390/2372
f 267/2179/2173 751/2177/2171 268/2418/2398
f 268/2418/2398 751/2177/2171 754/2419/2399
f 268/2418/2398 754/2419/2399 768/2420/2400
f 268/2418/2398 768/2420/2400 269/2421/2401
f 269/2421/2401 768/2420/2400 767/2422/2402
f 269/2421/2401 767/2422/2402 766/2402/2382
f 726/2289/2279 718/2300/2290 802/2302/2292
f 686/2423/2403 191/2424/2404 679/2102/2096
f 679/2102/2096 191/2424/2404 190/2425/2405
f 679/2102/2096 190/2425/2405 392/2103/2097
f 392/2103/2097 190/2425/2405 383/2426/2406
f 383/2426/2406 190/2425/2405 189/2427/2407
f 383/2426/2406 189/2427/2407 384/2428/2408
f 384/2428/2408 189/2427/2407 385/2429/2409
f 385/2429/2409 189/2427/2407 378/2430/2410
f 378/2430/2410 189/2427/2407 188/2431/2411
f 378/2430/2410 188/2431/2411 520/2432/2412
f 520/2432/2412 188/2431/2411 288/2433/2413
f 520/2432/2412 288/2433/2413 512/2434/2414
f 512/2434/2414 288/2433/2413 292/2435/2415
f 512/2434/2414 292/2435/2415 513/2436/2416
f 513/2436/2416 292/2435/2415 514/2437/2417
f 514/2437/2417 292/2435/2415 291/2438/2418
f 514/2437/2417 291/2438/2418 507/2439/2419
f 507/2439/2419 291/2438/2418 289/2440/2420
f 507/2439/2419 289/2440/2420 508/2123/2117
f 508/2123/2117 289/2440/2420 286/2125/2119
f 191/2424/2404 686/2423/2403 192/2441/2421
f 192/2441/2421 686/2423/2403 698/2442/2422
f 192/2441/2421 698/2442/2422 697/2443/2423
f 192/2441/2421 697/2443/2423 193/2360/2344
f 193/2360/2344 697/2443/2423 690/2362/2346
f 181/2317/2305 693/2319/2307 182/2224/2216
f 182/2224/2216 693/2319/2307 659/2444/2424
f 182/2224/2216 659/2444/2424 658/2223/2215
f 184/2182/2176 634/2184/2178 185/2126/2120
f 185/2126/2120 634/2184/2178 633/2445/2425
f 185/2126/2120 633/2445/2425 632/2124/2118
f 547/2120/2114 642/2122/2116 548/2446/2426
f 548/2446/2426 642/2122/2116 654/2447/2427
f 548/2446/2426 654/2447/2427 410/2448/2428
f 410/2448/2428 654/2447/2427 653/2449/2429
f 410/2448/2428 653/2449/2429 414/2450/2430
f 414/2450/2430 653/2449/2429 652/2451/2431
f 414/2450/2430 652/2451/2431 415/2452/2432
f 415/2452/2432 652/2451/2431 640/2453/2433
f 415/2452/2432 640/2453/2433 416/2454/2434
f 416/2454/2434 640/2453/2433 628/2181/2175
f 416/2454/2434 628/2181/2175 445/2455/2435
f 445/2455/2435 628/2181/2175 267/2179/2173
f 445/2455/2435 267/2179/2173 266/2025/2019
f 621/2456/2436 620/2457/2437 205/2458/2438
f 205/2458/2438 620/2457/2437 624/2459/2439
f 205/2458/2438 624/2459/2439 206/2405/2385
f 206/2405/2385 624/2459/2439 244/2291/2281
f 244/2291/2281 624/2459/2439 448/2460/2440
f 448/2460/2440 624/2459/2439 637/2461/2441
f 448/2460/2440 637/2461/2441 440/2462/2442
f 440/2462/2442 637/2461/2441 441/2463/2443
f 441/2463/2443 637/2461/2441 648/2464/2444
f 441/2463/2443 648/2464/2444 442/2465/2445
f 442/2465/2445 648/2464/2444 647/2466/2446
f 442/2465/2445 647/2466/2446 424/2467/2447
f 424/2467/2447 647/2466/2446 646/2468/2448
f 424/2467/2447 646/2468/2448 544/2469/2449
f 544/2469/2449 646/2468/2448 616/2470/2450
f 544/2469/2449 616/2470/2450 540/2471/2451
f 540/2471/2451 616/2470/2450 516/2472/2452
f 540/2471/2451 516/2472/2452 526/2473/2453
f 516/2472/2452 616/2470/2450 504/2474/2454
f 504/2474/2454 616/2470/2450 615/2475/2455
f 504/2474/2454 615/2475/2455 279/2476/2456
f 279/2476/2456 615/2475/2455 204/2477/2457
f 279/2476/2456 204/2477/2457 203/2478/2458
f 615/2475/2455 622/2479/2459 204/2477/2457
f 204/2477/2457 622/2479/2459 621/2456/2436
f 204/2477/2457 621/2456/2436 205/2458/2438
f 418/2015/2009 588/2018/2012 409/2480/2460
f 409/2480/2460 588/2018/2012 587/2481/2461
f 409/2480/2460 587/2481/2461 558/2482/2462
f 558/2482/2462 587/2481/2461 570/2483/2463
f 570/2483/2463 587/2481/2461 594/2484/2464
f 570/2483/2463 594/2484/2464 571/2485/2465
f 571/2485/2465 594/2484/2464 593/2486/2466
f 571/2485/2465 593/2486/2466 572/2487/2467
f 572/2487/2467 593/2486/2466 592/2488/2468
f 572/2487/2467 592/2488/2468 465/2489/2469
f 465/2489/2469 592/2488/2468 600/1934/1928
f 465/2489/2469 600/1934/1928 475/1909/1903
f 600/1934/1928 612/1987/1981 1288/1935/1929
f 598/1978/1972 588/2018/2012 1317/1982/1976
f 584/2051/2045 421/2490/2470 580/2491/2471
f 580/2491/2471 421/2490/2470 556/2492/2472
f 580/2491/2471 556/2492/2472 566/2493/2473
f 330/2056/2050 604/2058/2052 328/1947/1941
f 328/1947/1941 604/2058/2052 576/1945/1939
f 473/1943/1937 576/1945/1939 461/2494/2474
f 461/2494/2474 576/1945/1939 575/2495/2475
f 461/2494/2474 575/2495/2475 564/2496/2476
f 564/2496/2476 575/2495/2475 582/2497/2477
f 564/2496/2476 582/2497/2477 565/2498/2478
f 565/2498/2478 582/2497/2477 581/2499/2479
f 565/2498/2478 581/2499/2479 566/2493/2473
f 566/2493/2473 581/2499/2479 580/2491/2471
f 464/2110/2104 560/2112/2106 465/2489/2469
f 465/2489/2469 560/2112/2106 572/2487/2467
f 558/2482/2462 548/2446/2426 409/2480/2460
f 409/2480/2460 548/2446/2426 410/2448/2428
f 424/2467/2447 544/2469/2449 421/2490/2470
f 421/2490/2470 544/2469/2449 556/2492/2472
f 564/2496/2476 536/2500/2480 461/2494/2474
f 461/2494/2474 536/2500/2480 457/2501/2481
f 457/2501/2481 536/2500/2480 387/2502/2482
f 457/2501/2481 387/2502/2482 398/2503/2483
f 387/2502/2482 536/2500/2480 375/2504/2484
f 375/2504/2484 536/2500/2480 535/2505/2485
f 375/2504/2484 535/2505/2485 524/2506/2486
f 524/2506/2486 535/2505/2485 542/2507/2487
f 524/2506/2486 542/2507/2487 525/2508/2488
f 525/2508/2488 542/2507/2487 541/2509/2489
f 525/2508/2488 541/2509/2489 526/2473/2453
f 526/2473/2453 541/2509/2489 540/2471/2451
f 378/2430/2410 520/2432/2412 379/2113/2107
f 379/2113/2107 520/2432/2412 532/2115/2109
f 504/2474/2454 290/2510/2490 500/2511/2491
f 500/2511/2491 290/2510/2490 294/2512/2492
f 500/2511/2491 294/2512/2492 501/2513/2493
f 501/2513/2493 294/2512/2492 293/2514/2494
f 501/2513/2493 293/2514/2494 502/2515/2495
f 502/2515/2495 293/2514/2494 495/2516/2496
f 495/2516/2496 293/2514/2494 287/2517/2497
f 495/2516/2496 287/2517/2497 496/2518/2498
f 496/2518/2498 287/2517/2497 201/2519/2499
f 496/2518/2498 201/2519/2499 371/2520/2500
f 371/2520/2500 201/2519/2499 200/2090/2084
f 371/2520/2500 200/2090/2084 372/2092/2086
f 524/2506/2486 496/2518/2498 375/2504/2484
f 375/2504/2484 496/2518/2498 371/2520/2500
f 482/1964/1958 453/2084/2078 251/1962/1956
f 251/1962/1956 453/2084/2078 252/2082/2076
f 453/2084/2078 452/2521/2501 367/2086/2080
f 367/2086/2080 452/2521/2501 396/2522/2502
f 396/2522/2502 452/2521/2501 459/2523/2503
f 396/2522/2502 459/2523/2503 397/2524/2504
f 397/2524/2504 459/2523/2503 458/2525/2505
f 397/2524/2504 458/2525/2505 398/2503/2483
f 398/2503/2483 458/2525/2505 457/2501/2481
f 422/2033/2027 421/2490/2470 584/2051/2045
f 244/2291/2281 448/2460/2440 245/2041/2035
f 245/2041/2035 448/2460/2440 436/2526/2506
f 245/2041/2035 436/2526/2506 435/2039/2033
f 428/2027/2021 445/2455/2435 266/2025/2019
f 187/2129/2123 283/2131/2125 188/2431/2411
f 188/2431/2411 283/2131/2125 288/2433/2413
f 281/2527/2507 202/2528/2508 282/2529/2509
f 282/2529/2509 202/2528/2508 201/2519/2499
f 282/2529/2509 201/2519/2499 287/2517/2497
f 281/2527/2507 280/2530/2510 202/2528/2508
f 202/2528/2508 280/2530/2510 203/2478/2458
f 203/2478/2458 280/2530/2510 279/2476/2456
f 279/2476/2456 290/2510/2490 504/2474/2454
f 270/2400/2380 269/2421/2401 766/2402/2382
f 260/1920/1914 259/2414/2394 758/2097/2091
f 248/2005/1999 247/2044/2038 1337/2001/1995
f 196/2370/2354 195/2366/2350 1070/2368/2352
f 148/2531/2511 506/2532/2512 117/2533/2513
f 117/2533/2513 506/2532/2512 172/2534/2514
f 117/2533/2513 172/2534/2514 118/2535/2515
f 118/2535/2515 172/2534/2514 119/2536/2516
f 119/2536/2516 172/2534/2514 120/2537/2517
f 120/2537/2517 172/2534/2514 121/2538/2518
f 121/2538/2518 172/2534/2514 122/2539/2519
f 122/2539/2519 172/2534/2514 123/2540/2520
f 123/2540/2520 172/2534/2514 124/2541/2521
f 124/2541/2521 172/2534/2514 125/2542/2522
f 125/2542/2522 172/2534/2514 171/2543/2523
f 125/2542/2522 171/2543/2523 126/2544/2524
f 126/2544/2524 171/2543/2523 127/2545/2525
f 127/2545/2525 171/2543/2523 128/2546/2526
f 128/2546/2526 171/2543/2523 129/2547/2527
f 129/2547/2527 171/2543/2523 130/2548/2528
f 130/2548/2528 171/2543/2523 131/2549/2529
f 131/2549/2529 171/2543/2523 132/2550/2530
f 132/2550/2530 171/2543/2523 133/2551/2531
f 133/2551/2531 171/2543/2523 511/2552/2532
f 133/2551/2531 511/2552/2532 510/2553/2533
f 148/2531/2511 147/2554/2534 506/2532/2512
f 506/2532/2512 147/2554/2534 509/2555/2535
f 509/2555/2535 147/2554/2534 146/2556/2536
f 509/2555/2535 146/2556/2536 145/2557/2537
f 145/2557/2537 144/2558/2538 509/2555/2535
f 509/2555/2535 144/2558/2538 143/2559/2539
f 509/2555/2535 143/2559/2539 142/2560/2540
f 142/2560/2540 141/2561/2541 509/2555/2535
f 509/2555/2535 141/2561/2541 140/2562/2542
f 509/2555/2535 140/2562/2542 510/2553/2533
f 510/2553/2533 140/2562/2542 139/2563/2543
f 510/2553/2533 139/2563/2543 138/2564/2544
f 138/2564/2544 137/2565/2545 510/2553/2533
f 510/2553/2533 137/2565/2545 136/2566/2546
f 510/2553/2533 136/2566/2546 135/2567/2547
f 135/2567/2547 134/2568/2548 510/2553/2533
f 510/2553/2533 134/2568/2548 133/2551/2531
f 92/2569/2549 156/2570/2550 61/2571/2551
f 61/2571/2551 156/2570/2550 499/2572/2552
f 61/2571/2551 499/2572/2552 62/2573/2553
f 62/2573/2553 499/2572/2552 63/2574/2554
f 63/2574/2554 499/2572/2552 498/2575/2555
f 63/2574/2554 498/2575/2555 64/2576/2556
f 64/2576/2556 498/2575/2555 65/2577/2557
f 65/2577/2557 498/2575/2555 66/2578/2558
f 66/2578/2558 498/2575/2555 67/2579/2559
f 67/2579/2559 498/2575/2555 68/2580/2560
f 68/2580/2560 498/2575/2555 69/2581/2561
f 69/2581/2561 498/2575/2555 70/2582/2562
f 70/2582/2562 498/2575/2555 497/2583/2563
f 70/2582/2562 497/2583/2563 71/2584/2564
f 71/2584/2564 497/2583/2563 72/2585/2565
f 72/2585/2565 497/2583/2563 73/2586/2566
f 73/2586/2566 497/2583/2563 74/2587/2567
f 74/2587/2567 497/2583/2563 75/2588/2568
f 75/2588/2568 497/2583/2563 76/2589/2569
f 76/2589/2569 497/2583/2563 77/2590/2570
f 77/2590/2570 497/2583/2563 494/2591/2571
f 77/2590/2570 494/2591/2571 157/2592/2572
f 157/2592/2572 494/2591/2571 158/2593/2573
f 158/2593/2573 494/2591/2571 493/2594/2574
f 158/2593/2573 493/2594/2574 370/2595/2575
f 370/2595/2575 493/2594/2574 374/2596/2576
f 374/2596/2576 493/2594/2574 523/2597/2577
f 374/2596/2576 523/2597/2577 534/2598/2578
f 534/2598/2578 523/2597/2577 537/2599/2579
f 537/2599/2579 523/2597/2577 522/2600/2580
f 537/2599/2579 522/2600/2580 538/2601/2581
f 538/2601/2581 522/2600/2580 521/2602/2582
f 538/2601/2581 521/2602/2582 539/2603/2583
f 539/2603/2583 521/2602/2582 515/2604/2584
f 539/2603/2583 515/2604/2584 613/2605/2585
f 613/2605/2585 515/2604/2584 503/2606/2586
f 613/2605/2585 503/2606/2586 614/2607/2587
f 614/2607/2587 503/2606/2586 155/2608/2588
f 614/2607/2587 155/2608/2588 617/2609/2589
f 617/2609/2589 155/2608/2588 154/2610/2590
f 617/2609/2589 154/2610/2590 618/2611/2591
f 618/2611/2591 154/2610/2590 619/2612/2592
f 619/2612/2592 154/2610/2590 153/2613/2593
f 619/2612/2592 153/2613/2593 623/2614/2594
f 623/2614/2594 153/2613/2593 798/2615/2595
f 623/2614/2594 798/2615/2595 724/2616/2596
f 724/2616/2596 798/2615/2595 725/2617/2597
f 725/2617/2597 798/2615/2595 811/2618/2598
f 725/2617/2597 811/2618/2598 711/2619/2599
f 711/2619/2599 811/2618/2598 823/2620/2600
f 711/2619/2599 823/2620/2600 712/2621/2601
f 712/2621/2601 823/2620/2600 822/2622/2602
f 712/2621/2601 822/2622/2602 713/2623/2603
f 713/2623/2603 822/2622/2602 821/2624/2604
f 713/2623/2603 821/2624/2604 714/2625/2605
f 714/2625/2605 821/2624/2604 1177/2626/2606
f 714/2625/2605 1177/2626/2606 719/2627/2607
f 719/2627/2607 1177/2626/2606 1163/2628/2608
f 719/2627/2607 1163/2628/2608 1095/2629/2609
f 1095/2629/2609 1163/2628/2608 1101/2630/2610
f 1101/2630/2610 1163/2628/2608 1162/2631/2611
f 1101/2630/2610 1162/2631/2611 1102/2632/2612
f 1102/2632/2612 1162/2631/2611 1161/2633/2613
f 1102/2634/2612 1161/2635/2613 1103/2636/2614
f 1103/2636/2614 1161/2635/2613 1159/2637/2615
f 1103/2636/2614 1159/2637/2615 949/2638/2616
f 949/2638/2616 1159/2637/2615 1156/2639/2617
f 949/2638/2616 1156/2639/2617 909/2640/2618
f 909/2640/2618 1156/2639/2617 665/2641/2619
f 909/2640/2618 665/2641/2619 910/2642/2620
f 910/2642/2620 665/2641/2619 664/2643/2621
f 910/2642/2620 664/2643/2621 911/2644/2622
f 911/2644/2622 664/2643/2621 663/2645/2623
f 911/2644/2622 663/2645/2623 912/2646/2624
f 912/2646/2624 663/2645/2623 661/2647/2625
f 912/2646/2624 661/2647/2625 917/2648/2626
f 917/2648/2626 661/2647/2625 660/2649/2627
f 917/2648/2626 660/2649/2627 918/2650/2628
f 918/2650/2628 660/2649/2627 657/2651/2629
f 918/2650/2628 657/2651/2629 626/2652/2630
f 626/2652/2630 657/2651/2629 175/2653/2631
f 626/2652/2630 175/2653/2631 174/2654/2632
f 92/2569/2549 91/2655/2633 156/2570/2550
f 156/2570/2550 91/2655/2633 90/2656/2634
f 156/2570/2550 90/2656/2634 89/2657/2635
f 89/2657/2635 88/2658/2636 156/2570/2550
f 156/2570/2550 88/2658/2636 87/2659/2637
f 156/2570/2550 87/2659/2637 86/2660/2638
f 86/2660/2638 85/2661/2639 156/2570/2550
f 156/2570/2550 85/2661/2639 157/2592/2572
f 157/2592/2572 85/2661/2639 84/2662/2640
f 157/2592/2572 84/2662/2640 83/2663/2641
f 83/2663/2641 82/2664/2642 157/2592/2572
f 157/2592/2572 82/2664/2642 81/2665/2643
f 157/2592/2572 81/2665/2643 80/2666/2644
f 80/2666/2644 79/2667/2645 157/2592/2572
f 157/2592/2572 79/2667/2645 78/2668/2646
f 157/2592/2572 78/2668/2646 77/2590/2570
f 1346/2669/2647 487/2670/2648 1345/2671/2649
f 1345/2671/2649 487/2670/2648 486/2672/2650
f 1345/2671/2649 486/2672/2650 1366/2673/2651
f 1366/2673/2651 486/2672/2650 1365/2674/2652
f 1365/2674/2652 486/2672/2650 1364/2675/2653
f 1364/2675/2653 486/2672/2650 1362/2676/2654
f 1364/2675/2653 1362/2676/2654 1363/2677/2655
f 1346/2669/2647 1347/2678/2656 487/2670/2648
f 487/2670/2648 1347/2678/2656 474/2679/2657
f 474/2679/2657 1347/2678/2656 1348/2680/2658
f 474/2679/2657 1348/2680/2658 599/2681/2659
f 599/2681/2659 1348/2680/2658 1349/2682/2660
f 599/2681/2659 1349/2682/2660 1415/2683/2661
f 1415/2683/2661 1349/2682/2660 1350/2684/2662
f 1415/2683/2661 1350/2684/2662 219/2685/2663
f 219/2685/2663 1350/2684/2662 1351/2686/2664
f 219/2685/2663 1351/2686/2664 220/2687/2665
f 220/2687/2665 1351/2686/2664 1352/2688/2666
f 220/2687/2665 1352/2688/2666 1353/2689/2667
f 1353/2689/2667 1354/2690/2668 220/2687/2665
f 220/2687/2665 1354/2690/2668 1355/2691/2669
f 220/2687/2665 1355/2691/2669 221/2692/2670
f 221/2692/2670 1355/2691/2669 1359/2693/2671
f 221/2692/2670 1359/2693/2671 1360/2694/2672
f 1356/2695/2673 1357/2696/2674 1355/2691/2669
f 1355/2691/2669 1357/2696/2674 1358/2697/2675
f 1355/2691/2669 1358/2697/2675 1359/2693/2671
f 221/2692/2670 1360/2694/2672 485/2698/2676
f 485/2698/2676 1360/2694/2672 1361/2699/2677
f 485/2698/2676 1361/2699/2677 486/2672/2650
f 486/2672/2650 1361/2699/2677 1362/2676/2654
f 1367/2700/2678 1368/2701/2679 1388/2702/2680
f 1388/2702/2680 1368/2701/2679 479/2703/2681
f 1388/2702/2680 479/2703/2681 472/2704/2682
f 479/2703/2681 1368/2701/2679 480/2705/2683
f 480/2705/2683 1368/2701/2679 1369/2706/2684
f 480/2705/2683 1369/2706/2684 1370/2707/2685
f 1370/2707/2685 1371/2708/2686 480/2705/2683
f 480/2705/2683 1371/2708/2686 1373/2709/2687
f 480/2705/2683 1373/2709/2687 1374/2710/2688
f 1371/2708/2686 1372/2711/2689 1373/2709/2687
f 480/2705/2683 1374/2710/2688 481/2712/2690
f 481/2712/2690 1374/2710/2688 1375/2713/2691
f 481/2712/2690 1375/2713/2691 1376/2714/2692
f 1377/2715/2693 1380/2716/2694 1376/2714/2692
f 1376/2714/2692 1380/2716/2694 230/2717/2695
f 1376/2714/2692 230/2717/2695 229/2718/2696
f 1377/2715/2693 1378/2719/2697 1380/2716/2694
f 1380/2716/2694 1378/2719/2697 1379/2720/2698
f 1380/2716/2694 1381/2721/2699 230/2717/2695
f 230/2717/2695 1381/2721/2699 1382/2722/2700
f 230/2717/2695 1382/2722/2700 1383/2723/2701
f 1383/2723/2701 1384/2724/2702 230/2717/2695
f 230/2717/2695 1384/2724/2702 231/2725/2703
f 231/2725/2703 1384/2724/2702 1385/2726/2704
f 231/2725/2703 1385/2726/2704 1394/2727/2705
f 1394/2727/2705 1385/2726/2704 1386/2728/2706
f 1394/2727/2705 1386/2728/2706 573/2729/2707
f 573/2729/2707 1386/2728/2706 1387/2730/2708
f 573/2729/2707 1387/2730/2708 472/2704/2682
f 472/2704/2682 1387/2730/2708 1388/2702/2680
f 1390/2731/2709 339/2732/2710 1389/2733/2711
f 1389/2733/2711 339/2732/2710 338/2734/2712
f 1389/2733/2711 338/2734/2712 337/2735/2713
f 1391/2736/2714 602/2737/2715 1390/2731/2709
f 1390/2731/2709 602/2737/2715 347/2738/2716
f 1390/2731/2709 347/2738/2716 346/2739/2717
f 1391/2736/2714 1392/2740/2718 602/2737/2715
f 602/2737/2715 1392/2740/2718 603/2741/2719
f 603/2741/2719 1392/2740/2718 1393/2742/2720
f 603/2741/2719 1393/2742/2720 1394/2727/2705
f 1394/2727/2705 1395/2743/2721 231/2725/2703
f 231/2725/2703 1395/2743/2721 1396/2744/2722
f 231/2725/2703 1396/2744/2722 1397/2745/2723
f 231/2725/2703 1397/2745/2723 232/2746/2724
f 232/2746/2724 1397/2745/2723 1398/2747/2725
f 232/2746/2724 1398/2747/2725 1399/2748/2726
f 1399/2748/2726 1400/2749/2727 232/2746/2724
f 232/2746/2724 1400/2749/2727 1401/2750/2728
f 232/2746/2724 1401/2750/2728 1402/2751/2729
f 1403/2752/2730 1444/2753/2731 1402/2751/2729
f 1402/2751/2729 1444/2753/2731 233/2754/2732
f 1402/2751/2729 233/2754/2732 232/2746/2724
f 1403/2752/2730 1389/2733/2711 1444/2753/2731
f 1444/2753/2731 1389/2733/2711 1443/2755/2733
f 1443/2755/2733 1389/2733/2711 331/2756/2734
f 1443/2755/2733 331/2756/2734 595/2757/2735
f 595/2757/2735 331/2756/2734 601/2758/2736
f 601/2758/2736 331/2756/2734 362/2759/2737
f 601/2758/2736 362/2759/2737 361/2760/2738
f 1405/2761/2739 609/2762/2740 1404/2763/2741
f 1404/2763/2741 609/2762/2740 608/2764/2742
f 1404/2763/2741 608/2764/2742 1418/2765/2743
f 1418/2765/2743 608/2764/2742 1417/2766/2744
f 1417/2766/2744 608/2764/2742 607/2767/2745
f 1417/2766/2744 607/2767/2745 1416/2768/2746
f 1416/2768/2746 607/2767/2745 1415/2683/2661
f 1415/2683/2661 607/2767/2745 599/2681/2659
f 1406/2769/2747 1427/2770/2748 1405/2761/2739
f 1405/2761/2739 1427/2770/2748 1428/2771/2749
f 1405/2761/2739 1428/2771/2749 597/2772/2750
f 597/2772/2750 1428/2771/2749 1429/2773/2751
f 597/2772/2750 1429/2773/2751 1430/2774/2752
f 1406/2769/2747 1407/2775/2753 1427/2770/2748
f 1427/2770/2748 1407/2775/2753 218/2776/2754
f 1427/2770/2748 218/2776/2754 217/2777/2755
f 1407/2775/2753 1408/2778/2756 218/2776/2754
f 218/2776/2754 1408/2778/2756 1409/2779/2757
f 218/2776/2754 1409/2779/2757 1410/2780/2758
f 1410/2780/2758 1411/2781/2759 218/2776/2754
f 218/2776/2754 1411/2781/2759 1412/2782/2760
f 218/2776/2754 1412/2782/2760 219/2685/2663
f 219/2685/2663 1412/2782/2760 1413/2783/2761
f 219/2685/2663 1413/2783/2761 1414/2784/2762
f 1414/2784/2762 1415/2683/2661 219/2685/2663
f 1434/2785/2763 1419/2786/2764 417/2787/2765
f 417/2787/2765 1419/2786/2764 1420/2788/2766
f 417/2787/2765 1420/2788/2766 1421/2789/2767
f 417/2787/2765 1421/2789/2767 425/2790/2768
f 425/2790/2768 1421/2789/2767 1422/2791/2769
f 425/2790/2768 1422/2791/2769 1423/2792/2770
f 425/2790/2768 1423/2792/2770 426/2793/2771
f 426/2793/2771 1423/2792/2770 1424/2794/2772
f 426/2793/2771 1424/2794/2772 215/2795/2773
f 215/2795/2773 1424/2794/2772 216/2796/2774
f 216/2796/2774 1424/2794/2772 1425/2797/2775
f 216/2796/2774 1425/2797/2775 1426/2798/2776
f 216/2796/2774 1426/2798/2776 217/2777/2755
f 217/2777/2755 1426/2798/2776 1427/2770/2748
f 1431/2799/2777 1432/2800/2778 1430/2774/2752
f 1430/2774/2752 1432/2800/2778 597/2772/2750
f 597/2772/2750 1432/2800/2778 585/2801/2779
f 585/2801/2779 1432/2800/2778 1433/2802/2780
f 585/2801/2779 1433/2802/2780 1434/2785/2763
f 585/2801/2779 1434/2785/2763 417/2787/2765
f 1450/2803/2781 1435/2804/2782 419/2805/2783
f 419/2805/2783 1435/2804/2782 1436/2806/2784
f 419/2805/2783 1436/2806/2784 1437/2807/2785
f 419/2805/2783 1437/2807/2785 583/2808/2786
f 583/2808/2786 1437/2807/2785 1438/2809/2787
f 583/2808/2786 1438/2809/2787 1439/2810/2788
f 1440/2811/2789 1441/2812/2790 1439/2810/2788
f 1439/2810/2788 1441/2812/2790 583/2808/2786
f 583/2808/2786 1441/2812/2790 595/2757/2735
f 595/2757/2735 1441/2812/2790 1442/2813/2791
f 595/2757/2735 1442/2813/2791 1443/2755/2733
f 1444/2753/2731 1445/2814/2792 233/2754/2732
f 233/2754/2732 1445/2814/2792 234/2815/2793
f 234/2815/2793 1445/2814/2792 1446/2816/2794
f 234/2815/2793 1446/2816/2794 1447/2817/2795
f 234/2815/2793 1447/2817/2795 235/2818/2796
f 235/2818/2796 1447/2817/2795 1448/2819/2797
f 235/2818/2796 1448/2819/2797 432/2820/2798
f 432/2820/2798 1448/2819/2797 433/2821/2799
f 433/2821/2799 1448/2819/2797 1449/2822/2800
f 433/2821/2799 1449/2822/2800 1450/2803/2781
f 433/2821/2799 1450/2803/2781 419/2805/2783
f 1204/2823/2801 742/2824/2802 1205/2825/2803
f 1205/2825/2803 742/2824/2802 741/2826/2804
f 1205/2825/2803 741/2826/2804 994/2827/2805
f 994/2827/2805 741/2826/2804 781/2828/2806
f 994/2827/2805 781/2828/2806 997/2829/2807
f 997/2829/2807 781/2828/2806 983/2830/2808
f 997/2829/2807 983/2830/2808 999/2831/2809
f 999/2831/2809 983/2830/2808 982/2832/2810
f 999/2833/2809 982/2834/2810 1000/2835/2811
f 1000/2835/2811 982/2834/2810 981/2836/2812
f 1000/2835/2811 981/2836/2812 1001/2837/2813
f 1001/2837/2813 981/2836/2812 975/2838/2814
f 1001/2837/2813 975/2838/2814 1133/2839/2815
f 1133/2839/2815 975/2838/2814 963/2840/2816
f 1133/2839/2815 963/2840/2816 1141/2841/2817
f 1141/2841/2817 963/2840/2816 239/2842/2818
f 1141/2841/2817 239/2842/2818 238/2843/2819
f 742/2824/2802 1204/2823/2801 743/2844/2820
f 743/2844/2820 1204/2823/2801 1203/2845/2821
f 743/2844/2820 1203/2845/2821 744/2846/2822
f 744/2846/2822 1203/2845/2821 1201/2847/2823
f 744/2846/2822 1201/2847/2823 749/2848/2824
f 749/2848/2824 1201/2847/2823 1200/2849/2825
f 749/2848/2824 1200/2849/2825 750/2850/2826
f 750/2850/2826 1200/2849/2825 1197/2851/2827
f 750/2850/2826 1197/2851/2827 214/2852/2828
f 214/2852/2828 1197/2851/2827 215/2795/2773
f 215/2795/2773 1197/2851/2827 443/2853/2829
f 215/2795/2773 443/2853/2829 427/2854/2830
f 443/2853/2829 1197/2851/2827 444/2855/2831
f 444/2855/2831 1197/2851/2827 1196/2856/2832
f 444/2855/2831 1196/2856/2832 625/2857/2833
f 625/2857/2833 1196/2856/2832 920/2858/2834
f 625/2857/2833 920/2858/2834 918/2650/2628
f 1196/2856/2832 1195/2859/2835 920/2858/2834
f 920/2858/2834 1195/2859/2835 921/2860/2836
f 921/2860/2836 1195/2859/2835 1232/2861/2837
f 921/2860/2836 1232/2861/2837 931/2862/2838
f 931/2862/2838 1232/2861/2837 1231/2863/2839
f 931/2862/2838 1231/2863/2839 932/2864/2840
f 932/2864/2840 1231/2863/2839 1227/2865/2841
f 932/2864/2840 1227/2865/2841 933/2866/2842
f 933/2866/2842 1227/2865/2841 840/2867/2843
f 933/2866/2842 840/2867/2843 1073/2868/2844
f 1073/2868/2844 840/2867/2843 839/2869/2845
f 1073/2868/2844 839/2869/2845 1074/2870/2846
f 1074/2870/2846 839/2869/2845 853/2871/2847
f 1074/2870/2846 853/2871/2847 1077/2872/2848
f 1077/2872/2848 853/2871/2847 852/2873/2849
f 1077/2872/2848 852/2873/2849 1078/2874/2850
f 1078/2875/2850 852/2876/2849 851/2877/2851
f 1078/2875/2850 851/2877/2851 1079/2878/2852
f 1079/2878/2852 851/2877/2851 865/2879/2853
f 1079/2878/2852 865/2879/2853 1083/2880/2854
f 1083/2880/2854 865/2879/2853 887/2881/2855
f 1083/2880/2854 887/2881/2855 727/2882/2856
f 727/2882/2856 887/2881/2855 886/2883/2857
f 727/2882/2856 886/2883/2857 737/2884/2858
f 737/2884/2858 886/2883/2857 885/2885/2859
f 737/2884/2858 885/2885/2859 738/2886/2860
f 738/2886/2860 885/2885/2859 882/2887/2861
f 738/2886/2860 882/2887/2861 731/2888/2862
f 731/2888/2862 882/2887/2861 881/2889/2863
f 731/2888/2862 881/2889/2863 724/2616/2596
f 724/2616/2596 881/2889/2863 880/2890/2864
f 724/2616/2596 880/2890/2864 1138/2891/2865
f 1138/2891/2865 880/2890/2864 1139/2892/2866
f 1139/2892/2866 880/2890/2864 893/2893/2867
f 1139/2892/2866 893/2893/2867 1125/2894/2868
f 1125/2894/2868 893/2893/2867 905/2895/2869
f 1125/2894/2868 905/2895/2869 1126/2896/2870
f 1126/2896/2870 905/2895/2869 904/2897/2871
f 1126/2896/2870 904/2897/2871 1127/2898/2872
f 1127/2898/2872 904/2897/2871 903/2899/2873
f 1127/2898/2872 903/2899/2873 1128/2900/2874
f 1128/2900/2874 903/2899/2873 1015/2901/2875
f 1128/2900/2874 1015/2901/2875 1133/2839/2815
f 1133/2839/2815 1015/2901/2875 1001/2837/2813
f 1227/2865/2841 1220/2902/2876 840/2867/2843
f 840/2867/2843 1220/2902/2876 843/2903/2877
f 843/2903/2877 1220/2902/2876 993/2904/2878
f 843/2903/2877 993/2904/2878 857/2905/2879
f 857/2905/2879 993/2904/2878 1026/2906/2880
f 857/2905/2879 1026/2906/2880 858/2907/2881
f 858/2907/2881 1026/2906/2880 1025/2908/2882
f 858/2909/2881 1025/2910/2882 859/2911/2883
f 859/2911/2883 1025/2910/2882 1021/2912/2884
f 859/2911/2883 1021/2912/2884 895/2913/2885
f 895/2913/2885 1021/2912/2884 1015/2901/2875
f 895/2913/2885 1015/2901/2875 903/2899/2873
f 993/2904/2878 1220/2902/2876 994/2827/2805
f 994/2827/2805 1220/2902/2876 1205/2825/2803
f 1211/2914/2886 761/2915/2887 1212/2916/2888
f 1212/2916/2888 761/2915/2887 760/2917/2889
f 1212/2916/2888 760/2917/2889 1217/2918/2890
f 1217/2918/2890 760/2917/2889 757/2919/2891
f 1217/2918/2890 757/2919/2891 1218/2920/2892
f 1218/2920/2892 757/2919/2891 221/2692/2670
f 1218/2920/2892 221/2692/2670 485/2698/2676
f 761/2915/2887 1211/2914/2886 775/2921/2893
f 775/2921/2893 1211/2914/2886 1210/2922/2894
f 775/2921/2893 1210/2922/2894 776/2923/2895
f 776/2923/2895 1210/2922/2894 1209/2924/2896
f 776/2923/2895 1209/2924/2896 777/2925/2897
f 777/2925/2897 1209/2924/2896 1013/2926/2898
f 777/2925/2897 1013/2926/2898 783/2927/2899
f 783/2927/2899 1013/2926/2898 1008/2928/2900
f 783/2927/2899 1008/2928/2900 987/2929/2901
f 987/2929/2901 1008/2928/2900 1007/2930/2902
f 987/2929/2901 1007/2930/2902 988/2931/2903
f 988/2931/2903 1007/2930/2902 1006/2932/2904
f 988/2931/2903 1006/2932/2904 989/2933/2905
f 989/2933/2905 1006/2932/2904 1005/2934/2906
f 989/2933/2905 1005/2934/2906 977/2935/2907
f 977/2935/2907 1005/2934/2906 1113/2936/2908
f 977/2935/2907 1113/2936/2908 965/2937/2909
f 965/2937/2909 1113/2936/2908 1117/2938/2910
f 965/2937/2909 1117/2938/2910 226/2939/2911
f 226/2939/2911 1117/2938/2910 227/2940/2912
f 227/2940/2912 1117/2938/2910 1148/2941/2913
f 227/2940/2912 1148/2941/2913 1147/2942/2914
f 1209/2924/2896 1222/2943/2915 1013/2926/2898
f 1013/2926/2898 1222/2943/2915 1019/2944/2916
f 1019/2944/2916 1222/2943/2915 827/2945/2917
f 1019/2944/2916 827/2945/2917 833/2946/2918
f 827/2945/2917 1222/2943/2915 828/2947/2919
f 828/2947/2919 1222/2943/2915 1229/2948/2920
f 828/2947/2919 1229/2948/2920 937/2949/2921
f 937/2949/2921 1229/2948/2920 938/2950/2922
f 938/2950/2922 1229/2948/2920 1236/2951/2923
f 938/2950/2922 1236/2951/2923 939/2952/2924
f 939/2952/2924 1236/2951/2923 1235/2953/2925
f 939/2952/2924 1235/2953/2925 923/2954/2926
f 923/2954/2926 1235/2953/2925 1225/2955/2927
f 923/2954/2926 1225/2955/2927 477/2956/2928
f 477/2956/2928 1225/2955/2927 1224/2957/2929
f 477/2956/2928 1224/2957/2929 492/2958/2930
f 492/2958/2930 1224/2957/2929 1218/2920/2892
f 492/2958/2930 1218/2920/2892 485/2698/2676
f 665/2641/2619 1156/2639/2617 680/2959/2931
f 680/2959/2931 1156/2639/2617 1155/2960/2932
f 680/2959/2931 1155/2960/2932 1049/2961/2933
f 1049/2961/2933 1155/2960/2932 1063/2962/2934
f 1063/2962/2934 1155/2960/2932 1188/2963/2935
f 1063/2962/2934 1188/2963/2935 1064/2964/2936
f 1064/2964/2936 1188/2963/2935 1187/2965/2937
f 1064/2966/2936 1187/2967/2937 1065/2968/2938
f 1065/2968/2938 1187/2967/2937 1183/2969/2939
f 1065/2968/2938 1183/2969/2939 813/2970/2940
f 813/2970/2940 1183/2969/2939 1177/2626/2606
f 813/2970/2940 1177/2626/2606 821/2624/2604
f 1169/2971/2941 1107/2972/2942 1170/2973/2943
f 1170/2973/2943 1107/2972/2942 951/2974/2944
f 1170/2973/2943 951/2974/2944 1175/2975/2945
f 1175/2975/2945 951/2974/2944 945/2976/2946
f 1175/2975/2945 945/2976/2946 669/2977/2947
f 669/2977/2947 945/2976/2946 944/2978/2948
f 669/2977/2947 944/2978/2948 670/2979/2949
f 670/2979/2949 944/2978/2948 943/2980/2950
f 670/2979/2949 943/2980/2950 671/2981/2951
f 671/2981/2951 943/2980/2950 929/2982/2952
f 671/2981/2951 929/2982/2952 672/2983/2953
f 672/2983/2953 929/2982/2952 928/2984/2954
f 672/2983/2953 928/2984/2954 677/2985/2955
f 677/2985/2955 928/2984/2954 925/2986/2956
f 677/2985/2955 925/2986/2956 678/2987/2957
f 678/2987/2957 925/2986/2956 390/2988/2958
f 678/2987/2957 390/2988/2958 382/2989/2959
f 1107/2972/2942 1169/2971/2941 1108/2990/2960
f 1108/2990/2960 1169/2971/2941 1168/2991/2961
f 1108/2990/2960 1168/2991/2961 1109/2992/2962
f 1109/2992/2962 1168/2991/2961 1167/2993/2963
f 1109/2992/2962 1167/2993/2963 1097/2994/2964
f 1097/2994/2964 1167/2993/2963 699/2995/2965
f 1097/2994/2964 699/2995/2965 1085/2996/2966
f 1085/2996/2966 699/2995/2965 703/2997/2967
f 1085/2996/2966 703/2997/2967 867/2998/2968
f 867/2998/2968 703/2997/2967 868/2999/2969
f 868/2999/2969 703/2997/2967 734/3000/2970
f 868/2999/2969 734/3000/2970 869/3001/2971
f 869/3001/2971 734/3000/2970 733/3002/2972
f 869/3001/2971 733/3002/2972 870/3003/2973
f 870/3003/2973 733/3002/2972 729/3004/2974
f 870/3003/2973 729/3004/2974 877/3005/2975
f 877/3005/2975 729/3004/2974 363/3006/2976
f 877/3005/2975 363/3006/2976 449/3007/2977
f 449/3007/2977 363/3006/2976 450/3008/2978
f 450/3008/2978 363/3006/2976 405/3009/2979
f 450/3008/2978 405/3009/2979 451/3010/2980
f 451/3010/2980 405/3009/2979 395/3011/2981
f 451/3010/2980 395/3011/2981 454/3012/2982
f 454/3012/2982 395/3011/2981 394/3013/2983
f 454/3012/2982 394/3013/2983 455/3014/2984
f 455/3014/2984 394/3013/2983 393/3015/2985
f 455/3014/2984 393/3015/2985 456/3016/2986
f 456/3016/2986 393/3015/2985 386/3017/2987
f 456/3016/2986 386/3017/2987 533/3018/2988
f 533/3018/2988 386/3017/2987 374/2596/2576
f 533/3018/2988 374/2596/2576 534/2598/2578
f 1167/2993/2963 1179/3019/2989 699/2995/2965
f 699/2995/2965 1179/3019/2989 700/3020/2990
f 700/3020/2990 1179/3019/2989 817/3021/2991
f 700/3020/2990 817/3021/2991 705/3022/2992
f 705/3022/2992 817/3021/2991 816/3023/2993
f 705/3022/2992 816/3023/2993 706/3024/2994
f 706/3024/2994 816/3023/2993 815/3025/2995
f 706/3024/2994 815/3025/2995 707/3026/2996
f 707/3026/2996 815/3025/2995 809/3027/2997
f 707/3026/2996 809/3027/2997 721/3028/2998
f 721/3028/2998 809/3027/2997 796/3029/2999
f 721/3028/2998 796/3029/2999 722/3030/3000
f 722/3030/3000 796/3029/2999 160/3031/3001
f 722/3030/3000 160/3031/3001 364/3032/3002
f 364/3032/3002 160/3031/3001 365/3033/3003
f 365/3033/3003 160/3031/3001 159/3034/3004
f 365/3033/3003 159/3034/3004 368/3035/3005
f 368/3035/3005 159/3034/3004 369/3036/3006
f 369/3036/3006 159/3034/3004 158/2593/2573
f 369/3036/3006 158/2593/2573 370/2595/2575
f 817/3021/2991 1179/3019/2989 793/3037/3007
f 793/3037/3007 1179/3019/2989 1185/3038/3008
f 793/3037/3007 1185/3038/3008 1037/3039/3009
f 1037/3039/3009 1185/3038/3008 1192/3040/3010
f 1037/3039/3009 1192/3040/3010 1038/3041/3011
f 1038/3041/3011 1192/3040/3010 1191/3042/3012
f 1038/3041/3011 1191/3042/3012 1039/3043/3013
f 1039/3043/3013 1191/3042/3012 1181/3044/3014
f 1039/3043/3013 1181/3044/3014 1033/3045/3015
f 1033/3045/3015 1181/3044/3014 682/3046/3016
f 1033/3045/3015 682/3046/3016 1034/3047/3017
f 1034/3047/3017 682/3046/3016 689/3048/3018
f 1034/3047/3017 689/3048/3018 166/3049/3019
f 166/3049/3019 689/3048/3018 696/3050/3020
f 166/3049/3019 696/3050/3020 695/3051/3021
f 1181/3044/3014 1175/2975/2945 682/3046/3016
f 682/3046/3016 1175/2975/2945 669/2977/2947
f 1120/3052/3022 897/3053/3023 1121/3054/3024
f 1121/3054/3024 897/3053/3023 891/3055/3025
f 1121/3054/3024 891/3055/3025 1135/3056/3026
f 1135/3056/3026 891/3055/3025 878/3057/3027
f 1135/3056/3026 878/3057/3027 1136/3058/3028
f 1136/3058/3028 878/3057/3027 491/3059/3029
f 1136/3058/3028 491/3059/3029 229/2718/2696
f 229/2718/2696 491/3059/3029 481/2712/2690
f 229/2718/2696 481/2712/2690 1376/2714/2692
f 897/3053/3023 1120/3052/3022 898/3060/3030
f 898/3060/3030 1120/3052/3022 1119/3061/3031
f 898/3060/3030 1119/3061/3031 899/3062/3032
f 899/3062/3032 1119/3061/3031 1114/3063/3033
f 899/3062/3032 1114/3063/3033 1017/3064/3034
f 1017/3064/3034 1114/3063/3033 1113/2936/2908
f 1017/3064/3034 1113/2936/2908 1005/2934/2906
f 227/2940/2912 1147/2942/2914 228/3065/3035
f 228/3065/3035 1147/2942/2914 1143/3066/3036
f 228/3065/3035 1143/3066/3036 1136/3058/3028
f 1145/3067/3037 237/3068/3038 1138/2891/2865
f 1138/2891/2865 237/3068/3038 236/3069/3039
f 1138/2891/2865 236/3069/3039 446/3070/3040
f 446/3070/3040 236/3069/3039 447/3071/3041
f 447/3071/3041 236/3069/3039 431/3072/3042
f 431/3072/3042 236/3069/3039 235/2818/2796
f 431/3072/3042 235/2818/2796 432/2820/2798
f 1145/3067/3037 1152/3073/3043 237/3068/3038
f 237/3068/3038 1152/3073/3043 238/2843/2819
f 238/2843/2819 1152/3073/3043 1151/3074/3044
f 238/2843/2819 1151/3074/3044 1141/2841/2817
f 933/2866/2842 1073/2868/2844 949/2638/2616
f 949/2638/2616 1073/2868/2844 1103/2636/2614
f 1095/2629/2609 1083/2880/2854 719/2627/2607
f 719/2627/2607 1083/2880/2854 727/2882/2856
f 1085/2996/2966 863/3075/3045 1086/3076/3046
f 1086/3076/3046 863/3075/3045 847/3077/3047
f 1086/3076/3046 847/3077/3047 1089/3078/3048
f 1089/3078/3048 847/3077/3047 846/3079/3049
f 1089/3078/3048 846/3079/3049 1090/3080/3050
f 1090/3080/3050 846/3079/3049 845/3081/3051
f 1090/3080/3050 845/3081/3051 1091/3082/3052
f 1091/3082/3052 845/3081/3051 837/3083/3053
f 1091/3082/3052 837/3083/3053 1099/3084/3054
f 1099/3084/3054 837/3083/3053 828/2947/2919
f 1099/3084/3054 828/2947/2919 937/2949/2921
f 1107/2972/2942 1099/3084/3054 951/2974/2944
f 951/2974/2944 1099/3084/3054 937/2949/2921
f 1051/3085/3055 1043/3086/3056 165/3087/3057
f 165/3087/3057 1043/3086/3056 1034/3047/3017
f 165/3087/3057 1034/3047/3017 166/3049/3019
f 1037/3039/3009 1069/3088/3058 793/3037/3007
f 793/3037/3007 1069/3088/3058 785/3089/3059
f 785/3089/3059 1069/3088/3058 163/3090/3060
f 785/3089/3059 163/3090/3060 162/3091/3061
f 1069/3088/3058 1053/3092/3062 163/3090/3060
f 163/3090/3060 1053/3092/3062 164/3093/3063
f 164/3093/3063 1053/3092/3062 1052/3094/3064
f 164/3093/3063 1052/3094/3064 1051/3085/3055
f 164/3093/3063 1051/3085/3055 165/3087/3057
f 1045/3095/3065 178/3096/3066 1046/3097/3067
f 1046/3097/3067 178/3096/3066 177/3098/3068
f 1046/3097/3067 177/3098/3068 687/3099/3069
f 687/3099/3069 177/3098/3068 691/3100/3070
f 691/3100/3070 177/3098/3068 692/3101/3071
f 692/3101/3071 177/3098/3068 176/3102/3072
f 692/3101/3071 176/3102/3072 655/3103/3073
f 655/3103/3073 176/3102/3072 656/3104/3074
f 656/3104/3074 176/3102/3072 175/2653/2631
f 656/3104/3074 175/2653/2631 657/2651/2629
f 1045/3095/3065 1059/3105/3075 178/3096/3066
f 178/3096/3066 1059/3105/3075 149/3106/3076
f 149/3107/3076 1059/3108/3075 1058/3109/3077
f 149/3107/3076 1058/3109/3077 1057/3110/3078
f 149/3107/3076 1057/3110/3078 150/3111/3079
f 150/3111/3079 1057/3110/3078 1071/3112/3080
f 150/3111/3079 1071/3112/3080 805/3113/3081
f 805/3113/3081 1071/3112/3080 813/2970/2940
f 813/2970/2940 1071/3112/3080 1065/2968/2938
f 1049/2961/2933 1046/3097/3067 680/2959/2931
f 680/2959/2931 1046/3097/3067 687/3099/3069
f 899/3062/3032 1017/3064/3034 875/3114/3082
f 875/3114/3082 1017/3064/3034 1023/3115/3083
f 875/3114/3082 1023/3115/3083 831/3116/3084
f 831/3116/3084 1023/3115/3083 1030/3117/3085
f 831/3116/3084 1030/3117/3085 832/3118/3086
f 832/3118/3086 1030/3117/3085 1029/3119/3087
f 832/3118/3086 1029/3119/3087 833/2946/2918
f 833/2946/2918 1029/3119/3087 1019/2944/2916
f 963/2840/2816 959/3120/3088 239/2842/2818
f 239/2842/2818 959/3120/3088 210/3121/3089
f 210/3121/3089 959/3120/3088 958/3122/3090
f 210/3123/3089 958/3124/3090 957/3125/3091
f 957/3125/3091 954/3126/3092 210/3123/3089
f 210/3123/3089 954/3126/3092 211/3127/3093
f 211/3127/3093 954/3126/3092 953/3128/3094
f 211/3127/3093 953/3128/3094 212/3129/3095
f 212/3129/3095 953/3128/3094 765/3130/3096
f 212/3129/3095 765/3130/3096 764/3131/3097
f 765/3130/3096 953/3128/3094 781/2828/2806
f 781/2828/2806 953/3128/3094 983/2830/2808
f 965/2937/2909 226/2939/2911 966/3132/3098
f 966/3132/3098 226/2939/2911 225/3133/3099
f 966/3132/3098 225/3133/3099 969/3134/3100
f 969/3134/3100 225/3133/3099 970/3135/3101
f 970/3135/3101 225/3133/3099 971/3136/3102
f 971/3136/3102 225/3133/3099 224/3137/3103
f 971/3136/3102 224/3137/3103 979/3138/3104
f 979/3138/3104 224/3137/3103 769/3139/3105
f 979/3138/3104 769/3139/3105 783/2927/2899
f 987/2929/2901 979/3138/3104 783/2927/2899
f 390/2988/2958 925/2986/2956 391/3140/3106
f 391/3140/3106 925/2986/2956 924/3141/3107
f 391/3140/3106 924/3141/3107 477/2956/2928
f 477/2956/2928 924/3141/3107 923/2954/2926
f 491/3059/3029 878/3057/3027 449/3007/2977
f 449/3007/2977 878/3057/3027 877/3005/2975
f 1085/2996/2966 867/2998/2968 863/3075/3045
f 863/3075/3045 867/2998/2968 875/3114/3082
f 863/3075/3045 875/3114/3082 831/3116/3084
f 859/2911/2883 895/2913/2885 865/2879/2853
f 865/2879/2853 895/2913/2885 887/2881/2855
f 796/3029/2999 795/3142/3108 160/3031/3001
f 160/3031/3001 795/3142/3108 161/3143/3109
f 161/3143/3109 795/3142/3108 788/3144/3110
f 161/3143/3109 788/3144/3110 787/3145/3111
f 161/3143/3109 787/3145/3111 162/3091/3061
f 162/3091/3061 787/3145/3111 786/3146/3112
f 162/3091/3061 786/3146/3112 785/3089/3059
f 803/3147/3113 800/3148/3114 152/3149/3115
f 152/3149/3115 800/3148/3114 799/3150/3116
f 152/3149/3115 799/3150/3116 798/2615/2595
f 150/3111/3079 805/3113/3081 151/3151/3117
f 151/3151/3117 805/3113/3081 804/3152/3118
f 151/3151/3117 804/3152/3118 803/3147/3113
f 151/3151/3117 803/3147/3113 152/3149/3115
f 763/3153/3119 753/3154/3120 213/3155/3121
f 213/3155/3121 753/3154/3120 752/3156/3122
f 213/3155/3121 752/3156/3122 214/2852/2828
f 214/2852/2828 752/3156/3122 750/2850/2826
f 764/3131/3097 763/3153/3119 212/3129/3095
f 212/3129/3095 763/3153/3119 213/3155/3121
f 757/2919/2891 756/3157/3123 221/2692/2670
f 221/2692/2670 756/3157/3123 222/3158/3124
f 222/3158/3124 756/3157/3123 755/3159/3125
f 222/3158/3124 755/3159/3125 771/3160/3126
f 222/3158/3124 771/3160/3126 223/3161/3127
f 223/3161/3127 771/3160/3126 770/3162/3128
f 223/3161/3127 770/3162/3128 769/3139/3105
f 729/3004/2974 722/3030/3000 363/3006/2976
f 363/3006/2976 722/3030/3000 364/3032/3002
f 166/3049/3019 695/3051/3021 167/3163/3129
f 167/3163/3129 695/3051/3021 685/3164/3130
f 167/3163/3129 685/3164/3130 684/3165/3131
f 167/3163/3129 684/3165/3131 168/3166/3132
f 168/3166/3132 684/3165/3131 678/2987/2957
f 168/3166/3132 678/2987/2957 382/2989/2959
f 539/2603/2583 613/2605/2585 543/3167/3133
f 543/3167/3133 613/2605/2585 645/3168/3134
f 543/3167/3133 645/3168/3134 423/3169/3135
f 423/3169/3135 645/3168/3134 644/3170/3136
f 423/3169/3135 644/3170/3136 437/3171/3137
f 437/3171/3137 644/3170/3136 643/3172/3138
f 437/3171/3137 643/3172/3138 438/3173/3139
f 438/3173/3139 643/3172/3138 636/3174/3140
f 438/3173/3139 636/3174/3140 439/3175/3141
f 439/3175/3141 636/3174/3140 635/3176/3142
f 439/3175/3141 635/3176/3142 446/3070/3040
f 446/3070/3040 635/3176/3142 623/2614/2594
f 446/3070/3040 623/2614/2594 1138/2891/2865
f 1138/2891/2865 623/2614/2594 724/2616/2596
f 626/2652/2630 625/2857/2833 918/2650/2628
f 625/2857/2833 639/3177/3143 444/2855/2831
f 444/2855/2831 639/3177/3143 411/3178/3144
f 411/3178/3144 639/3177/3143 638/3179/3145
f 411/3178/3144 638/3179/3145 412/3180/3146
f 412/3180/3146 638/3179/3145 651/3181/3147
f 412/3180/3146 651/3181/3147 413/3182/3148
f 413/3182/3148 651/3181/3147 650/3183/3149
f 413/3182/3148 650/3183/3149 407/3184/3150
f 407/3184/3150 650/3183/3149 649/3185/3151
f 407/3184/3150 649/3185/3151 545/3186/3152
f 545/3186/3152 649/3185/3151 641/3187/3153
f 545/3186/3152 641/3187/3153 546/3188/3154
f 546/3188/3154 641/3187/3153 517/3189/3155
f 546/3188/3154 517/3189/3155 529/3190/3156
f 517/3189/3155 641/3187/3153 505/3191/3157
f 505/3191/3157 641/3187/3153 631/3192/3158
f 505/3191/3157 631/3192/3158 173/3193/3159
f 173/3193/3159 631/3192/3158 630/3194/3160
f 173/3193/3159 630/3194/3160 174/2654/2632
f 174/2654/2632 630/3194/3160 629/3195/3161
f 174/2654/2632 629/3195/3161 626/2652/2630
f 419/2805/2783 583/2808/2786 420/3196/3162
f 420/3196/3162 583/2808/2786 579/3197/3163
f 420/3196/3162 579/3197/3163 555/3198/3164
f 555/3198/3164 579/3197/3163 561/3199/3165
f 561/3199/3165 579/3197/3163 578/3200/3166
f 561/3199/3165 578/3200/3166 562/3201/3167
f 562/3201/3167 578/3200/3166 577/3202/3168
f 562/3201/3167 577/3202/3168 563/3203/3169
f 563/3203/3169 577/3202/3168 574/3204/3170
f 563/3203/3169 574/3204/3170 460/3205/3171
f 460/3205/3171 574/3204/3170 573/2729/2707
f 460/3205/3171 573/2729/2707 472/2704/2682
f 573/2729/2707 603/2741/2719 1394/2727/2705
f 601/2758/2736 354/3206/3172 602/2737/2715
f 602/2737/2715 354/3206/3172 353/3207/3173
f 602/2737/2715 353/3207/3173 352/3208/3174
f 585/2801/2779 408/3209/3175 586/3210/3176
f 586/3210/3176 408/3209/3175 557/3211/3177
f 586/3210/3176 557/3211/3177 569/3212/3178
f 597/2772/2750 609/2762/2740 1405/2761/2739
f 474/2679/2657 599/2681/2659 462/3213/3179
f 462/3213/3179 599/2681/2659 591/3214/3180
f 462/3213/3179 591/3214/3180 567/3215/3181
f 567/3215/3181 591/3214/3180 590/3216/3182
f 567/3215/3181 590/3216/3182 568/3217/3183
f 568/3217/3183 590/3216/3182 589/3218/3184
f 568/3217/3183 589/3218/3184 569/3212/3178
f 569/3212/3178 589/3218/3184 586/3210/3176
f 456/3016/2986 533/3018/2988 460/3205/3171
f 460/3205/3171 533/3018/2988 563/3203/3169
f 555/3198/3164 543/3167/3133 420/3196/3162
f 420/3196/3162 543/3167/3133 423/3169/3135
f 407/3184/3150 545/3186/3152 408/3209/3175
f 408/3209/3175 545/3186/3152 557/3211/3177
f 567/3215/3181 559/3219/3185 462/3213/3179
f 462/3213/3179 559/3219/3185 463/3220/3186
f 463/3220/3186 559/3219/3185 388/3221/3187
f 463/3220/3186 388/3221/3187 401/3222/3188
f 388/3221/3187 559/3219/3185 376/3223/3189
f 376/3223/3189 559/3219/3185 551/3224/3190
f 376/3223/3189 551/3224/3190 527/3225/3191
f 527/3225/3191 551/3224/3190 550/3226/3192
f 527/3225/3191 550/3226/3192 528/3227/3193
f 528/3227/3193 550/3226/3192 549/3228/3194
f 528/3227/3193 549/3228/3194 529/3190/3156
f 529/3190/3156 549/3228/3194 546/3188/3154
f 155/2608/2588 503/2606/2586 156/2570/2550
f 156/2570/2550 503/2606/2586 499/2572/2552
f 506/2532/2512 505/3191/3157 172/2534/2514
f 172/2534/2514 505/3191/3157 173/3193/3159
f 527/3225/3191 519/3229/3195 376/3223/3189
f 376/3223/3189 519/3229/3195 377/3230/3196
f 377/3230/3196 519/3229/3195 170/3231/3197
f 377/3230/3196 170/3231/3197 380/3232/3198
f 380/3232/3198 170/3231/3197 169/3233/3199
f 380/3232/3198 169/3233/3199 381/3234/3200
f 381/3234/3200 169/3233/3199 382/2989/2959
f 382/2989/2959 169/3233/3199 168/3166/3132
f 519/3229/3195 511/2552/2532 170/3231/3197
f 170/3231/3197 511/2552/2532 171/2543/2523
f 477/2956/2928 476/3235/3201 391/3140/3106
f 391/3140/3106 476/3235/3201 406/3236/3202
f 406/3236/3202 476/3235/3201 468/3237/3203
f 406/3236/3202 468/3237/3203 399/3238/3204
f 399/3238/3204 468/3237/3203 467/3239/3205
f 399/3238/3204 467/3239/3205 400/3240/3206
f 400/3240/3206 467/3239/3205 466/3241/3207
f 400/3240/3206 466/3241/3207 401/3222/3188
f 401/3222/3188 466/3241/3207 463/3220/3186
f 417/2787/2765 408/3209/3175 585/2801/2779
f 427/2854/2830 426/2793/2771 215/2795/2773
f 361/2760/2738 360/3242/3208 601/2758/2736
f 601/2758/2736 360/3242/3208 359/3243/3209
f 601/2758/2736 359/3243/3209 358/3244/3210
f 358/3244/3210 357/3245/3211 601/2758/2736
f 601/2758/2736 357/3245/3211 356/3246/3212
f 601/2758/2736 356/3246/3212 355/3247/3213
f 355/3247/3213 354/3206/3172 601/2758/2736
f 352/3208/3174 351/3248/3214 602/2737/2715
f 602/2737/2715 351/3248/3214 350/3249/3215
f 602/2737/2715 350/3249/3215 349/3250/3216
f 349/3250/3216 348/3251/3217 602/2737/2715
f 602/2737/2715 348/3251/3217 347/2738/2716
f 346/2739/2717 345/3252/3218 1390/2731/2709
f 1390/2731/2709 345/3252/3218 344/3253/3219
f 1390/2731/2709 344/3253/3219 343/3254/3220
f 343/3254/3220 342/3255/3221 1390/2731/2709
f 1390/2731/2709 342/3255/3221 341/3256/3222
f 1390/2731/2709 341/3256/3222 340/3257/3223
f 340/3257/3223 339/2732/2710 1390/2731/2709
f 337/2735/2713 336/3258/3224 1389/2733/2711
f 1389/2733/2711 336/3258/3224 335/3259/3225
f 1389/2733/2711 335/3259/3225 334/3260/3226
f 334/3260/3226 333/3261/3227 1389/2733/2711
f 1389/2733/2711 333/3261/3227 332/3262/3228
f 1389/2733/2711 332/3262/3228 331/2756/2734
f 229/2718/2696 228/3065/3035 1136/3058/3028
f 224/3137/3103 223/3161/3127 769/3139/3105
f 153/2613/2593 152/3149/3115 798/2615/2595
f 1322/3263/3229 1427/3264/3230 1323/3265/3231
f 1323/3265/3231 1427/3264/3230 1426/3266/3232
f 1323/3265/3231 1426/3266/3232 1324/3267/3233
f 1324/3267/3233 1426/3266/3232 1425/3268/3234
f 1324/3267/3233 1425/3268/3234 1325/3269/3235
f 1325/3269/3235 1425/3268/3234 1424/3270/3236
f 1424/3271/3237 1423/3272/3238 1325/3273/3239
f 1325/3273/3239 1423/3272/3238 1326/3274/3240
f 1423/3275/3241 1422/3276/3242 1326/3277/3243
f 1326/3277/3243 1422/3276/3242 1327/3278/3244
f 1327/3278/3244 1422/3276/3242 1421/3279/3245
f 1327/3278/3244 1421/3279/3245 1328/3280/3246
f 1328/3280/3246 1421/3279/3245 1420/3281/3247
f 1328/3280/3246 1420/3281/3247 1313/3282/3248
f 1420/3283/3249 1419/3284/3250 1313/3285/3251
f 1313/3285/3251 1419/3284/3250 1314/3286/3252
f 1436/3287/3253 1435/3288/3254 1329/3289/3255
f 1329/3289/3255 1435/3288/3254 1330/3290/3256
f 1419/3291/3257 1434/3292/3258 1314/3293/3259
f 1314/3293/3259 1434/3292/3258 1315/3294/3260
f 1315/3294/3260 1434/3292/3258 1433/3295/3261
f 1315/3294/3260 1433/3295/3261 1316/3296/3262
f 1316/3296/3262 1433/3295/3261 1432/3297/3263
f 1316/3296/3262 1432/3297/3263 1317/3298/3264
f 1342/3299/3265 1439/3300/3266 1343/3301/3267
f 1343/3301/3267 1439/3300/3266 1438/3302/3268
f 1343/3301/3267 1438/3302/3268 1344/3303/3269
f 1344/3303/3269 1438/3302/3268 1437/3304/3270
f 1344/3303/3269 1437/3304/3270 1329/3305/3271
f 1329/3305/3271 1437/3304/3270 1436/3306/3272
f 1330/3307/3273 1435/3308/3274 1331/3309/3275
f 1331/3309/3275 1435/3308/3274 1450/3310/3276
f 1331/3309/3275 1450/3310/3276 1332/3311/3277
f 1332/3311/3277 1450/3310/3276 1449/3312/3278
f 1332/3311/3277 1449/3312/3278 1333/3313/3279
f 1333/3313/3279 1449/3312/3278 1448/3314/3280
f 1432/3315/3281 1431/3316/3282 1317/3317/3283
f 1317/3317/3283 1431/3316/3282 1318/3318/3284
f 1440/3319/3285 1439/3320/3286 1341/3321/3287
f 1341/3321/3287 1439/3320/3286 1342/3322/3288
f 1448/3323/3289 1447/3324/3290 1333/3325/3291
f 1333/3325/3291 1447/3324/3290 1334/3326/3292
f 1431/3327/3293 1430/3328/3294 1318/3329/3295
f 1318/3329/3295 1430/3328/3294 1319/3330/3296
f 1319/3330/3296 1430/3328/3294 1429/3331/3297
f 1319/3330/3296 1429/3331/3297 1320/3332/3298
f 1320/3332/3298 1429/3331/3297 1428/3333/3299
f 1320/3332/3298 1428/3333/3299 1321/3334/3300
f 1338/3335/3301 1443/3336/3302 1339/3337/3303
f 1339/3337/3303 1443/3336/3302 1442/3338/3304
f 1339/3337/3303 1442/3338/3304 1340/3339/3305
f 1340/3339/3305 1442/3338/3304 1441/3340/3306
f 1340/3339/3305 1441/3340/3306 1341/3341/3307
f 1341/3341/3307 1441/3340/3306 1440/3342/3308
f 1447/3343/3309 1446/3344/3310 1334/3345/3311
f 1334/3345/3311 1446/3344/3310 1335/3346/3312
f 1335/3346/3312 1446/3344/3310 1445/3347/3313
f 1335/3346/3312 1445/3347/3313 1336/3348/3314
f 1336/3348/3314 1445/3347/3313 1444/3349/3315
f 1336/3348/3314 1444/3349/3315 1337/3350/3316
f 1428/3351/3317 1427/3352/3318 1321/3353/3319
f 1321/3353/3319 1427/3352/3318 1322/3354/3320
f 1444/3355/3321 1443/3356/3322 1337/3357/3323
f 1337/3357/3323 1443/3356/3322 1338/3358/3324
f 1393/3359/3325 1392/3360/3326 1310/3361/3327
f 1310/3361/3327 1392/3360/3326 1311/3362/3328
f 1311/3362/3328 1392/3360/3326 1391/3363/3329
f 1311/3362/3328 1391/3363/3329 1312/3364/3330
f 1312/3364/3330 1391/3363/3329 1390/3365/3331
f 1312/3364/3330 1390/3365/3331 1298/3366/3332
f 1394/3367/3333 1393/3368/3334 1309/3369/3335
f 1309/3369/3335 1393/3368/3334 1310/3370/3336
f 1306/3371/3337 1397/3372/3338 1307/3373/3339
f 1307/3373/3339 1397/3372/3338 1396/3374/3340
f 1307/3373/3339 1396/3374/3340 1308/3375/3341
f 1308/3375/3341 1396/3374/3340 1395/3376/3342
f 1308/3375/3341 1395/3376/3342 1309/3377/3343
f 1309/3377/3343 1395/3376/3342 1394/3378/3344
f 1397/3379/3345 1306/3380/3346 1398/3381/3347
f 1398/3381/3347 1306/3380/3346 1305/3382/3348
f 1390/3383/3349 1389/3384/3350 1298/3385/3351
f 1298/3385/3351 1389/3384/3350 1299/3386/3352
f 1404/3387/3353 1284/3388/3354 1405/3389/3355
f 1405/3389/3355 1284/3388/3354 1283/3390/3356
f 1284/3391/3357 1404/3392/3358 1285/3393/3359
f 1285/3393/3359 1404/3392/3358 1418/3394/3360
f 1285/3393/3359 1418/3394/3360 1286/3395/3361
f 1286/3395/3361 1418/3394/3360 1417/3396/3362
f 1286/3395/3361 1417/3396/3362 1287/3397/3363
f 1287/3397/3363 1417/3396/3362 1416/3398/3364
f 1389/3399/3365 1403/3400/3366 1299/3401/3367
f 1299/3401/3367 1403/3400/3366 1300/3402/3368
f 1300/3402/3368 1403/3400/3366 1402/3403/3369
f 1300/3402/3368 1402/3403/3369 1301/3404/3370
f 1301/3404/3370 1402/3403/3369 1302/3405/3371
f 1302/3405/3371 1402/3403/3369 1401/3406/3372
f 1408/3407/3373 1407/3408/3374 1295/3409/3375
f 1295/3409/3375 1407/3408/3374 1296/3410/3376
f 1296/3410/3376 1407/3408/3374 1297/3411/3377
f 1297/3411/3377 1407/3408/3374 1406/3412/3378
f 1297/3411/3377 1406/3412/3378 1283/3413/3379
f 1283/3413/3379 1406/3412/3378 1405/3414/3380
f 1415/3415/3381 1288/3416/3382 1416/3417/3383
f 1416/3417/3383 1288/3416/3382 1287/3418/3384
f 1400/3419/3385 1303/3420/3386 1401/3421/3387
f 1401/3421/3387 1303/3420/3386 1302/3422/3388
f 1409/3423/3389 1408/3424/3390 1294/3425/3391
f 1294/3425/3391 1408/3424/3390 1295/3426/3392
f 1415/3427/3393 1414/3428/3394 1288/3429/3395
f 1288/3429/3395 1414/3428/3394 1289/3430/3396
f 1289/3430/3396 1414/3428/3394 1413/3431/3397
f 1289/3430/3396 1413/3431/3397 1290/3432/3398
f 1290/3432/3398 1413/3431/3397 1412/3433/3399
f 1290/3432/3398 1412/3433/3399 1291/3434/3400
f 1399/3435/3401 1304/3436/3402 1400/3437/3403
f 1400/3437/3403 1304/3436/3402 1303/3438/3404
f 1410/3439/3405 1409/3440/3406 1293/3441/3407
f 1293/3441/3407 1409/3440/3406 1294/3442/3408
f 1412/3443/3409 1411/3444/3410 1291/3445/3411
f 1291/3445/3411 1411/3444/3410 1292/3446/3412
f 1398/3447/3413 1305/3448/3414 1399/3449/3415
f 1399/3449/3415 1305/3448/3414 1304/3450/3416
f 1411/3451/3417 1410/3452/3418 1292/3453/3419
f 1292/3453/3419 1410/3452/3418 1293/3454/3420
f 1356/3455/3421 1355/3456/3422 1251/3457/3423
f 1251/3457/3423 1355/3456/3422 1252/3458/3424
f 1355/3459/3425 1354/3460/3426 1252/3461/3427
f 1252/3461/3427 1354/3460/3426 1253/3462/3428
f 1253/3462/3428 1354/3460/3426 1353/3463/3429
f 1253/3462/3428 1353/3463/3429 1254/3464/3430
f 1254/3464/3430 1353/3463/3429 1352/3465/3431
f 1254/3464/3430 1352/3465/3431 1255/3466/3432
f 1352/3467/3433 1351/3468/3434 1255/3469/3435
f 1255/3469/3435 1351/3468/3434 1256/3470/3436
f 1256/3470/3436 1351/3468/3434 1350/3471/3437
f 1256/3470/3436 1350/3471/3437 1257/3472/3438
f 1350/3473/3439 1349/3474/3440 1257/3475/3441
f 1257/3475/3441 1349/3474/3440 1258/3476/3442
f 1258/3477/3443 1349/3478/3444 1259/3479/3445
f 1259/3479/3445 1349/3478/3444 1348/3480/3446
f 1259/3479/3445 1348/3480/3446 1260/3481/3447
f 1260/3481/3447 1348/3480/3446 1347/3482/3448
f 1260/3481/3447 1347/3482/3448 1239/3483/3449
f 1239/3483/3449 1347/3482/3448 1346/3484/3450
f 1346/3485/3451 1345/3486/3452 1239/3487/3453
f 1239/3487/3453 1345/3486/3452 1240/3488/3454
f 1368/3489/3455 1367/3490/3456 1261/3491/3457
f 1261/3491/3457 1367/3490/3456 1262/3492/3458
f 1240/3493/3459 1345/3494/3460 1241/3495/3461
f 1241/3495/3461 1345/3494/3460 1366/3496/3462
f 1241/3495/3461 1366/3496/3462 1242/3497/3463
f 1242/3497/3463 1366/3496/3462 1365/3498/3464
f 1242/3497/3463 1365/3498/3464 1243/3499/3465
f 1243/3499/3465 1365/3498/3464 1364/3500/3466
f 1371/3501/3467 1370/3502/3468 1280/3503/3469
f 1280/3503/3469 1370/3502/3468 1281/3504/3470
f 1281/3504/3470 1370/3502/3468 1369/3505/3471
f 1281/3504/3470 1369/3505/3471 1282/3506/3472
f 1282/3506/3472 1369/3505/3471 1368/3507/3473
f 1282/3506/3472 1368/3507/3473 1261/3508/3474
f 1367/3509/3475 1388/3510/3476 1262/3511/3477
f 1262/3511/3477 1388/3510/3476 1263/3512/3478
f 1263/3512/3478 1388/3510/3476 1387/3513/3479
f 1263/3512/3478 1387/3513/3479 1264/3514/3480
f 1264/3514/3480 1387/3513/3479 1386/3515/3481
f 1264/3514/3480 1386/3515/3481 1265/3516/3482
f 1364/3517/3483 1363/3518/3484 1243/3519/3485
f 1243/3519/3485 1363/3518/3484 1244/3520/3486
f 1372/3521/3487 1371/3522/3488 1279/3523/3489
f 1279/3523/3489 1371/3522/3488 1280/3524/3490
f 1386/3525/3491 1385/3526/3492 1265/3527/3493
f 1265/3527/3493 1385/3526/3492 1266/3528/3494
f 1244/3529/3495 1363/3530/3496 1245/3531/3497
f 1245/3531/3497 1363/3530/3496 1362/3532/3498
f 1245/3531/3497 1362/3532/3498 1246/3533/3499
f 1246/3533/3499 1362/3532/3498 1361/3534/3500
f 1246/3533/3499 1361/3534/3500 1247/3535/3501
f 1247/3535/3501 1361/3534/3500 1360/3536/3502
f 1375/3537/3503 1374/3538/3504 1276/3539/3505
f 1276/3539/3505 1374/3538/3504 1277/3540/3506
f 1277/3540/3506 1374/3538/3504 1373/3541/3507
f 1277/3540/3506 1373/3541/3507 1278/3542/3508
f 1278/3542/3508 1373/3541/3507 1372/3543/3509
f 1278/3542/3508 1372/3543/3509 1279/3544/3510
f 1266/3545/3511 1385/3546/3512 1267/3547/3513
f 1267/3547/3513 1385/3546/3512 1384/3548/3514
f 1267/3547/3513 1384/3548/3514 1268/3549/3515
f 1268/3549/3515 1384/3548/3514 1383/3550/3516
f 1360/3551/3517 1359/3552/3518 1247/3553/3519
f 1247/3553/3519 1359/3552/3518 1248/3554/3520
f 1376/3555/3521 1375/3556/3522 1275/3557/3523
f 1275/3557/3523 1375/3556/3522 1276/3558/3524
f 1268/3559/3525 1383/3560/3526 1269/3561/3527
f 1269/3561/3527 1383/3560/3526 1382/3562/3528
f 1269/3561/3527 1382/3562/3528 1270/3563/3529
f 1270/3563/3529 1382/3562/3528 1381/3564/3530
f 1270/3563/3529 1381/3564/3530 1271/3565/3531
f 1271/3565/3531 1381/3564/3530 1380/3566/3532
f 1359/3567/3533 1358/3568/3534 1248/3569/3535
f 1248/3569/3535 1358/3568/3534 1249/3570/3536
f 1249/3570/3536 1358/3568/3534 1357/3571/3537
f 1249/3570/3536 1357/3571/3537 1250/3572/3538
f 1250/3572/3538 1357/3571/3537 1356/3573/3539
f 1250/3572/3538 1356/3573/3539 1251/3574/3540
f 1272/3575/3541 1379/3576/3542 1273/3577/3543
f 1273/3577/3543 1379/3576/3542 1378/3578/3544
f 1273/3577/3543 1378/3578/3544 1274/3579/3545
f 1274/3579/3545 1378/3578/3544 1377/3580/3546
f 1274/3579/3545 1377/3580/3546 1275/3581/3547
f 1275/3581/3547 1377/3580/3546 1376/3582/3548
f 1380/3583/3549 1379/3584/3550 1271/3585/3551
f 1271/3585/3551 1379/3584/3550 1272/3586/3552
# 1450 vertices
# 3586 texture params
# 3552 normals
# 3096 facets

# 3 groups
