# WaveFront *.obj file (generated by Autodesk ATF)

mtllib tvc stage 3.mtl

g Body5

v 2.185681 5.001158 3.802687
v 2.185681 4.996047 3.841510
v 2.185681 4.981062 3.877687
v 2.185681 4.957224 3.908753
v 2.185681 4.926158 3.932591
v 2.185681 4.889981 3.947576
v 2.185681 4.851158 3.952687
v 2.185681 4.812336 3.947576
v 2.185681 4.776158 3.932591
v 2.185681 4.745092 3.908753
v 2.185681 4.721255 3.877687
v 2.185681 4.706270 3.841510
v 2.185681 4.701158 3.802687
v 2.185681 4.706270 3.763864
v 2.185681 4.721255 3.727687
v 2.185681 4.745092 3.696621
v 2.185681 4.776158 3.672783
v 2.185681 4.812336 3.657798
v 2.185681 4.851158 3.652687
v 2.185681 4.889981 3.657798
v 2.185681 4.926158 3.672783
v 2.185681 4.957224 3.696621
v 2.185681 4.981062 3.727687
v 2.185681 4.996047 3.763864
v 2.095552 4.851158 3.802687
v 3.185681 5.001158 3.802687
v 3.185681 4.996047 3.841510
v 3.185681 4.981062 3.877687
v 3.185681 4.957224 3.908753
v 3.185681 4.926158 3.932591
v 3.185681 4.889981 3.947576
v 3.185681 4.851158 3.952687
v 3.185681 4.812336 3.947576
v 3.185681 4.776158 3.932591
v 3.185681 4.745092 3.908753
v 3.185681 4.721255 3.877687
v 3.185681 4.706270 3.841510
v 3.185681 4.701158 3.802687
v 3.185681 4.706270 3.763864
v 3.185681 4.721255 3.727687
v 3.185681 4.745092 3.696621
v 3.185681 4.776158 3.672783
v 3.185681 4.812336 3.657798
v 3.185681 4.851158 3.652687
v 3.185681 4.889981 3.657798
v 3.185681 4.926158 3.672783
v 3.185681 4.957224 3.696621
v 3.185681 4.981062 3.727687
v 3.185681 4.996047 3.763864
v 2.685681 4.701158 3.802687
v 2.685681 4.996047 3.841510
v 2.685681 5.001158 3.802687
v 2.685681 4.981062 3.877687
v 2.685681 4.957224 3.908753
v 2.685681 4.926158 3.932591
v 2.685681 4.889981 3.947576
v 2.685681 4.851158 3.952687
v 2.685681 4.812336 3.947576
v 2.685681 4.776158 3.932591
v 2.685681 4.745092 3.908753
v 2.685681 4.721255 3.877687
v 2.685681 4.706270 3.841510
v 2.685681 4.706270 3.763864
v 2.685681 4.721255 3.727687
v 2.685681 4.745092 3.696621
v 2.685681 4.776158 3.672783
v 2.685681 4.812336 3.657798
v 2.685681 4.851158 3.652687
v 2.685681 4.889981 3.657798
v 2.685681 4.926158 3.672783
v 2.685681 4.957224 3.696621
v 2.685681 4.981062 3.727687
v 2.685681 4.996047 3.763864
v 2.185681 5.001726 6.574498
v 2.185681 4.996615 6.613321
v 2.185681 4.981630 6.649498
v 2.185681 4.957792 6.680564
v 2.185681 4.926726 6.704402
v 2.185681 4.890549 6.719387
v 2.185681 4.851726 6.724498
v 2.185681 4.812903 6.719387
v 2.185681 4.776726 6.704402
v 2.185681 4.745660 6.680564
v 2.185681 4.721822 6.649498
v 2.185681 4.706837 6.613321
v 2.185681 4.701726 6.574498
v 2.185681 4.706837 6.535675
v 2.185681 4.721822 6.499498
v 2.185681 4.745660 6.468432
v 2.185681 4.776726 6.444594
v 2.185681 4.812903 6.429609
v 2.185681 4.851726 6.424498
v 2.185681 4.890549 6.429609
v 2.185681 4.926726 6.444594
v 2.185681 4.957792 6.468432
v 2.185681 4.981630 6.499498
v 2.185681 4.996615 6.535675
v 2.095552 4.851726 6.574498
v 3.185681 5.001726 6.574498
v 3.185681 4.996615 6.613321
v 3.185681 4.981630 6.649498
v 3.185681 4.957792 6.680564
v 3.185681 4.926726 6.704402
v 3.185681 4.890549 6.719387
v 3.185681 4.851726 6.724498
v 3.185681 4.812903 6.719387
v 3.185681 4.776726 6.704402
v 3.185681 4.745660 6.680564
v 3.185681 4.721822 6.649498
v 3.185681 4.706837 6.613321
v 3.185681 4.701726 6.574498
v 3.185681 4.706837 6.535675
v 3.185681 4.721822 6.499498
v 3.185681 4.745660 6.468432
v 3.185681 4.776726 6.444594
v 3.185681 4.812903 6.429609
v 3.185681 4.851726 6.424498
v 3.185681 4.890549 6.429609
v 3.185681 4.926726 6.444594
v 3.185681 4.957792 6.468432
v 3.185681 4.981630 6.499498
v 3.185681 4.996615 6.535675
v 2.685681 4.701726 6.574498
v 2.685681 4.996615 6.613321
v 2.685681 5.001726 6.574498
v 2.685681 4.981630 6.649498
v 2.685681 4.957792 6.680564
v 2.685681 4.926726 6.704402
v 2.685681 4.890549 6.719387
v 2.685681 4.851726 6.724498
v 2.685681 4.812903 6.719387
v 2.685681 4.776726 6.704402
v 2.685681 4.745660 6.680564
v 2.685681 4.721822 6.649498
v 2.685681 4.706837 6.613321
v 2.685681 4.706837 6.535675
v 2.685681 4.721822 6.499498
v 2.685681 4.745660 6.468432
v 2.685681 4.776726 6.444594
v 2.685681 4.812903 6.429609
v 2.685681 4.851726 6.424498
v 2.685681 4.890549 6.429609
v 2.685681 4.926726 6.444594
v 2.685681 4.957792 6.468432
v 2.685681 4.981630 6.499498
v 2.685681 4.996615 6.535675
v 1.515681 4.650731 3.506076
v 1.515681 4.650731 4.006076
v 1.515681 5.460730 4.006076
v 1.515681 5.460730 3.906076
v 1.515681 5.460730 3.506076
v 1.515681 4.245342 4.006076
v 1.515681 4.245342 3.506076
v 1.515681 4.000730 3.506076
v 1.515681 4.000730 6.856076
v 1.515681 5.460730 6.856076
v 1.515681 5.460730 6.456076
v 1.515681 5.460730 6.356076
v 1.515681 4.200730 6.356076
v 1.515681 4.200730 4.006076
v 1.911574 4.245342 3.506076
v 1.911574 4.650731 3.506076
v 3.185681 5.460730 3.506076
v 3.185681 4.000730 3.506076
v 3.185681 4.000730 6.856076
v 3.185681 5.460730 6.856076
v 2.228794 4.000730 6.156079
v 2.228794 4.000730 6.198030
v 2.270745 4.000730 6.198030
v 2.270745 4.000730 6.156079
v 2.425247 4.000730 6.156079
v 2.309012 4.000730 6.456079
v 2.351986 4.000730 6.456079
v 2.429953 4.000730 6.238139
v 2.434204 4.000730 6.225961
v 2.438290 4.000730 6.213729
v 2.442090 4.000730 6.201406
v 2.445710 4.000730 6.189026
v 2.449402 4.000730 6.201419
v 2.453286 4.000730 6.213750
v 2.457487 4.000730 6.225975
v 2.461877 4.000730 6.238139
v 2.542914 4.000730 6.456079
v 2.583432 4.000730 6.456079
v 2.465970 4.000730 6.156079
v 2.797689 4.000730 6.191481
v 2.797689 4.000730 6.156079
v 2.599394 4.000730 6.156079
v 2.599585 4.000730 6.162623
v 2.600257 4.000730 6.169085
v 2.601732 4.000730 6.175413
v 2.603691 4.000730 6.181659
v 2.608544 4.000730 6.192363
v 2.614080 4.000730 6.202657
v 2.620698 4.000730 6.212298
v 2.627941 4.000730 6.221563
v 2.639283 4.000730 6.233662
v 2.651046 4.000730 6.245319
v 2.663422 4.000730 6.256333
v 2.676133 4.000730 6.266993
v 2.693834 4.000730 6.281680
v 2.710963 4.000730 6.296949
v 2.727008 4.000730 6.313323
v 2.742232 4.000730 6.330533
v 2.748920 4.000730 6.340720
v 2.754380 4.000730 6.351364
v 2.757633 4.000730 6.362829
v 2.759421 4.000730 6.374838
v 2.758209 4.000730 6.385219
v 2.755526 4.000730 6.394975
v 2.750386 4.000730 6.403689
v 2.743766 4.000730 6.411775
v 2.734631 4.000730 6.418369
v 2.724893 4.000730 6.423369
v 2.714194 4.000730 6.425827
v 2.702941 4.000730 6.426816
v 2.691156 4.000730 6.425789
v 2.679975 4.000730 6.423197
v 2.669845 4.000730 6.417884
v 2.660376 4.000730 6.410854
v 2.653216 4.000730 6.400989
v 2.647840 4.000730 6.390446
v 2.645237 4.000730 6.378848
v 2.644210 4.000730 6.366652
v 2.606352 4.000730 6.370540
v 2.609386 4.000730 6.388687
v 2.614655 4.000730 6.405788
v 2.623865 4.000730 6.421041
v 2.635615 4.000730 6.435104
v 2.651156 4.000730 6.445061
v 2.667554 4.000730 6.452494
v 2.685280 4.000730 6.456009
v 2.703760 4.000730 6.457307
v 2.722502 4.000730 6.455872
v 2.740379 4.000730 6.452056
v 2.756732 4.000730 6.444053
v 2.772109 4.000730 6.433364
v 2.782780 4.000730 6.420391
v 2.791054 4.000730 6.406398
v 2.795353 4.000730 6.390713
v 2.797279 4.000730 6.374019
v 2.796677 4.000730 6.364912
v 2.795392 4.000730 6.355946
v 2.792985 4.000730 6.347213
v 2.789912 4.000730 6.338617
v 2.784840 4.000730 6.328773
v 2.779165 4.000730 6.319327
v 2.772569 4.000730 6.310487
v 2.765458 4.000730 6.301986
v 2.751882 4.000730 6.288127
v 2.737919 4.000730 6.274679
v 2.723433 4.000730 6.261787
v 2.708671 4.000730 6.249190
v 2.697761 4.000730 6.240049
v 2.686978 4.000730 6.230769
v 2.676439 4.000730 6.221216
v 2.666106 4.000730 6.211434
v 2.661862 4.000730 6.206722
v 2.657807 4.000730 6.201863
v 2.654078 4.000730 6.196752
v 2.650554 4.000730 6.191481
v 1.934524 4.000730 6.156079
v 1.934524 4.000730 6.420677
v 1.835683 4.000730 6.420677
v 1.835683 4.000730 6.456079
v 2.073473 4.000730 6.456079
v 2.073473 4.000730 6.420677
v 1.974223 4.000730 6.420677
v 1.974223 4.000730 6.156079
v 1.934524 3.960730 6.156079
v 1.934524 3.960730 6.420677
v 1.835683 3.960730 6.420677
v 1.835683 3.960730 6.456079
v 2.073473 3.960730 6.456079
v 2.073473 3.960730 6.420677
v 1.974223 3.960730 6.420677
v 1.974223 3.960730 6.156079
v 2.797689 3.960730 6.191481
v 2.797689 3.960730 6.156079
v 2.599394 3.960730 6.156079
v 2.599585 3.960730 6.162623
v 2.600257 3.960730 6.169085
v 2.601732 3.960730 6.175413
v 2.603691 3.960730 6.181659
v 2.608544 3.960730 6.192363
v 2.614080 3.960730 6.202657
v 2.620698 3.960730 6.212298
v 2.627941 3.960730 6.221563
v 2.639283 3.960730 6.233662
v 2.651046 3.960730 6.245319
v 2.663422 3.960730 6.256333
v 2.676133 3.960730 6.266993
v 2.693834 3.960730 6.281680
v 2.710963 3.960730 6.296949
v 2.727008 3.960730 6.313323
v 2.742232 3.960730 6.330533
v 2.748920 3.960730 6.340720
v 2.754380 3.960730 6.351364
v 2.757633 3.960730 6.362829
v 2.759421 3.960730 6.374838
v 2.758209 3.960730 6.385219
v 2.755526 3.960730 6.394975
v 2.750386 3.960730 6.403689
v 2.743766 3.960730 6.411775
v 2.734631 3.960730 6.418369
v 2.724893 3.960730 6.423369
v 2.714194 3.960730 6.425827
v 2.702941 3.960730 6.426816
v 2.691156 3.960730 6.425789
v 2.679975 3.960730 6.423197
v 2.669845 3.960730 6.417884
v 2.660376 3.960730 6.410854
v 2.653216 3.960730 6.400989
v 2.647840 3.960730 6.390446
v 2.645237 3.960730 6.378848
v 2.644210 3.960730 6.366652
v 2.606352 3.960730 6.370540
v 2.609386 3.960730 6.388687
v 2.614655 3.960730 6.405788
v 2.623865 3.960730 6.421041
v 2.635615 3.960730 6.435104
v 2.651156 3.960730 6.445061
v 2.667554 3.960730 6.452494
v 2.685280 3.960730 6.456009
v 2.703760 3.960730 6.457307
v 2.722502 3.960730 6.455872
v 2.740379 3.960730 6.452056
v 2.756732 3.960730 6.444053
v 2.772109 3.960730 6.433364
v 2.782780 3.960730 6.420391
v 2.791054 3.960730 6.406398
v 2.795353 3.960730 6.390713
v 2.797279 3.960730 6.374019
v 2.796677 3.960730 6.364912
v 2.795392 3.960730 6.355946
v 2.792985 3.960730 6.347213
v 2.789912 3.960730 6.338617
v 2.784840 3.960730 6.328773
v 2.779165 3.960730 6.319327
v 2.772569 3.960730 6.310487
v 2.765458 3.960730 6.301986
v 2.751882 3.960730 6.288127
v 2.737919 3.960730 6.274679
v 2.723433 3.960730 6.261787
v 2.708671 3.960730 6.249190
v 2.697761 3.960730 6.240049
v 2.686978 3.960730 6.230769
v 2.676439 3.960730 6.221216
v 2.666106 3.960730 6.211434
v 2.661862 3.960730 6.206722
v 2.657807 3.960730 6.201863
v 2.654078 3.960730 6.196752
v 2.650554 3.960730 6.191481
v 2.425247 3.960730 6.156079
v 2.309012 3.960730 6.456079
v 2.351986 3.960730 6.456079
v 2.429953 3.960730 6.238139
v 2.434204 3.960730 6.225961
v 2.438290 3.960730 6.213729
v 2.442090 3.960730 6.201406
v 2.445710 3.960730 6.189026
v 2.449402 3.960730 6.201419
v 2.453286 3.960730 6.213750
v 2.457487 3.960730 6.225975
v 2.461877 3.960730 6.238139
v 2.542914 3.960730 6.456079
v 2.583432 3.960730 6.456079
v 2.465970 3.960730 6.156079
v 2.228794 3.960730 6.156079
v 2.228794 3.960730 6.198030
v 2.270745 3.960730 6.198030
v 2.270745 3.960730 6.156079
v 1.911574 4.245342 4.006076
v 1.911574 4.650731 4.006076
v 3.185681 4.200730 4.006076
v 3.185681 5.460730 4.006076
v 3.185681 4.200730 6.356076
v 3.185681 5.460730 6.356076
vt -0.087498 -0.019635 0.000000
vt 0.087498 -0.019635 0.000000
vt -0.087498 -0.000000 0.000000
vt -0.087498 -0.058905 0.000000
vt 0.087498 -0.058905 0.000000
vt -0.087498 -0.039270 0.000000
vt -0.087498 -0.098175 0.000000
vt 0.087498 -0.098175 0.000000
vt -0.087498 -0.078540 0.000000
vt -0.087498 -0.137445 0.000000
vt 0.087498 -0.137445 0.000000
vt -0.087498 -0.117810 0.000000
vt -0.087498 -0.176715 0.000000
vt 0.087498 -0.176715 0.000000
vt -0.087498 -0.157080 0.000000
vt -0.087498 -0.215984 0.000000
vt 0.087498 -0.215984 0.000000
vt -0.087498 -0.196350 0.000000
vt -0.087498 0.215984 0.000000
vt 0.087498 0.215984 0.000000
vt -0.087498 0.235619 0.000000
vt -0.087498 0.176715 0.000000
vt 0.087498 0.176715 0.000000
vt -0.087498 0.196350 0.000000
vt -0.087498 0.137445 0.000000
vt 0.087498 0.137445 0.000000
vt -0.087498 0.157080 0.000000
vt -0.087498 0.098175 0.000000
vt 0.087498 0.098175 0.000000
vt -0.087498 0.117810 0.000000
vt -0.087498 0.058905 0.000000
vt 0.087498 0.058905 0.000000
vt -0.087498 0.078540 0.000000
vt -0.087498 0.019635 0.000000
vt 0.087498 0.019635 0.000000
vt -0.087498 0.039270 0.000000
vt -0.087498 -0.235619 0.000000
vt 0.087498 -0.235619 0.000000
vt 0.087498 -0.078540 0.000000
vt 0.087498 0.078540 0.000000
vt 0.087498 -0.196350 0.000000
vt 0.087498 -0.157080 0.000000
vt 0.087498 -0.117810 0.000000
vt 0.087498 -0.039270 0.000000
vt 0.087498 0.000000 0.000000
vt 0.087498 0.039270 0.000000
vt 0.087498 0.117810 0.000000
vt 0.087498 0.157080 0.000000
vt 0.087498 0.196350 0.000000
vt -0.500000 -0.039270 0.000000
vt -0.000000 -0.039270 0.000000
vt -0.500000 0.000000 0.000000
vt -0.000000 -0.000000 0.000000
vt -0.500000 0.039270 0.000000
vt -0.000000 0.039270 0.000000
vt -0.500000 0.078540 0.000000
vt -0.000000 0.078540 0.000000
vt -0.500000 0.117810 0.000000
vt -0.000000 0.117810 0.000000
vt -0.500000 0.157080 0.000000
vt -0.000000 0.157080 0.000000
vt -0.500000 0.196350 0.000000
vt -0.000000 0.196350 0.000000
vt -0.500000 0.235619 0.000000
vt -0.000000 0.235619 0.000000
vt -0.500000 0.274889 0.000000
vt -0.000000 0.274889 0.000000
vt -0.500000 0.314159 0.000000
vt -0.000000 0.314159 0.000000
vt -0.500000 0.353429 0.000000
vt -0.000000 0.353429 0.000000
vt -0.500000 0.392699 0.000000
vt -0.000000 0.392699 0.000000
vt -0.500000 0.431969 0.000000
vt -0.000000 0.431969 0.000000
vt -0.500000 0.471239 0.000000
vt -0.000000 0.471239 0.000000
vt -0.500000 -0.471239 0.000000
vt -0.000000 -0.471239 0.000000
vt -0.500000 -0.431969 0.000000
vt -0.000000 -0.431969 0.000000
vt -0.500000 -0.392699 0.000000
vt -0.000000 -0.392699 0.000000
vt -0.500000 -0.353429 0.000000
vt -0.000000 -0.353429 0.000000
vt -0.500000 -0.314159 0.000000
vt -0.000000 -0.314159 0.000000
vt -0.500000 -0.274889 0.000000
vt -0.000000 -0.274889 0.000000
vt -0.500000 -0.235619 0.000000
vt -0.000000 -0.235619 0.000000
vt -0.500000 -0.196350 0.000000
vt -0.000000 -0.196350 0.000000
vt -0.500000 -0.157080 0.000000
vt -0.000000 -0.157080 0.000000
vt -0.500000 -0.117810 0.000000
vt -0.000000 -0.117810 0.000000
vt -0.500000 -0.078540 0.000000
vt -0.000000 -0.078540 0.000000
vt 0.500000 0.039270 0.000000
vt 0.500000 -0.000000 0.000000
vt 0.500000 -0.039270 0.000000
vt 0.500000 -0.078540 0.000000
vt 0.500000 -0.117810 0.000000
vt 0.500000 -0.157080 0.000000
vt 0.500000 -0.196350 0.000000
vt 0.500000 -0.235619 0.000000
vt 0.500000 -0.274889 0.000000
vt 0.500000 -0.314159 0.000000
vt 0.500000 -0.353429 0.000000
vt 0.500000 -0.392699 0.000000
vt 0.500000 -0.431969 0.000000
vt 0.500000 -0.471239 0.000000
vt 0.500000 0.471239 0.000000
vt 0.500000 0.431969 0.000000
vt 0.500000 0.392699 0.000000
vt 0.500000 0.353429 0.000000
vt 0.500000 0.314159 0.000000
vt 0.500000 0.274889 0.000000
vt 0.500000 0.235619 0.000000
vt 0.500000 0.196350 0.000000
vt 0.500000 0.157080 0.000000
vt 0.500000 0.117810 0.000000
vt 0.500000 0.078540 0.000000
vt -0.087498 -0.019635 0.000000
vt 0.087498 -0.019635 0.000000
vt -0.087498 -0.000000 0.000000
vt -0.087498 -0.058905 0.000000
vt 0.087498 -0.058905 0.000000
vt -0.087498 -0.039270 0.000000
vt -0.087498 -0.098175 0.000000
vt 0.087498 -0.098175 0.000000
vt -0.087498 -0.078540 0.000000
vt -0.087498 -0.137445 0.000000
vt 0.087498 -0.137445 0.000000
vt -0.087498 -0.117810 0.000000
vt -0.087498 -0.176715 0.000000
vt 0.087498 -0.176715 0.000000
vt -0.087498 -0.157080 0.000000
vt -0.087498 -0.215984 0.000000
vt 0.087498 -0.215984 0.000000
vt -0.087498 -0.196350 0.000000
vt -0.087498 0.215984 0.000000
vt 0.087498 0.215984 0.000000
vt -0.087498 0.235619 0.000000
vt -0.087498 0.176715 0.000000
vt 0.087498 0.176715 0.000000
vt -0.087498 0.196350 0.000000
vt -0.087498 0.137445 0.000000
vt 0.087498 0.137445 0.000000
vt -0.087498 0.157080 0.000000
vt -0.087498 0.098175 0.000000
vt 0.087498 0.098175 0.000000
vt -0.087498 0.117810 0.000000
vt -0.087498 0.058905 0.000000
vt 0.087498 0.058905 0.000000
vt -0.087498 0.078540 0.000000
vt -0.087498 0.019635 0.000000
vt 0.087498 0.019635 0.000000
vt -0.087498 0.039270 0.000000
vt -0.087498 -0.235619 0.000000
vt 0.087498 -0.235619 0.000000
vt 0.087498 -0.078540 0.000000
vt 0.087498 0.078540 0.000000
vt 0.087498 -0.196350 0.000000
vt 0.087498 -0.157080 0.000000
vt 0.087498 -0.117810 0.000000
vt 0.087498 -0.039270 0.000000
vt 0.087498 0.000000 0.000000
vt 0.087498 0.039270 0.000000
vt 0.087498 0.117810 0.000000
vt 0.087498 0.157080 0.000000
vt 0.087498 0.196350 0.000000
vt -0.500000 -0.039270 0.000000
vt 0.000000 -0.039270 0.000000
vt -0.500000 0.000000 0.000000
vt -0.000000 -0.000000 0.000000
vt -0.500000 0.039270 0.000000
vt 0.000000 0.039270 0.000000
vt -0.500000 0.078540 0.000000
vt 0.000000 0.078540 0.000000
vt -0.500000 0.117810 0.000000
vt 0.000000 0.117810 0.000000
vt -0.500000 0.157080 0.000000
vt 0.000000 0.157080 0.000000
vt -0.500000 0.196350 0.000000
vt 0.000000 0.196350 0.000000
vt -0.500000 0.235619 0.000000
vt 0.000000 0.235619 0.000000
vt -0.500000 0.274889 0.000000
vt 0.000000 0.274889 0.000000
vt -0.500000 0.314159 0.000000
vt 0.000000 0.314159 0.000000
vt -0.500000 0.353429 0.000000
vt 0.000000 0.353429 0.000000
vt -0.500000 0.392699 0.000000
vt 0.000000 0.392699 0.000000
vt -0.500000 0.431969 0.000000
vt 0.000000 0.431969 0.000000
vt -0.500000 0.471239 0.000000
vt 0.000000 0.471239 0.000000
vt -0.500000 -0.471239 0.000000
vt 0.000000 -0.471239 0.000000
vt -0.500000 -0.431969 0.000000
vt 0.000000 -0.431969 0.000000
vt -0.500000 -0.392699 0.000000
vt 0.000000 -0.392699 0.000000
vt -0.500000 -0.353429 0.000000
vt 0.000000 -0.353429 0.000000
vt -0.500000 -0.314159 0.000000
vt 0.000000 -0.314159 0.000000
vt -0.500000 -0.274889 0.000000
vt 0.000000 -0.274889 0.000000
vt -0.500000 -0.235619 0.000000
vt 0.000000 -0.235619 0.000000
vt -0.500000 -0.196350 0.000000
vt 0.000000 -0.196350 0.000000
vt -0.500000 -0.157080 0.000000
vt 0.000000 -0.157080 0.000000
vt -0.500000 -0.117810 0.000000
vt 0.000000 -0.117810 0.000000
vt -0.500000 -0.078540 0.000000
vt 0.000000 -0.078540 0.000000
vt 0.500000 0.039270 0.000000
vt 0.500000 -0.000000 0.000000
vt 0.500000 -0.039270 0.000000
vt 0.500000 -0.078540 0.000000
vt 0.500000 -0.117810 0.000000
vt 0.500000 -0.157080 0.000000
vt 0.500000 -0.196350 0.000000
vt 0.500000 -0.235619 0.000000
vt 0.500000 -0.274889 0.000000
vt 0.500000 -0.314159 0.000000
vt 0.500000 -0.353429 0.000000
vt 0.500000 -0.392699 0.000000
vt 0.500000 -0.431969 0.000000
vt 0.500000 -0.471239 0.000000
vt 0.500000 0.471239 0.000000
vt 0.500000 0.431969 0.000000
vt 0.500000 0.392699 0.000000
vt 0.500000 0.353429 0.000000
vt 0.500000 0.314159 0.000000
vt 0.500000 0.274889 0.000000
vt 0.500000 0.235619 0.000000
vt 0.500000 0.196350 0.000000
vt 0.500000 0.157080 0.000000
vt 0.500000 0.117810 0.000000
vt 0.500000 0.078540 0.000000
vt -0.000000 0.040000 0.000000
vt -0.000000 0.849999 0.000000
vt -0.400000 0.040000 0.000000
vt -0.500000 0.849999 0.000000
vt -0.500000 0.040000 0.000000
vt -0.500000 1.255388 0.000000
vt -0.000000 1.255388 0.000000
vt -0.500000 1.300000 0.000000
vt -0.000000 1.500000 0.000000
vt -3.350000 1.500000 0.000000
vt -2.850000 1.300000 0.000000
vt -3.350000 0.040000 0.000000
vt -2.950000 0.040000 0.000000
vt -2.850000 0.040000 0.000000
vt -0.244612 1.670000 0.000000
vt -0.244612 1.274107 0.000000
vt 0.000000 1.670000 0.000000
vt 0.000000 0.000000 0.000000
vt -0.650001 1.274107 0.000000
vt -1.460000 -0.000000 0.000000
vt -1.460000 1.670000 0.000000
vt -0.650001 1.670000 0.000000
vt 1.460000 -0.000000 0.000000
vt 0.000000 0.000000 0.000000
vt 1.460000 -1.670000 0.000000
vt 0.000000 -1.670000 0.000000
vt -0.835000 -1.675000 0.000000
vt -0.514998 1.239600 0.000000
vt -0.835000 1.675000 0.000000
vt -0.514998 1.275003 0.000000
vt -0.277208 1.275003 0.000000
vt 0.835000 -1.675000 0.000000
vt 0.074566 0.975003 0.000000
vt -0.079936 0.975003 0.000000
vt -0.121887 0.975003 0.000000
vt 0.835000 1.675000 0.000000
vt 0.447008 0.975003 0.000000
vt 0.248713 0.975003 0.000000
vt 0.115289 0.975003 0.000000
vt 0.248905 0.981546 0.000000
vt 0.249576 0.988009 0.000000
vt 0.001305 1.275003 0.000000
vt 0.192233 1.275003 0.000000
vt 0.232751 1.275003 0.000000
vt -0.121887 1.016953 0.000000
vt -0.277208 1.239600 0.000000
vt -0.376457 0.975003 0.000000
vt -0.416157 0.975003 0.000000
vt -0.416157 1.239600 0.000000
vt -0.041669 1.275003 0.000000
vt -0.079936 1.016953 0.000000
vt 0.111196 1.057063 0.000000
vt 0.079273 1.057063 0.000000
vt 0.106806 1.044899 0.000000
vt 0.083524 1.044884 0.000000
vt 0.102605 1.032673 0.000000
vt 0.087609 1.032653 0.000000
vt 0.098722 1.020343 0.000000
vt 0.091409 1.020330 0.000000
vt 0.095030 1.007949 0.000000
vt 0.255671 1.189464 0.000000
vt 0.258706 1.207611 0.000000
vt 0.263974 1.224711 0.000000
vt 0.447008 1.010405 0.000000
vt 0.445996 1.183836 0.000000
vt 0.444712 1.174870 0.000000
vt 0.251052 0.994336 0.000000
vt 0.253011 1.000582 0.000000
vt 0.257864 1.011287 0.000000
vt 0.263399 1.021581 0.000000
vt 0.270018 1.031222 0.000000
vt 0.277260 1.040487 0.000000
vt 0.288603 1.052586 0.000000
vt 0.293529 1.185576 0.000000
vt 0.300365 1.064243 0.000000
vt 0.312741 1.075256 0.000000
vt 0.325453 1.085917 0.000000
vt 0.343153 1.100604 0.000000
vt 0.319164 1.236807 0.000000
vt 0.329295 1.242121 0.000000
vt 0.360283 1.115873 0.000000
vt 0.340476 1.244713 0.000000
vt 0.352260 1.245739 0.000000
vt 0.376328 1.132246 0.000000
vt 0.363514 1.244750 0.000000
vt 0.374212 1.242293 0.000000
vt 0.391551 1.149457 0.000000
vt 0.383950 1.237293 0.000000
vt 0.398240 1.159644 0.000000
vt 0.393086 1.230698 0.000000
vt 0.399705 1.222612 0.000000
vt 0.403700 1.170288 0.000000
vt 0.406952 1.181752 0.000000
vt 0.408741 1.193761 0.000000
vt 0.407529 1.204142 0.000000
vt 0.404846 1.213899 0.000000
vt 0.309696 1.229777 0.000000
vt 0.302536 1.219912 0.000000
vt 0.294557 1.197772 0.000000
vt 0.297159 1.209369 0.000000
vt 0.273184 1.239964 0.000000
vt 0.284934 1.254027 0.000000
vt 0.300475 1.263985 0.000000
vt 0.316873 1.271417 0.000000
vt 0.334600 1.274933 0.000000
vt 0.353079 1.276230 0.000000
vt 0.371822 1.274796 0.000000
vt 0.389698 1.270980 0.000000
vt 0.406052 1.262977 0.000000
vt 0.421428 1.252288 0.000000
vt 0.432100 1.239315 0.000000
vt 0.440373 1.225321 0.000000
vt 0.444672 1.209637 0.000000
vt 0.446599 1.192943 0.000000
vt 0.442304 1.166136 0.000000
vt 0.439232 1.157540 0.000000
vt 0.434159 1.147697 0.000000
vt 0.428484 1.138251 0.000000
vt 0.421889 1.129410 0.000000
vt 0.414777 1.120910 0.000000
vt 0.401201 1.107051 0.000000
vt 0.387238 1.093603 0.000000
vt 0.372753 1.080710 0.000000
vt 0.357990 1.068113 0.000000
vt 0.347081 1.058973 0.000000
vt 0.336297 1.049693 0.000000
vt 0.325758 1.040140 0.000000
vt 0.315425 1.030357 0.000000
vt 0.299873 1.010405 0.000000
vt 0.311181 1.025646 0.000000
vt 0.303398 1.015675 0.000000
vt 0.307126 1.020787 0.000000
vt -0.376457 1.239600 0.000000
vt -0.000000 0.000000 0.000000
vt 0.264598 -0.000000 0.000000
vt 0.000000 0.040000 0.000000
vt 0.264598 0.040000 0.000000
vt 0.000000 0.000000 0.000000
vt 0.098840 -0.000000 0.000000
vt 0.000000 0.040000 0.000000
vt 0.098840 0.040000 0.000000
vt -0.000000 0.000000 0.000000
vt 0.035402 -0.000000 0.000000
vt 0.000000 0.040000 0.000000
vt 0.035402 0.040000 0.000000
vt 0.000000 0.000000 0.000000
vt 0.237790 0.000000 0.000000
vt -0.000000 0.040000 0.000000
vt 0.237790 0.040000 0.000000
vt 0.000000 0.000000 0.000000
vt 0.035402 0.000000 0.000000
vt -0.000000 0.040000 0.000000
vt 0.035402 0.040000 0.000000
vt 0.000000 0.000000 0.000000
vt 0.099250 -0.000000 0.000000
vt 0.000000 0.040000 0.000000
vt 0.099250 0.040000 0.000000
vt 0.000000 0.000000 0.000000
vt 0.264598 0.000000 0.000000
vt -0.000000 0.040000 0.000000
vt 0.264598 0.040000 0.000000
vt 0.000000 0.000000 0.000000
vt 0.039700 -0.000000 0.000000
vt 0.000000 0.040000 0.000000
vt 0.039700 0.040000 0.000000
vt 0.150614 -0.342462 0.000000
vt -0.113984 -0.342462 0.000000
vt 0.150614 -0.382162 0.000000
vt -0.113984 -0.382162 0.000000
vt -0.149386 -0.481003 0.000000
vt -0.113984 -0.481003 0.000000
vt -0.113984 -0.243213 0.000000
vt -0.149386 -0.243213 0.000000
vt 0.000000 0.000000 0.000000
vt 0.035402 0.000000 0.000000
vt -0.000000 0.040000 0.000000
vt 0.035402 0.040000 0.000000
vt 0.000000 0.000000 0.000000
vt 0.198295 -0.000000 0.000000
vt 0.000000 0.040000 0.000000
vt 0.198295 0.040000 0.000000
vt -0.025938 0.000000 0.000000
vt -0.019454 0.000000 0.000000
vt -0.025938 0.040000 0.000000
vt -0.019454 0.040000 0.000000
vt -0.012969 0.000000 0.000000
vt -0.012969 0.040000 0.000000
vt -0.006485 0.000000 0.000000
vt -0.006485 0.040000 0.000000
vt 0.000000 0.000000 0.000000
vt 0.000000 0.040000 0.000000
vt -0.046696 0.000000 0.000000
vt -0.035022 0.000000 0.000000
vt -0.046696 0.040000 0.000000
vt -0.035022 0.040000 0.000000
vt -0.023348 0.000000 0.000000
vt -0.023348 0.040000 0.000000
vt -0.011674 0.000000 0.000000
vt -0.011674 0.040000 0.000000
vt 0.000000 0.000000 0.000000
vt 0.000000 0.040000 0.000000
vt -0.066231 0.000000 0.000000
vt -0.049674 0.000000 0.000000
vt -0.066231 0.040000 0.000000
vt -0.049674 0.040000 0.000000
vt -0.033116 0.000000 0.000000
vt -0.033116 0.040000 0.000000
vt -0.016558 0.000000 0.000000
vt -0.016558 0.040000 0.000000
vt 0.000000 0.000000 0.000000
vt 0.000000 0.040000 0.000000
vt -0.091697 0.000000 0.000000
vt -0.068773 0.000000 0.000000
vt -0.091697 0.040000 0.000000
vt -0.068773 0.040000 0.000000
vt -0.045849 0.000000 0.000000
vt -0.045849 0.040000 0.000000
vt -0.022924 0.000000 0.000000
vt -0.022924 0.040000 0.000000
vt 0.000000 0.000000 0.000000
vt 0.000000 0.040000 0.000000
vt -0.047535 0.000000 0.000000
vt -0.035651 0.000000 0.000000
vt -0.047535 0.040000 0.000000
vt -0.035651 0.040000 0.000000
vt -0.023768 0.000000 0.000000
vt -0.023768 0.040000 0.000000
vt -0.011884 0.000000 0.000000
vt -0.011884 0.040000 0.000000
vt 0.000000 0.000000 0.000000
vt 0.000000 0.040000 0.000000
vt -0.040118 0.000000 0.000000
vt -0.030088 0.000000 0.000000
vt -0.040118 0.040000 0.000000
vt -0.030088 0.040000 0.000000
vt -0.020059 0.000000 0.000000
vt -0.020059 0.040000 0.000000
vt -0.010029 0.000000 0.000000
vt -0.010029 0.040000 0.000000
vt 0.000000 0.000000 0.000000
vt 0.000000 0.040000 0.000000
vt -0.043511 0.000000 0.000000
vt -0.032633 0.000000 0.000000
vt -0.043511 0.040000 0.000000
vt -0.032633 0.040000 0.000000
vt -0.021756 0.000000 0.000000
vt -0.021756 0.040000 0.000000
vt -0.010878 0.000000 0.000000
vt -0.010878 0.040000 0.000000
vt 0.000000 0.000000 0.000000
vt 0.000000 0.040000 0.000000
vt -0.045466 0.000000 0.000000
vt -0.034099 0.000000 0.000000
vt -0.045466 0.040000 0.000000
vt -0.034099 0.040000 0.000000
vt -0.022733 0.000000 0.000000
vt -0.022733 0.040000 0.000000
vt -0.011366 0.000000 0.000000
vt -0.011366 0.040000 0.000000
vt 0.000000 0.000000 0.000000
vt 0.000000 0.040000 0.000000
vt -0.047074 0.000000 0.000000
vt -0.035306 0.000000 0.000000
vt -0.047074 0.040000 0.000000
vt -0.035306 0.040000 0.000000
vt -0.023537 0.000000 0.000000
vt -0.023537 0.040000 0.000000
vt -0.011769 0.000000 0.000000
vt -0.011769 0.040000 0.000000
vt 0.000000 0.000000 0.000000
vt 0.000000 0.040000 0.000000
vt 0.000000 0.000000 0.000000
vt 0.038057 -0.000000 0.000000
vt 0.000000 0.040000 0.000000
vt 0.038057 0.040000 0.000000
vt -0.070902 0.000000 0.000000
vt -0.053177 0.000000 0.000000
vt -0.070902 0.040000 0.000000
vt -0.053177 0.040000 0.000000
vt -0.035451 0.000000 0.000000
vt -0.035451 0.040000 0.000000
vt -0.017726 0.000000 0.000000
vt -0.017726 0.040000 0.000000
vt 0.000000 0.000000 0.000000
vt 0.000000 0.040000 0.000000
vt -0.071683 0.000000 0.000000
vt -0.053762 0.000000 0.000000
vt -0.071683 0.040000 0.000000
vt -0.053762 0.040000 0.000000
vt -0.035842 0.000000 0.000000
vt -0.035842 0.040000 0.000000
vt -0.017921 0.000000 0.000000
vt -0.017921 0.040000 0.000000
vt 0.000000 0.000000 0.000000
vt 0.000000 0.040000 0.000000
vt -0.072437 0.000000 0.000000
vt -0.054327 0.000000 0.000000
vt -0.072437 0.040000 0.000000
vt -0.054327 0.040000 0.000000
vt -0.036218 0.000000 0.000000
vt -0.036218 0.040000 0.000000
vt -0.018109 0.000000 0.000000
vt -0.018109 0.040000 0.000000
vt 0.000000 0.000000 0.000000
vt 0.000000 0.040000 0.000000
vt -0.064462 0.000000 0.000000
vt -0.048347 0.000000 0.000000
vt -0.064462 0.040000 0.000000
vt -0.048347 0.040000 0.000000
vt -0.032231 0.000000 0.000000
vt -0.032231 0.040000 0.000000
vt -0.016116 0.000000 0.000000
vt -0.016116 0.040000 0.000000
vt 0.000000 0.000000 0.000000
vt 0.000000 0.040000 0.000000
vt -0.036161 0.000000 0.000000
vt -0.027121 0.000000 0.000000
vt -0.036161 0.040000 0.000000
vt -0.027121 0.040000 0.000000
vt -0.018080 0.000000 0.000000
vt -0.018080 0.040000 0.000000
vt -0.009040 0.000000 0.000000
vt -0.009040 0.040000 0.000000
vt 0.000000 0.000000 0.000000
vt 0.000000 0.040000 0.000000
vt -0.044045 0.000000 0.000000
vt -0.033034 0.000000 0.000000
vt -0.044045 0.040000 0.000000
vt -0.033034 0.040000 0.000000
vt -0.022023 0.000000 0.000000
vt -0.022023 0.040000 0.000000
vt -0.011011 0.000000 0.000000
vt -0.011011 0.040000 0.000000
vt 0.000000 0.000000 0.000000
vt 0.000000 0.040000 0.000000
vt -0.077541 0.000000 0.000000
vt -0.058156 0.000000 0.000000
vt -0.077541 0.040000 0.000000
vt -0.058156 0.040000 0.000000
vt -0.038771 0.000000 0.000000
vt -0.038771 0.040000 0.000000
vt -0.019385 0.000000 0.000000
vt -0.019385 0.040000 0.000000
vt 0.000000 0.000000 0.000000
vt 0.000000 0.040000 0.000000
vt -0.056899 0.000000 0.000000
vt -0.042674 0.000000 0.000000
vt -0.056899 0.040000 0.000000
vt -0.042674 0.040000 0.000000
vt -0.028449 0.000000 0.000000
vt -0.028449 0.040000 0.000000
vt -0.014225 0.000000 0.000000
vt -0.014225 0.040000 0.000000
vt 0.000000 0.000000 0.000000
vt 0.000000 0.040000 0.000000
vt -0.025298 0.000000 0.000000
vt -0.018973 0.000000 0.000000
vt -0.025298 0.040000 0.000000
vt -0.018973 0.040000 0.000000
vt -0.012649 0.000000 0.000000
vt -0.012649 0.040000 0.000000
vt -0.006324 0.000000 0.000000
vt -0.006324 0.040000 0.000000
vt 0.000000 0.000000 0.000000
vt 0.000000 0.040000 0.000000
vt 0.000000 0.000000 0.000000
vt 0.147135 0.000000 0.000000
vt -0.000000 0.040000 0.000000
vt 0.147135 0.040000 0.000000
vt 0.481003 -0.115211 0.000000
vt 0.333868 -0.115211 0.000000
vt 0.481003 -0.150614 0.000000
vt 0.282708 -0.150614 0.000000
vt 0.282899 -0.144070 0.000000
vt 0.283571 -0.137608 0.000000
vt 0.285047 -0.131280 0.000000
vt 0.287005 -0.125034 0.000000
vt 0.291858 -0.114329 0.000000
vt 0.297394 -0.104036 0.000000
vt 0.304012 -0.094395 0.000000
vt 0.311255 -0.085130 0.000000
vt 0.322598 -0.073031 0.000000
vt 0.337392 -0.109941 0.000000
vt 0.341121 -0.104829 0.000000
vt 0.345176 -0.099971 0.000000
vt 0.334360 -0.061374 0.000000
vt 0.349420 -0.095259 0.000000
vt 0.346736 -0.050360 0.000000
vt 0.359753 -0.085477 0.000000
vt 0.370292 -0.075924 0.000000
vt 0.359448 -0.039700 0.000000
vt 0.381076 -0.066644 0.000000
vt 0.377148 -0.025013 0.000000
vt 0.391985 -0.057503 0.000000
vt 0.394278 -0.009744 0.000000
vt 0.406748 -0.044906 0.000000
vt 0.421233 -0.032014 0.000000
vt 0.410322 0.006630 0.000000
vt 0.435196 -0.018566 0.000000
vt 0.425546 0.023840 0.000000
vt 0.448772 -0.004707 0.000000
vt 0.432235 0.034027 0.000000
vt 0.455883 0.003794 0.000000
vt 0.437694 0.044671 0.000000
vt 0.462479 0.012634 0.000000
vt 0.468154 0.022080 0.000000
vt 0.440947 0.056136 0.000000
vt 0.473226 0.031924 0.000000
vt 0.476299 0.040520 0.000000
vt 0.442735 0.068145 0.000000
vt 0.478706 0.049253 0.000000
vt 0.479991 0.058219 0.000000
vt 0.480593 0.067326 0.000000
vt 0.478667 0.084020 0.000000
vt 0.441524 0.078526 0.000000
vt 0.474368 0.099705 0.000000
vt 0.466095 0.113698 0.000000
vt 0.438841 0.088282 0.000000
vt 0.455423 0.126671 0.000000
vt 0.433700 0.096996 0.000000
vt 0.440046 0.137360 0.000000
vt 0.427080 0.105082 0.000000
vt 0.423693 0.145364 0.000000
vt 0.417945 0.111676 0.000000
vt 0.408207 0.116676 0.000000
vt 0.405816 0.149179 0.000000
vt 0.397508 0.119134 0.000000
vt 0.387074 0.150614 0.000000
vt 0.386255 0.120123 0.000000
vt 0.374470 0.119096 0.000000
vt 0.368595 0.149316 0.000000
vt 0.363290 0.116504 0.000000
vt 0.350868 0.145801 0.000000
vt 0.353159 0.111191 0.000000
vt 0.334470 0.138369 0.000000
vt 0.343690 0.104161 0.000000
vt 0.318929 0.128411 0.000000
vt 0.336530 0.094296 0.000000
vt 0.307179 0.114348 0.000000
vt 0.331154 0.083753 0.000000
vt 0.297969 0.099095 0.000000
vt 0.328552 0.072155 0.000000
vt 0.292700 0.081995 0.000000
vt 0.327524 0.059959 0.000000
vt 0.289666 0.063847 0.000000
vt 0.000000 0.000000 0.000000
vt 0.321730 -0.000000 0.000000
vt -0.000000 0.040000 0.000000
vt 0.321730 0.040000 0.000000
vt 0.000000 0.000000 0.000000
vt 0.042974 0.000000 0.000000
vt -0.000000 0.040000 0.000000
vt 0.042974 0.040000 0.000000
vt 0.000000 0.000000 0.000000
vt 0.231466 0.000000 0.000000
vt -0.000000 0.040000 0.000000
vt 0.231466 0.040000 0.000000
vt -0.051579 0.000000 0.000000
vt -0.038684 0.000000 0.000000
vt -0.051579 0.040000 0.000000
vt -0.038684 0.040000 0.000000
vt -0.025790 0.000000 0.000000
vt -0.025790 0.040000 0.000000
vt -0.012895 0.000000 0.000000
vt -0.012895 0.040000 0.000000
vt 0.000000 0.000000 0.000000
vt 0.000000 0.040000 0.000000
vt -0.051706 0.000000 0.000000
vt -0.038779 0.000000 0.000000
vt -0.051706 0.040000 0.000000
vt -0.038779 0.040000 0.000000
vt -0.025853 0.000000 0.000000
vt -0.025853 0.040000 0.000000
vt -0.012926 0.000000 0.000000
vt -0.012926 0.040000 0.000000
vt 0.000000 0.000000 0.000000
vt 0.000000 0.040000 0.000000
vt -0.000000 0.000000 0.000000
vt 0.232518 -0.000000 0.000000
vt 0.000000 0.040000 0.000000
vt 0.232518 0.040000 0.000000
vt 0.000000 0.000000 0.000000
vt 0.040518 0.000000 0.000000
vt -0.000000 0.040000 0.000000
vt 0.040518 0.040000 0.000000
vt 0.000000 0.000000 0.000000
vt 0.322176 0.000000 0.000000
vt -0.000000 0.040000 0.000000
vt 0.322176 0.040000 0.000000
vt 0.000000 0.000000 0.000000
vt 0.040723 -0.000000 0.000000
vt -0.000000 0.040000 0.000000
vt 0.040723 0.040000 0.000000
vt 0.149284 -0.150614 0.000000
vt 0.129025 -0.117667 0.000000
vt 0.108561 -0.150614 0.000000
vt 0.125404 -0.105287 0.000000
vt 0.121604 -0.092964 0.000000
vt 0.266746 0.149386 0.000000
vt 0.145191 -0.068554 0.000000
vt 0.140801 -0.080718 0.000000
vt 0.136600 -0.092943 0.000000
vt 0.226228 0.149386 0.000000
vt 0.132716 -0.105274 0.000000
vt 0.117518 -0.080732 0.000000
vt 0.113267 -0.068554 0.000000
vt -0.007674 0.149386 0.000000
vt 0.035300 0.149386 0.000000
vt -0.000000 0.000000 0.000000
vt 0.041951 -0.000000 0.000000
vt 0.000000 0.040000 0.000000
vt 0.041951 0.040000 0.000000
vt 0.000000 0.000000 0.000000
vt 0.041951 0.000000 0.000000
vt -0.000000 0.040000 0.000000
vt 0.041951 0.040000 0.000000
vt 0.000000 0.000000 0.000000
vt 0.041951 0.000000 0.000000
vt -0.000000 0.040000 0.000000
vt 0.041951 0.040000 0.000000
vt 0.000000 0.000000 0.000000
vt 0.041951 -0.000000 0.000000
vt 0.000000 0.040000 0.000000
vt 0.041951 0.040000 0.000000
vt 0.150614 -0.045941 0.000000
vt 0.108663 -0.045941 0.000000
vt 0.150614 -0.087892 0.000000
vt 0.108663 -0.087892 0.000000
vt -0.175894 1.549997 0.000000
vt 0.219998 1.549997 0.000000
vt -0.175894 2.049997 0.000000
vt 0.219998 2.049997 0.000000
vt -0.405389 1.549997 0.000000
vt 0.000000 1.549997 0.000000
vt -0.405389 2.049997 0.000000
vt 0.000000 2.049997 0.000000
vt -0.395893 1.549997 0.000000
vt -0.000000 1.549997 0.000000
vt -0.395893 2.049997 0.000000
vt 0.000000 2.049997 0.000000
vt 0.000000 0.044612 0.000000
vt 0.000000 0.000000 0.000000
vt 0.395893 0.044612 0.000000
vt 1.670000 0.000000 0.000000
vt 0.395893 0.450001 0.000000
vt 1.670000 1.260000 0.000000
vt 0.000000 1.260000 0.000000
vt 0.000000 0.450001 0.000000
vt 0.835000 0.050000 0.000000
vt -0.835000 0.050000 0.000000
vt 0.835000 -0.050000 0.000000
vt -0.835000 -0.450000 0.000000
vt 0.835000 -0.450000 0.000000
vt 0.000000 0.000000 0.000000
vt 1.670000 0.000000 0.000000
vt -0.000000 1.260000 0.000000
vt 1.670000 1.260000 0.000000
vt 0.835000 -0.050000 0.000000
vt 0.835000 0.050000 0.000000
vt -0.835000 -0.050000 0.000000
vt -0.835000 0.450000 0.000000
vt 0.835000 0.450000 0.000000
vt 2.692212 0.995317 0.000000
vt 2.950000 1.460000 0.000000
vt 2.653389 1.000428 0.000000
vt 2.450000 1.460000 0.000000
vt 2.614566 0.995317 0.000000
vt 2.578389 0.980332 0.000000
vt 2.547323 0.956494 0.000000
vt 2.523485 0.925428 0.000000
vt 2.508500 0.889251 0.000000
vt 2.503389 0.850428 0.000000
vt 2.450000 0.200000 0.000000
vt 2.508500 0.811605 0.000000
vt 2.523485 0.775428 0.000000
vt 2.547323 0.744362 0.000000
vt 2.578389 0.720524 0.000000
vt 2.614566 0.705539 0.000000
vt 2.653389 0.700428 0.000000
vt 2.692212 0.705539 0.000000
vt 2.950000 0.000000 0.000000
vt 2.728389 0.720524 0.000000
vt 2.759455 0.744362 0.000000
vt 2.783293 0.775428 0.000000
vt 2.798278 0.811605 0.000000
vt 2.803389 0.850428 0.000000
vt 2.798278 0.889251 0.000000
vt 2.783293 0.925428 0.000000
vt 2.759455 0.956494 0.000000
vt 2.728389 0.980332 0.000000
vt -0.079599 0.995885 0.000000
vt 0.100000 1.460000 0.000000
vt -0.118421 1.000996 0.000000
vt -0.400000 1.460000 0.000000
vt -0.157244 0.995885 0.000000
vt -0.193421 0.980900 0.000000
vt -0.224487 0.957062 0.000000
vt -0.248325 0.925996 0.000000
vt -0.263310 0.889819 0.000000
vt -0.268421 0.850996 0.000000
vt -0.400000 -0.000000 0.000000
vt -0.263310 0.812173 0.000000
vt -0.248325 0.775996 0.000000
vt -0.224487 0.744930 0.000000
vt -0.193421 0.721092 0.000000
vt -0.157244 0.706107 0.000000
vt 0.100000 0.200000 0.000000
vt -0.118421 0.700996 0.000000
vt -0.079599 0.706107 0.000000
vt -0.043421 0.721092 0.000000
vt -0.012355 0.744930 0.000000
vt 0.011482 0.775996 0.000000
vt 0.026467 0.812173 0.000000
vt 0.031579 0.850996 0.000000
vt 0.026467 0.889819 0.000000
vt 0.011482 0.925996 0.000000
vt -0.012355 0.957062 0.000000
vt -0.043421 0.980900 0.000000
vt -0.835000 -1.175000 0.000000
vt 0.835000 -1.175000 0.000000
vt -0.835000 1.175000 0.000000
vt 0.835000 1.175000 0.000000
vn 0.857167 -0.497489 -0.133302
vn 0.857167 -0.497489 -0.133302
vn 0.857167 -0.515038 -0.000000
vn 0.857167 -0.364187 -0.364187
vn 0.857167 -0.364187 -0.364187
vn 0.857167 -0.446036 -0.257519
vn 0.857167 -0.133302 -0.497489
vn 0.857167 -0.133302 -0.497489
vn 0.857167 -0.257519 -0.446036
vn 0.857167 0.133302 -0.497489
vn 0.857167 0.133302 -0.497489
vn 0.857167 -0.000000 -0.515038
vn 0.857167 0.364187 -0.364187
vn 0.857167 0.364187 -0.364187
vn 0.857167 0.257519 -0.446036
vn 0.857167 0.497489 -0.133302
vn 0.857167 0.497489 -0.133302
vn 0.857167 0.446036 -0.257519
vn 0.857167 0.497489 0.133302
vn 0.857167 0.497489 0.133302
vn 0.857167 0.515038 -0.000000
vn 0.857167 0.364187 0.364187
vn 0.857167 0.364187 0.364187
vn 0.857167 0.446036 0.257519
vn 0.857167 0.133302 0.497489
vn 0.857167 0.133302 0.497489
vn 0.857167 0.257519 0.446036
vn 0.857167 -0.133302 0.497489
vn 0.857167 -0.133302 0.497489
vn 0.857167 -0.000000 0.515038
vn 0.857167 -0.364187 0.364187
vn 0.857167 -0.364187 0.364187
vn 0.857167 -0.257519 0.446036
vn 0.857167 -0.497489 0.133302
vn 0.857167 -0.497489 0.133302
vn 0.857167 -0.446036 0.257519
vn 0.857167 0.515038 -0.000000
vn 0.857167 -0.257519 -0.446036
vn 0.857167 -0.257519 0.446036
vn 0.857167 0.446036 -0.257519
vn 0.857167 0.257519 -0.446036
vn 0.857167 -0.000000 -0.515038
vn 0.857167 -0.446036 -0.257519
vn 0.857167 -0.515038 -0.000000
vn 0.857167 -0.446036 0.257519
vn 0.857167 -0.000000 0.515038
vn 0.857167 0.257519 0.446036
vn 0.857167 0.446036 0.257519
vn -0.000000 -0.965926 -0.258819
vn -0.000000 -0.965926 -0.258819
vn -0.000000 -1.000000 0.000000
vn -0.000000 -1.000000 -0.000000
vn -0.000000 -0.965926 0.258819
vn -0.000000 -0.965926 0.258819
vn 0.000000 -0.866025 0.500000
vn 0.000000 -0.866025 0.500000
vn 0.000000 -0.707107 0.707107
vn 0.000000 -0.707107 0.707107
vn 0.000000 -0.500000 0.866025
vn 0.000000 -0.500000 0.866025
vn 0.000000 -0.258819 0.965926
vn 0.000000 -0.258819 0.965926
vn 0.000000 -0.000000 1.000000
vn 0.000000 -0.000000 1.000000
vn 0.000000 0.258819 0.965926
vn 0.000000 0.258819 0.965926
vn 0.000000 0.500000 0.866025
vn 0.000000 0.500000 0.866025
vn 0.000000 0.707107 0.707107
vn 0.000000 0.707107 0.707107
vn 0.000000 0.866025 0.500000
vn 0.000000 0.866025 0.500000
vn 0.000000 0.965926 0.258819
vn 0.000000 0.965926 0.258819
vn 0.000000 1.000000 0.000000
vn 0.000000 1.000000 0.000000
vn 0.000000 0.965926 -0.258819
vn 0.000000 0.965926 -0.258819
vn -0.000000 0.866025 -0.500000
vn -0.000000 0.866025 -0.500000
vn -0.000000 0.707107 -0.707107
vn -0.000000 0.707107 -0.707107
vn -0.000000 0.500000 -0.866025
vn -0.000000 0.500000 -0.866025
vn -0.000000 0.258819 -0.965926
vn -0.000000 0.258819 -0.965926
vn -0.000000 -0.000000 -1.000000
vn -0.000000 -0.000000 -1.000000
vn -0.000000 -0.258819 -0.965926
vn -0.000000 -0.258819 -0.965926
vn -0.000000 -0.500000 -0.866025
vn -0.000000 -0.500000 -0.866025
vn -0.000000 -0.707107 -0.707107
vn -0.000000 -0.707107 -0.707107
vn -0.000000 -0.866025 -0.500000
vn -0.000000 -0.866025 -0.500000
vn -0.000000 -0.965926 0.258819
vn -0.000000 -1.000000 -0.000000
vn -0.000000 -0.965926 -0.258819
vn -0.000000 -0.866025 -0.500000
vn -0.000000 -0.707107 -0.707107
vn -0.000000 -0.500000 -0.866025
vn -0.000000 -0.258819 -0.965926
vn -0.000000 -0.000000 -1.000000
vn -0.000000 0.258819 -0.965926
vn -0.000000 0.500000 -0.866025
vn -0.000000 0.707107 -0.707107
vn -0.000000 0.866025 -0.500000
vn 0.000000 0.965926 -0.258819
vn 0.000000 1.000000 -0.000000
vn 0.000000 0.965926 0.258819
vn 0.000000 0.866025 0.500000
vn 0.000000 0.707107 0.707107
vn 0.000000 0.500000 0.866025
vn 0.000000 0.258819 0.965926
vn 0.000000 -0.000000 1.000000
vn 0.000000 -0.258819 0.965926
vn 0.000000 -0.500000 0.866025
vn 0.000000 -0.707107 0.707107
vn 0.000000 -0.866025 0.500000
vn 0.857167 -0.497489 -0.133302
vn 0.857167 -0.497489 -0.133302
vn 0.857167 -0.515038 -0.000000
vn 0.857167 -0.364187 -0.364187
vn 0.857167 -0.364187 -0.364187
vn 0.857167 -0.446036 -0.257519
vn 0.857167 -0.133302 -0.497489
vn 0.857167 -0.133302 -0.497489
vn 0.857167 -0.257519 -0.446036
vn 0.857167 0.133302 -0.497489
vn 0.857167 0.133302 -0.497489
vn 0.857167 -0.000000 -0.515038
vn 0.857167 0.364187 -0.364187
vn 0.857167 0.364187 -0.364187
vn 0.857167 0.257519 -0.446036
vn 0.857167 0.497489 -0.133302
vn 0.857167 0.497489 -0.133302
vn 0.857167 0.446036 -0.257519
vn 0.857167 0.497489 0.133302
vn 0.857167 0.497489 0.133302
vn 0.857167 0.515038 -0.000000
vn 0.857167 0.364187 0.364187
vn 0.857167 0.364187 0.364187
vn 0.857167 0.446036 0.257519
vn 0.857167 0.133302 0.497489
vn 0.857167 0.133302 0.497489
vn 0.857167 0.257519 0.446036
vn 0.857167 -0.133302 0.497489
vn 0.857167 -0.133302 0.497489
vn 0.857167 -0.000000 0.515038
vn 0.857167 -0.364187 0.364187
vn 0.857167 -0.364187 0.364187
vn 0.857167 -0.257519 0.446036
vn 0.857167 -0.497489 0.133302
vn 0.857167 -0.497489 0.133302
vn 0.857167 -0.446036 0.257519
vn 0.857167 0.515038 -0.000000
vn 0.857167 -0.257519 -0.446036
vn 0.857167 -0.257519 0.446036
vn 0.857167 0.446036 -0.257519
vn 0.857167 0.257519 -0.446036
vn 0.857167 -0.000000 -0.515038
vn 0.857167 -0.446036 -0.257519
vn 0.857167 -0.515038 -0.000000
vn 0.857167 -0.446036 0.257519
vn 0.857167 -0.000000 0.515038
vn 0.857167 0.257519 0.446036
vn 0.857167 0.446036 0.257519
vn -0.000000 -0.965926 -0.258819
vn -0.000000 -0.965926 -0.258819
vn -0.000000 -1.000000 0.000000
vn -0.000000 -1.000000 -0.000000
vn -0.000000 -0.965926 0.258819
vn -0.000000 -0.965926 0.258819
vn 0.000000 -0.866025 0.500000
vn 0.000000 -0.866025 0.500000
vn 0.000000 -0.707107 0.707107
vn 0.000000 -0.707107 0.707107
vn 0.000000 -0.500000 0.866025
vn 0.000000 -0.500000 0.866025
vn 0.000000 -0.258819 0.965926
vn 0.000000 -0.258819 0.965926
vn 0.000000 -0.000000 1.000000
vn 0.000000 -0.000000 1.000000
vn 0.000000 0.258819 0.965926
vn 0.000000 0.258819 0.965926
vn 0.000000 0.500000 0.866025
vn 0.000000 0.500000 0.866025
vn 0.000000 0.707107 0.707107
vn 0.000000 0.707107 0.707107
vn 0.000000 0.866025 0.500000
vn 0.000000 0.866025 0.500000
vn 0.000000 0.965926 0.258819
vn 0.000000 0.965926 0.258819
vn 0.000000 1.000000 0.000000
vn 0.000000 1.000000 0.000000
vn 0.000000 0.965926 -0.258819
vn 0.000000 0.965926 -0.258819
vn -0.000000 0.866025 -0.500000
vn -0.000000 0.866025 -0.500000
vn -0.000000 0.707107 -0.707107
vn -0.000000 0.707107 -0.707107
vn -0.000000 0.500000 -0.866025
vn -0.000000 0.500000 -0.866025
vn -0.000000 0.258819 -0.965926
vn -0.000000 0.258819 -0.965926
vn -0.000000 -0.000000 -1.000000
vn -0.000000 -0.000000 -1.000000
vn -0.000000 -0.258819 -0.965926
vn -0.000000 -0.258819 -0.965926
vn -0.000000 -0.500000 -0.866025
vn -0.000000 -0.500000 -0.866025
vn -0.000000 -0.707107 -0.707107
vn -0.000000 -0.707107 -0.707107
vn -0.000000 -0.866025 -0.500000
vn -0.000000 -0.866025 -0.500000
vn -0.000000 -0.965926 0.258819
vn -0.000000 -1.000000 -0.000000
vn -0.000000 -0.965926 -0.258819
vn -0.000000 -0.866025 -0.500000
vn -0.000000 -0.707107 -0.707107
vn -0.000000 -0.500000 -0.866025
vn -0.000000 -0.258819 -0.965926
vn -0.000000 -0.000000 -1.000000
vn -0.000000 0.258819 -0.965926
vn -0.000000 0.500000 -0.866025
vn -0.000000 0.707107 -0.707107
vn -0.000000 0.866025 -0.500000
vn 0.000000 0.965926 -0.258819
vn 0.000000 1.000000 -0.000000
vn 0.000000 0.965926 0.258819
vn 0.000000 0.866025 0.500000
vn 0.000000 0.707107 0.707107
vn 0.000000 0.500000 0.866025
vn 0.000000 0.258819 0.965926
vn 0.000000 -0.000000 1.000000
vn 0.000000 -0.258819 0.965926
vn 0.000000 -0.500000 0.866025
vn 0.000000 -0.707107 0.707107
vn 0.000000 -0.866025 0.500000
vn -1.000000 0.000000 0.000000
vn -1.000000 0.000000 0.000000
vn -1.000000 0.000000 0.000000
vn -1.000000 0.000000 0.000000
vn -1.000000 0.000000 0.000000
vn -1.000000 0.000000 0.000000
vn -1.000000 0.000000 0.000000
vn -1.000000 0.000000 0.000000
vn -1.000000 0.000000 0.000000
vn -1.000000 0.000000 0.000000
vn -1.000000 0.000000 0.000000
vn -1.000000 0.000000 0.000000
vn -1.000000 0.000000 0.000000
vn -1.000000 0.000000 0.000000
vn -0.000000 -0.000000 -1.000000
vn -0.000000 -0.000000 -1.000000
vn -0.000000 -0.000000 -1.000000
vn -0.000000 -0.000000 -1.000000
vn -0.000000 -0.000000 -1.000000
vn -0.000000 -0.000000 -1.000000
vn -0.000000 -0.000000 -1.000000
vn -0.000000 -0.000000 -1.000000
vn 0.000000 0.000000 1.000000
vn 0.000000 0.000000 1.000000
vn 0.000000 0.000000 1.000000
vn 0.000000 0.000000 1.000000
vn -0.000000 -1.000000 0.000000
vn -0.000000 -1.000000 0.000000
vn -0.000000 -1.000000 0.000000
vn -0.000000 -1.000000 0.000000
vn -0.000000 -1.000000 0.000000
vn -0.000000 -1.000000 0.000000
vn -0.000000 -1.000000 0.000000
vn -0.000000 -1.000000 0.000000
vn -0.000000 -1.000000 0.000000
vn -0.000000 -1.000000 0.000000
vn -0.000000 -1.000000 0.000000
vn -0.000000 -1.000000 0.000000
vn -0.000000 -1.000000 0.000000
vn -0.000000 -1.000000 0.000000
vn -0.000000 -1.000000 0.000000
vn -0.000000 -1.000000 0.000000
vn -0.000000 -1.000000 0.000000
vn -0.000000 -1.000000 0.000000
vn -0.000000 -1.000000 0.000000
vn -0.000000 -1.000000 0.000000
vn -0.000000 -1.000000 0.000000
vn -0.000000 -1.000000 0.000000
vn -0.000000 -1.000000 0.000000
vn -0.000000 -1.000000 0.000000
vn -0.000000 -1.000000 0.000000
vn -0.000000 -1.000000 0.000000
vn -0.000000 -1.000000 0.000000
vn -0.000000 -1.000000 0.000000
vn -0.000000 -1.000000 0.000000
vn -0.000000 -1.000000 0.000000
vn -0.000000 -1.000000 0.000000
vn -0.000000 -1.000000 0.000000
vn -0.000000 -1.000000 0.000000
vn -0.000000 -1.000000 0.000000
vn -0.000000 -1.000000 0.000000
vn -0.000000 -1.000000 0.000000
vn -0.000000 -1.000000 0.000000
vn -0.000000 -1.000000 0.000000
vn -0.000000 -1.000000 0.000000
vn -0.000000 -1.000000 0.000000
vn -0.000000 -1.000000 0.000000
vn -0.000000 -1.000000 0.000000
vn -0.000000 -1.000000 0.000000
vn -0.000000 -1.000000 0.000000
vn -0.000000 -1.000000 0.000000
vn -0.000000 -1.000000 0.000000
vn -0.000000 -1.000000 0.000000
vn -0.000000 -1.000000 0.000000
vn -0.000000 -1.000000 0.000000
vn -0.000000 -1.000000 0.000000
vn -0.000000 -1.000000 0.000000
vn -0.000000 -1.000000 0.000000
vn -0.000000 -1.000000 0.000000
vn -0.000000 -1.000000 0.000000
vn -0.000000 -1.000000 0.000000
vn -0.000000 -1.000000 0.000000
vn -0.000000 -1.000000 0.000000
vn -0.000000 -1.000000 0.000000
vn -0.000000 -1.000000 0.000000
vn -0.000000 -1.000000 0.000000
vn -0.000000 -1.000000 0.000000
vn -0.000000 -1.000000 0.000000
vn -0.000000 -1.000000 0.000000
vn -0.000000 -1.000000 0.000000
vn -0.000000 -1.000000 0.000000
vn -0.000000 -1.000000 0.000000
vn -0.000000 -1.000000 0.000000
vn -0.000000 -1.000000 0.000000
vn -0.000000 -1.000000 0.000000
vn -0.000000 -1.000000 0.000000
vn -0.000000 -1.000000 0.000000
vn -0.000000 -1.000000 0.000000
vn -0.000000 -1.000000 0.000000
vn -0.000000 -1.000000 0.000000
vn -0.000000 -1.000000 0.000000
vn -0.000000 -1.000000 0.000000
vn -0.000000 -1.000000 0.000000
vn -0.000000 -1.000000 0.000000
vn -0.000000 -1.000000 0.000000
vn -0.000000 -1.000000 0.000000
vn -0.000000 -1.000000 0.000000
vn -0.000000 -1.000000 0.000000
vn -0.000000 -1.000000 0.000000
vn -0.000000 -1.000000 0.000000
vn -0.000000 -1.000000 0.000000
vn -0.000000 -1.000000 0.000000
vn -0.000000 -1.000000 0.000000
vn -0.000000 -1.000000 0.000000
vn -0.000000 -1.000000 0.000000
vn -0.000000 -1.000000 0.000000
vn -0.000000 -1.000000 0.000000
vn -0.000000 -1.000000 0.000000
vn -0.000000 -1.000000 0.000000
vn -0.000000 -1.000000 0.000000
vn -0.000000 -1.000000 0.000000
vn -0.000000 -1.000000 0.000000
vn -0.000000 -1.000000 0.000000
vn -0.000000 -1.000000 0.000000
vn -0.000000 -1.000000 0.000000
vn -0.000000 -1.000000 0.000000
vn -0.000000 -1.000000 0.000000
vn -0.000000 -1.000000 0.000000
vn -0.000000 -1.000000 0.000000
vn -0.000000 -1.000000 0.000000
vn -0.000000 -1.000000 0.000000
vn -0.000000 -1.000000 0.000000
vn -0.000000 -1.000000 0.000000
vn -1.000000 0.000000 0.000000
vn -1.000000 0.000000 0.000000
vn -1.000000 0.000000 0.000000
vn -1.000000 0.000000 0.000000
vn -0.000000 -0.000000 -1.000000
vn -0.000000 -0.000000 -1.000000
vn -0.000000 -0.000000 -1.000000
vn -0.000000 -0.000000 -1.000000
vn -1.000000 0.000000 0.000000
vn -1.000000 0.000000 0.000000
vn -1.000000 0.000000 0.000000
vn -1.000000 0.000000 0.000000
vn 0.000000 0.000000 1.000000
vn 0.000000 0.000000 1.000000
vn 0.000000 0.000000 1.000000
vn 0.000000 0.000000 1.000000
vn 1.000000 -0.000000 -0.000000
vn 1.000000 -0.000000 -0.000000
vn 1.000000 -0.000000 -0.000000
vn 1.000000 -0.000000 -0.000000
vn -0.000000 -0.000000 -1.000000
vn -0.000000 -0.000000 -1.000000
vn -0.000000 -0.000000 -1.000000
vn -0.000000 -0.000000 -1.000000
vn 1.000000 -0.000000 -0.000000
vn 1.000000 -0.000000 -0.000000
vn 1.000000 -0.000000 -0.000000
vn 1.000000 -0.000000 -0.000000
vn -0.000000 -0.000000 -1.000000
vn -0.000000 -0.000000 -1.000000
vn -0.000000 -0.000000 -1.000000
vn -0.000000 -0.000000 -1.000000
vn -0.000000 -1.000000 0.000000
vn -0.000000 -1.000000 0.000000
vn -0.000000 -1.000000 0.000000
vn -0.000000 -1.000000 0.000000
vn -0.000000 -1.000000 0.000000
vn -0.000000 -1.000000 0.000000
vn -0.000000 -1.000000 0.000000
vn -0.000000 -1.000000 0.000000
vn 1.000000 -0.000000 -0.000000
vn 1.000000 -0.000000 -0.000000
vn 1.000000 -0.000000 -0.000000
vn 1.000000 -0.000000 -0.000000
vn -0.000000 -0.000000 -1.000000
vn -0.000000 -0.000000 -1.000000
vn -0.000000 -0.000000 -1.000000
vn -0.000000 -0.000000 -1.000000
vn -0.950405 0.000000 0.311016
vn -0.961304 0.000000 0.275488
vn -0.950405 0.000000 0.311016
vn -0.961304 0.000000 0.275488
vn -0.986231 0.000000 0.165373
vn -0.986231 0.000000 0.165373
vn -0.998549 0.000000 0.053850
vn -0.998549 0.000000 0.053850
vn -0.999856 0.000000 0.016943
vn -0.999856 0.000000 0.016943
vn -0.781501 0.000000 0.623904
vn -0.800331 0.000000 0.599559
vn -0.781501 0.000000 0.623904
vn -0.800331 0.000000 0.599559
vn -0.852686 0.000000 0.522424
vn -0.852686 0.000000 0.522424
vn -0.901257 0.000000 0.433285
vn -0.901257 0.000000 0.433285
vn -0.915344 0.000000 0.402674
vn -0.915344 0.000000 0.402674
vn -0.638829 0.000000 0.769349
vn -0.650036 0.000000 0.759904
vn -0.638829 0.000000 0.769349
vn -0.650036 0.000000 0.759904
vn -0.682891 0.000000 0.730520
vn -0.682891 0.000000 0.730520
vn -0.721088 0.000000 0.692843
vn -0.721088 0.000000 0.692843
vn -0.733719 0.000000 0.679453
vn -0.733719 0.000000 0.679453
vn -0.754701 0.000000 0.656069
vn -0.737490 0.000000 0.675358
vn -0.754701 0.000000 0.656069
vn -0.737490 0.000000 0.675358
vn -0.687200 0.000000 0.726468
vn -0.687200 0.000000 0.726468
vn -0.647586 0.000000 0.761992
vn -0.647586 0.000000 0.761992
vn -0.634026 0.000000 0.773312
vn -0.634026 0.000000 0.773312
vn -0.991959 0.000000 0.126559
vn -0.981964 0.000000 0.189070
vn -0.991959 0.000000 0.126559
vn -0.981964 0.000000 0.189070
vn -0.927726 0.000000 0.373261
vn -0.927726 0.000000 0.373261
vn -0.854723 0.000000 0.519085
vn -0.854723 0.000000 0.519085
vn -0.826229 0.000000 0.563335
vn -0.826229 0.000000 0.563335
vn -0.758113 -0.000000 -0.652123
vn -0.804398 -0.000000 -0.594090
vn -0.758113 -0.000000 -0.652123
vn -0.804398 -0.000000 -0.594090
vn -0.920921 -0.000000 -0.389750
vn -0.920921 -0.000000 -0.389750
vn -0.986288 -0.000000 -0.165032
vn -0.986288 -0.000000 -0.165032
vn -0.995778 -0.000000 -0.091800
vn -0.995778 -0.000000 -0.091800
vn -0.065474 -0.000000 -0.997854
vn -0.132416 -0.000000 -0.991194
vn -0.065474 -0.000000 -0.997854
vn -0.132416 -0.000000 -0.991194
vn -0.338409 -0.000000 -0.940999
vn -0.338409 -0.000000 -0.940999
vn -0.544611 -0.000000 -0.838689
vn -0.544611 -0.000000 -0.838689
vn -0.604707 -0.000000 -0.796448
vn -0.604707 -0.000000 -0.796448
vn 0.615889 0.000000 -0.787833
vn 0.554579 0.000000 -0.832131
vn 0.615889 0.000000 -0.787833
vn 0.554579 0.000000 -0.832131
vn 0.342827 0.000000 -0.939398
vn 0.342827 0.000000 -0.939398
vn 0.132490 0.000000 -0.991184
vn 0.132490 0.000000 -0.991184
vn 0.064279 0.000000 -0.997932
vn 0.064279 0.000000 -0.997932
vn 0.998069 0.000000 -0.062110
vn 0.991730 0.000000 -0.128343
vn 0.998069 0.000000 -0.062110
vn 0.991730 0.000000 -0.128343
vn 0.943060 0.000000 -0.332622
vn 0.943060 0.000000 -0.332622
vn 0.838221 0.000000 -0.545331
vn 0.838221 0.000000 -0.545331
vn 0.794359 0.000000 -0.607449
vn 0.794359 0.000000 -0.607449
vn -0.102165 -0.000000 -0.994767
vn -0.102165 -0.000000 -0.994767
vn -0.102165 -0.000000 -0.994767
vn -0.102165 -0.000000 -0.994767
vn -0.751439 0.000000 0.659803
vn -0.798462 0.000000 0.602045
vn -0.751439 0.000000 0.659803
vn -0.798462 0.000000 0.602045
vn -0.915526 0.000000 0.402259
vn -0.915526 0.000000 0.402259
vn -0.978190 0.000000 0.207712
vn -0.978190 0.000000 0.207712
vn -0.989606 0.000000 0.143805
vn -0.989606 0.000000 0.143805
vn -0.049806 0.000000 0.998759
vn -0.111054 0.000000 0.993814
vn -0.049806 0.000000 0.998759
vn -0.111054 0.000000 0.993814
vn -0.299333 0.000000 0.954149
vn -0.299333 0.000000 0.954149
vn -0.499086 0.000000 0.866553
vn -0.499086 0.000000 0.866553
vn -0.558933 0.000000 0.829213
vn -0.558933 0.000000 0.829213
vn 0.590672 0.000000 0.806912
vn 0.529193 0.000000 0.848501
vn 0.590672 0.000000 0.806912
vn 0.529193 0.000000 0.848501
vn 0.320281 0.000000 0.947323
vn 0.320281 0.000000 0.947323
vn 0.119882 0.000000 0.992788
vn 0.119882 0.000000 0.992788
vn 0.054868 0.000000 0.998494
vn 0.054868 0.000000 0.998494
vn 0.995903 0.000000 0.090423
vn 0.986482 0.000000 0.163867
vn 0.995903 0.000000 0.090423
vn 0.986482 0.000000 0.163867
vn 0.921060 0.000000 0.389420
vn 0.921060 0.000000 0.389420
vn 0.803247 0.000000 0.595646
vn 0.803247 0.000000 0.595646
vn 0.756410 0.000000 0.654098
vn 0.756410 0.000000 0.654098
vn 0.937447 0.000000 -0.348129
vn 0.949658 0.000000 -0.313287
vn 0.937447 0.000000 -0.348129
vn 0.949658 0.000000 -0.313287
vn 0.978777 0.000000 -0.204930
vn 0.978777 0.000000 -0.204930
vn 0.995832 0.000000 -0.091211
vn 0.995832 0.000000 -0.091211
vn 0.998570 0.000000 -0.053453
vn 0.998570 0.000000 -0.053453
vn 0.761053 0.000000 -0.648689
vn 0.778740 0.000000 -0.627347
vn 0.761053 0.000000 -0.648689
vn 0.778740 0.000000 -0.627347
vn 0.828560 0.000000 -0.559900
vn 0.828560 0.000000 -0.559900
vn 0.878771 0.000000 -0.477243
vn 0.878771 0.000000 -0.477243
vn 0.893805 0.000000 -0.448457
vn 0.893805 0.000000 -0.448457
vn 0.646468 0.000000 -0.762941
vn 0.654384 0.000000 -0.756162
vn 0.646468 0.000000 -0.762941
vn 0.654384 0.000000 -0.756162
vn 0.677736 0.000000 -0.735306
vn 0.677736 0.000000 -0.735306
vn 0.707463 0.000000 -0.706751
vn 0.707463 0.000000 -0.706751
vn 0.717765 0.000000 -0.696285
vn 0.717765 0.000000 -0.696285
vn 0.690230 0.000000 -0.723590
vn 0.682041 0.000000 -0.731314
vn 0.690230 0.000000 -0.723590
vn 0.682041 0.000000 -0.731314
vn 0.660591 0.000000 -0.750746
vn 0.660591 0.000000 -0.750746
vn 0.645580 0.000000 -0.763693
vn 0.645580 0.000000 -0.763693
vn 0.640523 0.000000 -0.767939
vn 0.640523 0.000000 -0.767939
vn 0.834969 0.000000 -0.550297
vn 0.823615 0.000000 -0.567150
vn 0.834969 0.000000 -0.550297
vn 0.823615 0.000000 -0.567150
vn 0.787539 0.000000 -0.616265
vn 0.787539 0.000000 -0.616265
vn 0.751368 0.000000 -0.659884
vn 0.751368 0.000000 -0.659884
vn 0.738815 0.000000 -0.673909
vn 0.738815 0.000000 -0.673909
vn 0.000000 0.000000 1.000000
vn 0.000000 0.000000 1.000000
vn 0.000000 0.000000 1.000000
vn 0.000000 0.000000 1.000000
vn -0.000000 -1.000000 0.000000
vn -0.000000 -1.000000 0.000000
vn -0.000000 -1.000000 0.000000
vn -0.000000 -1.000000 0.000000
vn -0.000000 -1.000000 0.000000
vn -0.000000 -1.000000 0.000000
vn -0.000000 -1.000000 0.000000
vn -0.000000 -1.000000 0.000000
vn -0.000000 -1.000000 0.000000
vn -0.000000 -1.000000 0.000000
vn -0.000000 -1.000000 0.000000
vn -0.000000 -1.000000 0.000000
vn -0.000000 -1.000000 0.000000
vn -0.000000 -1.000000 0.000000
vn -0.000000 -1.000000 0.000000
vn -0.000000 -1.000000 0.000000
vn -0.000000 -1.000000 0.000000
vn -0.000000 -1.000000 0.000000
vn -0.000000 -1.000000 0.000000
vn -0.000000 -1.000000 0.000000
vn -0.000000 -1.000000 0.000000
vn -0.000000 -1.000000 0.000000
vn -0.000000 -1.000000 0.000000
vn -0.000000 -1.000000 0.000000
vn -0.000000 -1.000000 0.000000
vn -0.000000 -1.000000 0.000000
vn -0.000000 -1.000000 0.000000
vn -0.000000 -1.000000 0.000000
vn -0.000000 -1.000000 0.000000
vn -0.000000 -1.000000 0.000000
vn -0.000000 -1.000000 0.000000
vn -0.000000 -1.000000 0.000000
vn -0.000000 -1.000000 0.000000
vn -0.000000 -1.000000 0.000000
vn -0.000000 -1.000000 0.000000
vn -0.000000 -1.000000 0.000000
vn -0.000000 -1.000000 0.000000
vn -0.000000 -1.000000 0.000000
vn -0.000000 -1.000000 0.000000
vn -0.000000 -1.000000 0.000000
vn -0.000000 -1.000000 0.000000
vn -0.000000 -1.000000 0.000000
vn -0.000000 -1.000000 0.000000
vn -0.000000 -1.000000 0.000000
vn -0.000000 -1.000000 0.000000
vn -0.000000 -1.000000 0.000000
vn -0.000000 -1.000000 0.000000
vn -0.000000 -1.000000 0.000000
vn -0.000000 -1.000000 0.000000
vn -0.000000 -1.000000 0.000000
vn -0.000000 -1.000000 0.000000
vn -0.000000 -1.000000 0.000000
vn -0.000000 -1.000000 0.000000
vn -0.000000 -1.000000 0.000000
vn -0.000000 -1.000000 0.000000
vn -0.000000 -1.000000 0.000000
vn -0.000000 -1.000000 0.000000
vn -0.000000 -1.000000 0.000000
vn -0.000000 -1.000000 0.000000
vn -0.000000 -1.000000 0.000000
vn -0.000000 -1.000000 0.000000
vn -0.000000 -1.000000 0.000000
vn -0.000000 -1.000000 0.000000
vn -0.000000 -1.000000 0.000000
vn -0.000000 -1.000000 0.000000
vn -0.000000 -1.000000 0.000000
vn -0.000000 -1.000000 0.000000
vn -0.000000 -1.000000 0.000000
vn -0.000000 -1.000000 0.000000
vn -0.000000 -1.000000 0.000000
vn -0.000000 -1.000000 0.000000
vn -0.000000 -1.000000 0.000000
vn -0.000000 -1.000000 0.000000
vn -0.000000 -1.000000 0.000000
vn -0.000000 -1.000000 0.000000
vn -0.000000 -1.000000 0.000000
vn -0.932458 0.000000 -0.361280
vn -0.932458 0.000000 -0.361280
vn -0.932458 0.000000 -0.361280
vn -0.932458 0.000000 -0.361280
vn 0.000000 0.000000 1.000000
vn 0.000000 0.000000 1.000000
vn 0.000000 0.000000 1.000000
vn 0.000000 0.000000 1.000000
vn 0.941562 -0.000000 0.336841
vn 0.941562 -0.000000 0.336841
vn 0.941562 -0.000000 0.336841
vn 0.941562 -0.000000 0.336841
vn 0.960473 0.000000 0.278374
vn 0.958420 0.000000 0.285360
vn 0.960473 0.000000 0.278374
vn 0.958420 0.000000 0.285360
vn 0.951982 0.000000 0.306154
vn 0.951982 0.000000 0.306154
vn 0.945604 0.000000 0.325321
vn 0.945604 0.000000 0.325321
vn 0.943393 0.000000 0.331678
vn 0.943393 0.000000 0.331678
vn -0.939738 0.000000 0.341895
vn -0.942341 0.000000 0.334653
vn -0.939738 0.000000 0.341895
vn -0.942341 0.000000 0.334653
vn -0.949820 0.000000 0.312796
vn -0.949820 0.000000 0.312796
vn -0.956884 0.000000 0.290472
vn -0.956884 0.000000 0.290472
vn -0.959121 0.000000 0.282998
vn -0.959121 0.000000 0.282998
vn -0.937302 0.000000 0.348518
vn -0.937302 0.000000 0.348518
vn -0.937302 0.000000 0.348518
vn -0.937302 0.000000 0.348518
vn 0.000000 0.000000 1.000000
vn 0.000000 0.000000 1.000000
vn 0.000000 0.000000 1.000000
vn 0.000000 0.000000 1.000000
vn 0.931168 -0.000000 -0.364591
vn 0.931168 -0.000000 -0.364591
vn 0.931168 -0.000000 -0.364591
vn 0.931168 -0.000000 -0.364591
vn -0.000000 -0.000000 -1.000000
vn -0.000000 -0.000000 -1.000000
vn -0.000000 -0.000000 -1.000000
vn -0.000000 -0.000000 -1.000000
vn -0.000000 -1.000000 0.000000
vn -0.000000 -1.000000 0.000000
vn -0.000000 -1.000000 0.000000
vn -0.000000 -1.000000 0.000000
vn -0.000000 -1.000000 0.000000
vn -0.000000 -1.000000 0.000000
vn -0.000000 -1.000000 0.000000
vn -0.000000 -1.000000 0.000000
vn -0.000000 -1.000000 0.000000
vn -0.000000 -1.000000 0.000000
vn -0.000000 -1.000000 0.000000
vn -0.000000 -1.000000 0.000000
vn -0.000000 -1.000000 0.000000
vn -0.000000 -1.000000 0.000000
vn -0.000000 -1.000000 0.000000
vn -1.000000 0.000000 0.000000
vn -1.000000 0.000000 0.000000
vn -1.000000 0.000000 0.000000
vn -1.000000 0.000000 0.000000
vn 0.000000 0.000000 1.000000
vn 0.000000 0.000000 1.000000
vn 0.000000 0.000000 1.000000
vn 0.000000 0.000000 1.000000
vn 1.000000 -0.000000 -0.000000
vn 1.000000 -0.000000 -0.000000
vn 1.000000 -0.000000 -0.000000
vn 1.000000 -0.000000 -0.000000
vn -0.000000 -0.000000 -1.000000
vn -0.000000 -0.000000 -1.000000
vn -0.000000 -0.000000 -1.000000
vn -0.000000 -0.000000 -1.000000
vn -0.000000 -1.000000 0.000000
vn -0.000000 -1.000000 0.000000
vn -0.000000 -1.000000 0.000000
vn -0.000000 -1.000000 0.000000
vn 0.000000 1.000000 -0.000000
vn 0.000000 1.000000 -0.000000
vn 0.000000 1.000000 -0.000000
vn 0.000000 1.000000 -0.000000
vn -1.000000 0.000000 0.000000
vn -1.000000 0.000000 0.000000
vn -1.000000 0.000000 0.000000
vn -1.000000 0.000000 0.000000
vn -0.000000 -1.000000 0.000000
vn -0.000000 -1.000000 0.000000
vn -0.000000 -1.000000 0.000000
vn -0.000000 -1.000000 0.000000
vn 0.000000 0.000000 1.000000
vn 0.000000 0.000000 1.000000
vn 0.000000 0.000000 1.000000
vn 0.000000 0.000000 1.000000
vn 0.000000 0.000000 1.000000
vn 0.000000 0.000000 1.000000
vn 0.000000 0.000000 1.000000
vn 0.000000 0.000000 1.000000
vn 0.000000 1.000000 -0.000000
vn 0.000000 1.000000 -0.000000
vn 0.000000 1.000000 -0.000000
vn 0.000000 1.000000 -0.000000
vn 0.000000 1.000000 -0.000000
vn -0.000000 -0.000000 -1.000000
vn -0.000000 -0.000000 -1.000000
vn -0.000000 -0.000000 -1.000000
vn -0.000000 -0.000000 -1.000000
vn 0.000000 1.000000 -0.000000
vn 0.000000 1.000000 -0.000000
vn 0.000000 1.000000 -0.000000
vn 0.000000 1.000000 -0.000000
vn 0.000000 1.000000 -0.000000
vn 1.000000 -0.000000 -0.000000
vn 1.000000 -0.000000 -0.000000
vn 1.000000 -0.000000 -0.000000
vn 1.000000 -0.000000 -0.000000
vn 1.000000 -0.000000 -0.000000
vn 1.000000 -0.000000 -0.000000
vn 1.000000 -0.000000 -0.000000
vn 1.000000 -0.000000 -0.000000
vn 1.000000 -0.000000 -0.000000
vn 1.000000 -0.000000 -0.000000
vn 1.000000 -0.000000 -0.000000
vn 1.000000 -0.000000 -0.000000
vn 1.000000 -0.000000 -0.000000
vn 1.000000 -0.000000 -0.000000
vn 1.000000 -0.000000 -0.000000
vn 1.000000 -0.000000 -0.000000
vn 1.000000 -0.000000 -0.000000
vn 1.000000 -0.000000 -0.000000
vn 1.000000 -0.000000 -0.000000
vn 1.000000 -0.000000 -0.000000
vn 1.000000 -0.000000 -0.000000
vn 1.000000 -0.000000 -0.000000
vn 1.000000 -0.000000 -0.000000
vn 1.000000 -0.000000 -0.000000
vn 1.000000 -0.000000 -0.000000
vn 1.000000 -0.000000 -0.000000
vn 1.000000 -0.000000 -0.000000
vn 1.000000 -0.000000 -0.000000
vn 1.000000 -0.000000 -0.000000
vn 1.000000 -0.000000 -0.000000
vn 1.000000 -0.000000 -0.000000
vn 1.000000 -0.000000 -0.000000
vn 1.000000 -0.000000 -0.000000
vn 1.000000 -0.000000 -0.000000
vn 1.000000 -0.000000 -0.000000
vn 1.000000 -0.000000 -0.000000
vn 1.000000 -0.000000 -0.000000
vn 1.000000 -0.000000 -0.000000
vn 1.000000 -0.000000 -0.000000
vn 1.000000 -0.000000 -0.000000
vn 1.000000 -0.000000 -0.000000
vn 1.000000 -0.000000 -0.000000
vn 1.000000 -0.000000 -0.000000
vn 1.000000 -0.000000 -0.000000
vn 1.000000 -0.000000 -0.000000
vn 1.000000 -0.000000 -0.000000
vn 1.000000 -0.000000 -0.000000
vn 1.000000 -0.000000 -0.000000
vn 1.000000 -0.000000 -0.000000
vn 1.000000 -0.000000 -0.000000
vn 1.000000 -0.000000 -0.000000
vn 1.000000 -0.000000 -0.000000
vn 1.000000 -0.000000 -0.000000
vn 1.000000 -0.000000 -0.000000
vn 1.000000 -0.000000 -0.000000
vn 1.000000 -0.000000 -0.000000
vn 0.000000 1.000000 -0.000000
vn 0.000000 1.000000 -0.000000
vn 0.000000 1.000000 -0.000000
vn 0.000000 1.000000 -0.000000
usemtl Steel_-_Satin
f 2/1/1 25/2/2 1/3/3
f 4/4/4 25/5/5 3/6/6
f 6/7/7 25/8/8 5/9/9
f 8/10/10 25/11/11 7/12/12
f 10/13/13 25/14/14 9/15/15
f 12/16/16 25/17/17 11/18/18
f 14/19/19 25/20/20 13/21/21
f 16/22/22 25/23/23 15/24/24
f 18/25/25 25/26/26 17/27/27
f 20/28/28 25/29/29 19/30/30
f 22/31/31 25/32/32 21/33/33
f 24/34/34 25/35/35 23/36/36
f 13/37/21 25/38/37 12/16/16
f 5/9/9 25/39/38 4/4/4
f 21/33/33 25/40/39 20/28/28
f 11/18/18 25/41/40 10/13/13
f 9/15/15 25/42/41 8/10/10
f 7/12/12 25/43/42 6/7/7
f 3/6/6 25/44/43 2/1/1
f 1/3/3 25/45/44 24/34/34
f 23/36/36 25/46/45 22/31/31
f 19/30/30 25/47/46 18/25/25
f 17/27/27 25/48/47 16/22/22
f 15/24/24 25/49/48 14/19/19
f 27/50/49 51/51/50 26/52/51
f 26/52/51 51/51/50 52/53/52
f 26/52/51 52/53/52 49/54/53
f 49/54/53 52/53/52 73/55/54
f 49/54/53 73/55/54 48/56/55
f 48/56/55 73/55/54 72/57/56
f 48/56/55 72/57/56 47/58/57
f 47/58/57 72/57/56 71/59/58
f 47/58/57 71/59/58 46/60/59
f 46/60/59 71/59/58 70/61/60
f 46/60/59 70/61/60 45/62/61
f 45/62/61 70/61/60 69/63/62
f 45/62/61 69/63/62 44/64/63
f 44/64/63 69/63/62 68/65/64
f 44/64/63 68/65/64 43/66/65
f 43/66/65 68/65/64 67/67/66
f 43/66/65 67/67/66 42/68/67
f 42/68/67 67/67/66 66/69/68
f 42/68/67 66/69/68 41/70/69
f 41/70/69 66/69/68 65/71/70
f 41/70/69 65/71/70 40/72/71
f 40/72/71 65/71/70 64/73/72
f 40/72/71 64/73/72 39/74/73
f 39/74/73 64/73/72 63/75/74
f 39/74/73 63/75/74 38/76/75
f 38/76/75 63/75/74 50/77/76
f 38/78/75 50/79/76 37/80/77
f 37/80/77 50/79/76 62/81/78
f 37/80/77 62/81/78 36/82/79
f 36/82/79 62/81/78 61/83/80
f 36/82/79 61/83/80 35/84/81
f 35/84/81 61/83/80 60/85/82
f 35/84/81 60/85/82 34/86/83
f 34/86/83 60/85/82 59/87/84
f 34/86/83 59/87/84 33/88/85
f 33/88/85 59/87/84 58/89/86
f 33/88/85 58/89/86 32/90/87
f 32/90/87 58/89/86 57/91/88
f 32/90/87 57/91/88 31/92/89
f 31/92/89 57/91/88 56/93/90
f 31/92/89 56/93/90 30/94/91
f 30/94/91 56/93/90 55/95/92
f 30/94/91 55/95/92 29/96/93
f 29/96/93 55/95/92 54/97/94
f 29/96/93 54/97/94 28/98/95
f 28/98/95 54/97/94 53/99/96
f 28/98/95 53/99/96 27/50/49
f 27/50/49 53/99/96 51/51/50
f 24/100/97 73/55/54 1/101/98
f 1/101/98 73/55/54 52/53/52
f 1/101/98 52/53/52 2/102/99
f 2/102/99 52/53/52 51/51/50
f 2/102/99 51/51/50 3/103/100
f 3/103/100 51/51/50 53/99/96
f 3/103/100 53/99/96 4/104/101
f 4/104/101 53/99/96 54/97/94
f 4/104/101 54/97/94 5/105/102
f 5/105/102 54/97/94 55/95/92
f 5/105/102 55/95/92 6/106/103
f 6/106/103 55/95/92 56/93/90
f 6/106/103 56/93/90 7/107/104
f 7/107/104 56/93/90 57/91/88
f 7/107/104 57/91/88 8/108/105
f 8/108/105 57/91/88 58/89/86
f 8/108/105 58/89/86 9/109/106
f 9/109/106 58/89/86 59/87/84
f 9/109/106 59/87/84 10/110/107
f 10/110/107 59/87/84 60/85/82
f 10/110/107 60/85/82 11/111/108
f 11/111/108 60/85/82 61/83/80
f 11/111/108 61/83/80 12/112/109
f 12/112/109 61/83/80 62/81/78
f 12/112/109 62/81/78 13/113/110
f 13/113/110 62/81/78 50/79/76
f 13/114/110 50/77/76 14/115/111
f 14/115/111 50/77/76 63/75/74
f 14/115/111 63/75/74 15/116/112
f 15/116/112 63/75/74 64/73/72
f 15/116/112 64/73/72 16/117/113
f 16/117/113 64/73/72 65/71/70
f 16/117/113 65/71/70 17/118/114
f 17/118/114 65/71/70 66/69/68
f 17/118/114 66/69/68 18/119/115
f 18/119/115 66/69/68 67/67/66
f 18/119/115 67/67/66 19/120/116
f 19/120/116 67/67/66 68/65/64
f 19/120/116 68/65/64 20/121/117
f 20/121/117 68/65/64 69/63/62
f 20/121/117 69/63/62 21/122/118
f 21/122/118 69/63/62 70/61/60
f 21/122/118 70/61/60 22/123/119
f 22/123/119 70/61/60 71/59/58
f 22/123/119 71/59/58 23/124/120
f 23/124/120 71/59/58 72/57/56
f 23/124/120 72/57/56 24/100/97
f 24/100/97 72/57/56 73/55/54
f 75/125/121 98/126/122 74/127/123
f 77/128/124 98/129/125 76/130/126
f 79/131/127 98/132/128 78/133/129
f 81/134/130 98/135/131 80/136/132
f 83/137/133 98/138/134 82/139/135
f 85/140/136 98/141/137 84/142/138
f 87/143/139 98/144/140 86/145/141
f 89/146/142 98/147/143 88/148/144
f 91/149/145 98/150/146 90/151/147
f 93/152/148 98/153/149 92/154/150
f 95/155/151 98/156/152 94/157/153
f 97/158/154 98/159/155 96/160/156
f 86/161/141 98/162/157 85/140/136
f 78/133/129 98/163/158 77/128/124
f 94/157/153 98/164/159 93/152/148
f 84/142/138 98/165/160 83/137/133
f 82/139/135 98/166/161 81/134/130
f 80/136/132 98/167/162 79/131/127
f 76/130/126 98/168/163 75/125/121
f 74/127/123 98/169/164 97/158/154
f 96/160/156 98/170/165 95/155/151
f 92/154/150 98/171/166 91/149/145
f 90/151/147 98/172/167 89/146/142
f 88/148/144 98/173/168 87/143/139
f 100/174/169 124/175/170 99/176/171
f 99/176/171 124/175/170 125/177/172
f 99/176/171 125/177/172 122/178/173
f 122/178/173 125/177/172 146/179/174
f 122/178/173 146/179/174 121/180/175
f 121/180/175 146/179/174 145/181/176
f 121/180/175 145/181/176 120/182/177
f 120/182/177 145/181/176 144/183/178
f 120/182/177 144/183/178 119/184/179
f 119/184/179 144/183/178 143/185/180
f 119/184/179 143/185/180 118/186/181
f 118/186/181 143/185/180 142/187/182
f 118/186/181 142/187/182 117/188/183
f 117/188/183 142/187/182 141/189/184
f 117/188/183 141/189/184 116/190/185
f 116/190/185 141/189/184 140/191/186
f 116/190/185 140/191/186 115/192/187
f 115/192/187 140/191/186 139/193/188
f 115/192/187 139/193/188 114/194/189
f 114/194/189 139/193/188 138/195/190
f 114/194/189 138/195/190 113/196/191
f 113/196/191 138/195/190 137/197/192
f 113/196/191 137/197/192 112/198/193
f 112/198/193 137/197/192 136/199/194
f 112/198/193 136/199/194 111/200/195
f 111/200/195 136/199/194 123/201/196
f 111/202/195 123/203/196 110/204/197
f 110/204/197 123/203/196 135/205/198
f 110/204/197 135/205/198 109/206/199
f 109/206/199 135/205/198 134/207/200
f 109/206/199 134/207/200 108/208/201
f 108/208/201 134/207/200 133/209/202
f 108/208/201 133/209/202 107/210/203
f 107/210/203 133/209/202 132/211/204
f 107/210/203 132/211/204 106/212/205
f 106/212/205 132/211/204 131/213/206
f 106/212/205 131/213/206 105/214/207
f 105/214/207 131/213/206 130/215/208
f 105/214/207 130/215/208 104/216/209
f 104/216/209 130/215/208 129/217/210
f 104/216/209 129/217/210 103/218/211
f 103/218/211 129/217/210 128/219/212
f 103/218/211 128/219/212 102/220/213
f 102/220/213 128/219/212 127/221/214
f 102/220/213 127/221/214 101/222/215
f 101/222/215 127/221/214 126/223/216
f 101/222/215 126/223/216 100/174/169
f 100/174/169 126/223/216 124/175/170
f 97/224/217 146/179/174 74/225/218
f 74/225/218 146/179/174 125/177/172
f 74/225/218 125/177/172 75/226/219
f 75/226/219 125/177/172 124/175/170
f 75/226/219 124/175/170 76/227/220
f 76/227/220 124/175/170 126/223/216
f 76/227/220 126/223/216 77/228/221
f 77/228/221 126/223/216 127/221/214
f 77/228/221 127/221/214 78/229/222
f 78/229/222 127/221/214 128/219/212
f 78/229/222 128/219/212 79/230/223
f 79/230/223 128/219/212 129/217/210
f 79/230/223 129/217/210 80/231/224
f 80/231/224 129/217/210 130/215/208
f 80/231/224 130/215/208 81/232/225
f 81/232/225 130/215/208 131/213/206
f 81/232/225 131/213/206 82/233/226
f 82/233/226 131/213/206 132/211/204
f 82/233/226 132/211/204 83/234/227
f 83/234/227 132/211/204 133/209/202
f 83/234/227 133/209/202 84/235/228
f 84/235/228 133/209/202 134/207/200
f 84/235/228 134/207/200 85/236/229
f 85/236/229 134/207/200 135/205/198
f 85/236/229 135/205/198 86/237/230
f 86/237/230 135/205/198 123/203/196
f 86/238/230 123/201/196 87/239/231
f 87/239/231 123/201/196 136/199/194
f 87/239/231 136/199/194 88/240/232
f 88/240/232 136/199/194 137/197/192
f 88/240/232 137/197/192 89/241/233
f 89/241/233 137/197/192 138/195/190
f 89/241/233 138/195/190 90/242/234
f 90/242/234 138/195/190 139/193/188
f 90/242/234 139/193/188 91/243/235
f 91/243/235 139/193/188 140/191/186
f 91/243/235 140/191/186 92/244/236
f 92/244/236 140/191/186 141/189/184
f 92/244/236 141/189/184 93/245/237
f 93/245/237 141/189/184 142/187/182
f 93/245/237 142/187/182 94/246/238
f 94/246/238 142/187/182 143/185/180
f 94/246/238 143/185/180 95/247/239
f 95/247/239 143/185/180 144/183/178
f 95/247/239 144/183/178 96/248/240
f 96/248/240 144/183/178 145/181/176
f 96/248/240 145/181/176 97/224/217
f 97/224/217 145/181/176 146/179/174
f 151/249/241 147/250/242 150/251/243
f 150/251/243 147/250/242 148/252/244
f 150/251/243 148/252/244 149/253/245
f 152/254/246 153/255/247 160/256/248
f 160/256/248 153/255/247 154/257/249
f 160/256/248 154/257/249 155/258/250
f 160/256/248 155/258/250 159/259/251
f 159/259/251 155/258/250 156/260/252
f 159/259/251 156/260/252 157/261/253
f 157/261/253 158/262/254 159/259/251
f 153/263/255 161/264/256 154/265/257
f 154/265/257 161/264/256 164/266/258
f 164/266/258 161/264/256 162/267/259
f 164/266/258 162/267/259 163/268/260
f 163/268/260 162/267/259 151/269/261
f 151/269/261 162/267/259 147/270/262
f 156/271/263 155/272/264 166/273/265
f 166/273/265 155/272/264 165/274/266
f 154/275/267 264/276/268 155/277/269
f 155/277/269 264/276/268 265/278/270
f 155/277/269 265/278/270 266/279/271
f 164/280/272 171/281/273 154/275/267
f 154/275/267 171/281/273 170/282/274
f 154/275/267 170/282/274 167/283/275
f 165/284/276 187/285/277 164/280/272
f 164/280/272 187/285/277 188/286/278
f 164/280/272 188/286/278 185/287/279
f 185/287/279 188/286/278 189/288/280
f 185/287/279 189/288/280 190/289/281
f 155/277/269 173/290/282 165/284/276
f 165/284/276 173/290/282 183/291/283
f 165/284/276 183/291/283 184/292/284
f 168/293/285 267/294/286 167/283/275
f 167/283/275 267/294/286 269/295/287
f 167/283/275 269/295/287 154/275/267
f 154/275/267 269/295/287 262/296/288
f 154/275/267 262/296/288 264/276/268
f 264/276/268 262/296/288 263/297/289
f 267/294/286 168/293/285 172/298/290
f 172/298/290 168/293/285 169/299/291
f 172/298/290 169/299/291 171/281/273
f 171/281/273 169/299/291 170/282/274
f 173/290/282 155/277/269 172/298/290
f 172/298/290 155/277/269 266/279/271
f 172/298/290 266/279/271 267/294/286
f 183/291/283 173/290/282 182/300/292
f 182/300/292 173/290/282 174/301/293
f 182/300/292 174/301/293 181/302/294
f 181/302/294 174/301/293 175/303/295
f 181/302/294 175/303/295 180/304/296
f 180/304/296 175/303/295 176/305/297
f 180/304/296 176/305/297 179/306/298
f 179/306/298 176/305/297 177/307/299
f 179/306/298 177/307/299 178/308/300
f 185/287/279 225/309/301 184/292/284
f 184/292/284 225/309/301 226/310/302
f 184/292/284 226/310/302 227/311/303
f 185/287/279 171/281/273 164/280/272
f 187/285/277 165/284/276 186/312/304
f 186/312/304 165/284/276 242/313/305
f 186/312/304 242/313/305 243/314/306
f 190/289/281 191/315/307 185/287/279
f 185/287/279 191/315/307 192/316/308
f 185/287/279 192/316/308 225/309/301
f 225/309/301 192/316/308 193/317/309
f 225/309/301 193/317/309 194/318/310
f 194/318/310 195/319/311 225/309/301
f 225/309/301 195/319/311 196/320/312
f 225/309/301 196/320/312 197/321/313
f 225/309/301 197/321/313 224/322/314
f 224/322/314 197/321/313 198/323/315
f 224/322/314 198/323/315 199/324/316
f 199/324/316 200/325/317 224/322/314
f 224/322/314 200/325/317 201/326/318
f 224/322/314 201/326/318 219/327/319
f 219/327/319 201/326/318 218/328/320
f 218/328/320 201/326/318 202/329/321
f 218/328/320 202/329/321 217/330/322
f 217/330/322 202/329/321 216/331/323
f 216/331/323 202/329/321 203/332/324
f 216/331/323 203/332/324 215/333/325
f 215/333/325 203/332/324 214/334/326
f 214/334/326 203/332/324 204/335/327
f 214/334/326 204/335/327 213/336/328
f 213/336/328 204/335/327 205/337/329
f 213/336/328 205/337/329 212/338/330
f 212/338/330 205/337/329 211/339/331
f 211/339/331 205/337/329 206/340/332
f 211/339/331 206/340/332 207/341/333
f 208/342/334 209/343/335 207/341/333
f 207/341/333 209/343/335 210/344/336
f 207/341/333 210/344/336 211/339/331
f 219/327/319 220/345/337 224/322/314
f 224/322/314 220/345/337 221/346/338
f 224/322/314 221/346/338 223/347/339
f 223/347/339 221/346/338 222/348/340
f 227/311/303 228/349/341 184/292/284
f 184/292/284 228/349/341 229/350/342
f 184/292/284 229/350/342 230/351/343
f 230/351/343 231/352/344 184/292/284
f 184/292/284 231/352/344 232/353/345
f 184/292/284 232/353/345 165/284/276
f 165/284/276 232/353/345 233/354/346
f 165/284/276 233/354/346 234/355/347
f 234/355/347 235/356/348 165/284/276
f 165/284/276 235/356/348 236/357/349
f 165/284/276 236/357/349 237/358/350
f 237/358/350 238/359/351 165/284/276
f 165/284/276 238/359/351 239/360/352
f 165/284/276 239/360/352 240/361/353
f 240/361/353 241/362/354 165/284/276
f 165/284/276 241/362/354 242/313/305
f 243/314/306 244/363/355 186/312/304
f 186/312/304 244/363/355 245/364/356
f 186/312/304 245/364/356 246/365/357
f 246/365/357 247/366/358 186/312/304
f 186/312/304 247/366/358 248/367/359
f 186/312/304 248/367/359 249/368/360
f 249/368/360 250/369/361 186/312/304
f 186/312/304 250/369/361 251/370/362
f 186/312/304 251/370/362 252/371/363
f 252/371/363 253/372/364 186/312/304
f 186/312/304 253/372/364 254/373/365
f 186/312/304 254/373/365 255/374/366
f 255/374/366 256/375/367 186/312/304
f 186/312/304 256/375/367 257/376/368
f 186/312/304 257/376/368 261/377/369
f 261/377/369 257/376/368 258/378/370
f 261/377/369 258/378/370 260/379/371
f 260/379/371 258/378/370 259/380/372
f 267/294/286 268/381/373 269/295/287
f 263/382/374 262/383/375 271/384/376
f 271/384/376 262/383/375 270/385/377
f 264/386/378 263/387/379 272/388/380
f 272/388/380 263/387/379 271/389/381
f 265/390/382 264/391/383 273/392/384
f 273/392/384 264/391/383 272/393/385
f 266/394/386 265/395/387 274/396/388
f 274/396/388 265/395/387 273/397/389
f 267/398/390 266/399/391 275/400/392
f 275/400/392 266/399/391 274/401/393
f 268/402/394 267/403/395 276/404/396
f 276/404/396 267/403/395 275/405/397
f 269/406/398 268/407/399 277/408/400
f 277/408/400 268/407/399 276/409/401
f 262/410/402 269/411/403 270/412/404
f 270/412/404 269/411/403 277/413/405
f 277/414/406 276/415/407 270/416/408
f 270/416/408 276/415/407 271/417/409
f 271/417/409 276/415/407 273/418/410
f 271/417/409 273/418/410 272/419/411
f 275/420/412 274/421/413 276/415/407
f 276/415/407 274/421/413 273/418/410
f 187/422/414 186/423/415 279/424/416
f 279/424/416 186/423/415 278/425/417
f 188/426/418 187/427/419 280/428/420
f 280/428/420 187/427/419 279/429/421
f 192/430/422 191/431/423 284/432/424
f 284/432/424 191/431/423 283/433/425
f 283/433/425 191/431/423 190/434/426
f 283/433/425 190/434/426 282/435/427
f 282/435/427 190/434/426 189/436/428
f 282/435/427 189/436/428 281/437/429
f 281/437/429 189/436/428 188/438/430
f 281/437/429 188/438/430 280/439/431
f 196/440/432 195/441/433 288/442/434
f 288/442/434 195/441/433 287/443/435
f 287/443/435 195/441/433 194/444/436
f 287/443/435 194/444/436 286/445/437
f 286/445/437 194/444/436 193/446/438
f 286/445/437 193/446/438 285/447/439
f 285/447/439 193/446/438 192/448/440
f 285/447/439 192/448/440 284/449/441
f 200/450/442 199/451/443 292/452/444
f 292/452/444 199/451/443 291/453/445
f 291/453/445 199/451/443 198/454/446
f 291/453/445 198/454/446 290/455/447
f 290/455/447 198/454/446 197/456/448
f 290/455/447 197/456/448 289/457/449
f 289/457/449 197/456/448 196/458/450
f 289/457/449 196/458/450 288/459/451
f 204/460/452 203/461/453 296/462/454
f 296/462/454 203/461/453 295/463/455
f 295/463/455 203/461/453 202/464/456
f 295/463/455 202/464/456 294/465/457
f 294/465/457 202/464/456 201/466/458
f 294/465/457 201/466/458 293/467/459
f 293/467/459 201/466/458 200/468/460
f 293/467/459 200/468/460 292/469/461
f 208/470/462 207/471/463 300/472/464
f 300/472/464 207/471/463 299/473/465
f 299/473/465 207/471/463 206/474/466
f 299/473/465 206/474/466 298/475/467
f 298/475/467 206/474/466 205/476/468
f 298/475/467 205/476/468 297/477/469
f 297/477/469 205/476/468 204/478/470
f 297/477/469 204/478/470 296/479/471
f 212/480/472 211/481/473 304/482/474
f 304/482/474 211/481/473 303/483/475
f 303/483/475 211/481/473 210/484/476
f 303/483/475 210/484/476 302/485/477
f 302/485/477 210/484/476 209/486/478
f 302/485/477 209/486/478 301/487/479
f 301/487/479 209/486/478 208/488/480
f 301/487/479 208/488/480 300/489/481
f 216/490/482 215/491/483 308/492/484
f 308/492/484 215/491/483 307/493/485
f 307/493/485 215/491/483 214/494/486
f 307/493/485 214/494/486 306/495/487
f 306/495/487 214/494/486 213/496/488
f 306/495/487 213/496/488 305/497/489
f 305/497/489 213/496/488 212/498/490
f 305/497/489 212/498/490 304/499/491
f 220/500/492 219/501/493 312/502/494
f 312/502/494 219/501/493 311/503/495
f 311/503/495 219/501/493 218/504/496
f 311/503/495 218/504/496 310/505/497
f 310/505/497 218/504/496 217/506/498
f 310/505/497 217/506/498 309/507/499
f 309/507/499 217/506/498 216/508/500
f 309/507/499 216/508/500 308/509/501
f 224/510/502 223/511/503 316/512/504
f 316/512/504 223/511/503 315/513/505
f 315/513/505 223/511/503 222/514/506
f 315/513/505 222/514/506 314/515/507
f 314/515/507 222/514/506 221/516/508
f 314/515/507 221/516/508 313/517/509
f 313/517/509 221/516/508 220/518/510
f 313/517/509 220/518/510 312/519/511
f 225/520/512 224/521/513 317/522/514
f 317/522/514 224/521/513 316/523/515
f 229/524/516 228/525/517 321/526/518
f 321/526/518 228/525/517 320/527/519
f 320/527/519 228/525/517 227/528/520
f 320/527/519 227/528/520 319/529/521
f 319/529/521 227/528/520 226/530/522
f 319/529/521 226/530/522 318/531/523
f 318/531/523 226/530/522 225/532/524
f 318/531/523 225/532/524 317/533/525
f 233/534/526 232/535/527 325/536/528
f 325/536/528 232/535/527 324/537/529
f 324/537/529 232/535/527 231/538/530
f 324/537/529 231/538/530 323/539/531
f 323/539/531 231/538/530 230/540/532
f 323/539/531 230/540/532 322/541/533
f 322/541/533 230/540/532 229/542/534
f 322/541/533 229/542/534 321/543/535
f 237/544/536 236/545/537 329/546/538
f 329/546/538 236/545/537 328/547/539
f 328/547/539 236/545/537 235/548/540
f 328/547/539 235/548/540 327/549/541
f 327/549/541 235/548/540 234/550/542
f 327/549/541 234/550/542 326/551/543
f 326/551/543 234/550/542 233/552/544
f 326/551/543 233/552/544 325/553/545
f 241/554/546 240/555/547 333/556/548
f 333/556/548 240/555/547 332/557/549
f 332/557/549 240/555/547 239/558/550
f 332/557/549 239/558/550 331/559/551
f 331/559/551 239/558/550 238/560/552
f 331/559/551 238/560/552 330/561/553
f 330/561/553 238/560/552 237/562/554
f 330/561/553 237/562/554 329/563/555
f 245/564/556 244/565/557 337/566/558
f 337/566/558 244/565/557 336/567/559
f 336/567/559 244/565/557 243/568/560
f 336/567/559 243/568/560 335/569/561
f 335/569/561 243/568/560 242/570/562
f 335/569/561 242/570/562 334/571/563
f 334/571/563 242/570/562 241/572/564
f 334/571/563 241/572/564 333/573/565
f 249/574/566 248/575/567 341/576/568
f 341/576/568 248/575/567 340/577/569
f 340/577/569 248/575/567 247/578/570
f 340/577/569 247/578/570 339/579/571
f 339/579/571 247/578/570 246/580/572
f 339/579/571 246/580/572 338/581/573
f 338/581/573 246/580/572 245/582/574
f 338/581/573 245/582/574 337/583/575
f 253/584/576 252/585/577 345/586/578
f 345/586/578 252/585/577 344/587/579
f 344/587/579 252/585/577 251/588/580
f 344/587/579 251/588/580 343/589/581
f 343/589/581 251/588/580 250/590/582
f 343/589/581 250/590/582 342/591/583
f 342/591/583 250/590/582 249/592/584
f 342/591/583 249/592/584 341/593/585
f 257/594/586 256/595/587 349/596/588
f 349/596/588 256/595/587 348/597/589
f 348/597/589 256/595/587 255/598/590
f 348/597/589 255/598/590 347/599/591
f 347/599/591 255/598/590 254/600/592
f 347/599/591 254/600/592 346/601/593
f 346/601/593 254/600/592 253/602/594
f 346/601/593 253/602/594 345/603/595
f 261/604/596 260/605/597 353/606/598
f 353/606/598 260/605/597 352/607/599
f 352/607/599 260/605/597 259/608/600
f 352/607/599 259/608/600 351/609/601
f 351/609/601 259/608/600 258/610/602
f 351/609/601 258/610/602 350/611/603
f 350/611/603 258/610/602 257/612/604
f 350/611/603 257/612/604 349/613/605
f 186/614/606 261/615/607 278/616/608
f 278/616/608 261/615/607 353/617/609
f 278/618/610 353/619/611 279/620/612
f 279/620/612 353/619/611 280/621/613
f 280/621/613 353/619/611 281/622/614
f 281/622/614 353/619/611 282/623/615
f 282/623/615 353/619/611 283/624/616
f 283/624/616 353/619/611 284/625/617
f 284/625/617 353/619/611 285/626/618
f 285/626/618 353/619/611 286/627/619
f 286/627/619 353/619/611 287/628/620
f 287/628/620 353/619/611 288/629/621
f 288/629/621 353/619/611 289/630/622
f 289/630/622 353/619/611 352/631/623
f 289/630/622 352/631/623 351/632/624
f 351/632/624 350/633/625 289/630/622
f 289/630/622 350/633/625 290/634/626
f 290/634/626 350/633/625 349/635/627
f 290/634/626 349/635/627 291/636/628
f 291/636/628 349/635/627 348/637/629
f 291/636/628 348/637/629 347/638/630
f 291/636/628 347/638/630 292/639/631
f 292/639/631 347/638/630 346/640/632
f 292/639/631 346/640/632 293/641/633
f 293/641/633 346/640/632 345/642/634
f 293/641/633 345/642/634 294/643/635
f 294/643/635 345/642/634 344/644/636
f 294/643/635 344/644/636 343/645/637
f 294/643/635 343/645/637 295/646/638
f 295/646/638 343/645/637 342/647/639
f 295/646/638 342/647/639 296/648/640
f 296/648/640 342/647/639 341/649/641
f 296/648/640 341/649/641 297/650/642
f 297/650/642 341/649/641 340/651/643
f 297/650/642 340/651/643 298/652/644
f 298/652/644 340/651/643 339/653/645
f 298/652/644 339/653/645 338/654/646
f 298/652/644 338/654/646 299/655/647
f 299/655/647 338/654/646 337/656/648
f 299/655/647 337/656/648 336/657/649
f 299/655/647 336/657/649 300/658/650
f 300/658/650 336/657/649 335/659/651
f 300/658/650 335/659/651 334/660/652
f 334/660/652 333/661/653 300/658/650
f 300/658/650 333/661/653 332/662/654
f 300/658/650 332/662/654 301/663/655
f 301/663/655 332/662/654 331/664/656
f 301/663/655 331/664/656 330/665/657
f 301/663/655 330/665/657 302/666/658
f 302/666/658 330/665/657 329/667/659
f 302/666/658 329/667/659 303/668/660
f 303/668/660 329/667/659 328/669/661
f 303/668/660 328/669/661 304/670/662
f 304/670/662 328/669/661 327/671/663
f 304/670/662 327/671/663 305/672/664
f 305/672/664 327/671/663 306/673/665
f 306/673/665 327/671/663 326/674/666
f 306/673/665 326/674/666 307/675/667
f 307/675/667 326/674/666 325/676/668
f 307/675/667 325/676/668 308/677/669
f 308/677/669 325/676/668 309/678/670
f 309/678/670 325/676/668 324/679/671
f 309/678/670 324/679/671 310/680/672
f 310/680/672 324/679/671 323/681/673
f 310/680/672 323/681/673 311/682/674
f 311/682/674 323/681/673 322/683/675
f 311/682/674 322/683/675 312/684/676
f 312/684/676 322/683/675 321/685/677
f 312/684/676 321/685/677 313/686/678
f 313/686/678 321/685/677 320/687/679
f 313/686/678 320/687/679 314/688/680
f 314/688/680 320/687/679 319/689/681
f 314/688/680 319/689/681 315/690/682
f 315/690/682 319/689/681 318/691/683
f 315/690/682 318/691/683 316/692/684
f 316/692/684 318/691/683 317/693/685
f 172/694/686 171/695/687 355/696/688
f 355/696/688 171/695/687 354/697/689
f 173/698/690 172/699/691 356/700/692
f 356/700/692 172/699/691 355/701/693
f 174/702/694 173/703/695 357/704/696
f 357/704/696 173/703/695 356/705/697
f 178/706/698 177/707/699 361/708/700
f 361/708/700 177/707/699 360/709/701
f 360/709/701 177/707/699 176/710/702
f 360/709/701 176/710/702 359/711/703
f 359/711/703 176/710/702 175/712/704
f 359/711/703 175/712/704 358/713/705
f 358/713/705 175/712/704 174/714/706
f 358/713/705 174/714/706 357/715/707
f 182/716/708 181/717/709 365/718/710
f 365/718/710 181/717/709 364/719/711
f 364/719/711 181/717/709 180/720/712
f 364/719/711 180/720/712 363/721/713
f 363/721/713 180/720/712 179/722/714
f 363/721/713 179/722/714 362/723/715
f 362/723/715 179/722/714 178/724/716
f 362/723/715 178/724/716 361/725/717
f 183/726/718 182/727/719 366/728/720
f 366/728/720 182/727/719 365/729/721
f 184/730/722 183/731/723 367/732/724
f 367/732/724 183/731/723 366/733/725
f 185/734/726 184/735/727 368/736/728
f 368/736/728 184/735/727 367/737/729
f 171/738/730 185/739/731 354/740/732
f 354/740/732 185/739/731 368/741/733
f 368/742/734 361/743/735 354/744/736
f 354/744/736 361/743/735 360/745/737
f 354/744/736 360/745/737 359/746/738
f 367/747/739 365/748/740 368/742/734
f 368/742/734 365/748/740 364/749/741
f 368/742/734 364/749/741 363/750/742
f 367/747/739 366/751/743 365/748/740
f 363/750/742 362/752/744 368/742/734
f 368/742/734 362/752/744 361/743/735
f 359/746/738 358/753/745 354/744/736
f 354/744/736 358/753/745 357/754/746
f 354/744/736 357/754/746 355/755/747
f 355/755/747 357/754/746 356/756/748
f 168/757/749 167/758/750 370/759/751
f 370/759/751 167/758/750 369/760/752
f 169/761/753 168/762/754 371/763/755
f 371/763/755 168/762/754 370/764/756
f 170/765/757 169/766/758 372/767/759
f 372/767/759 169/766/758 371/768/760
f 167/769/761 170/770/762 369/771/763
f 369/771/763 170/770/762 372/772/764
f 372/773/765 371/774/766 369/775/767
f 369/775/767 371/774/766 370/776/768
f 161/777/769 153/778/770 373/779/771
f 373/779/771 153/778/770 152/780/772
f 162/781/773 161/782/774 374/783/775
f 374/783/775 161/782/774 373/784/776
f 147/785/777 162/786/778 148/787/779
f 148/787/779 162/786/778 374/788/780
f 152/789/781 160/790/782 373/791/783
f 373/791/783 160/790/782 375/792/784
f 373/791/783 375/792/784 374/793/785
f 374/793/785 375/792/784 376/794/786
f 374/793/785 376/794/786 149/795/787
f 149/795/787 148/796/788 374/793/785
f 149/797/789 376/798/790 150/799/791
f 150/799/791 376/798/790 163/800/792
f 150/799/791 163/800/792 151/801/793
f 377/802/794 159/803/795 378/804/796
f 378/804/796 159/803/795 158/805/797
f 158/806/798 157/807/799 378/808/800
f 378/808/800 157/807/799 166/809/801
f 166/809/801 157/807/799 156/810/802
f 49/811/803 163/812/804 26/813/805
f 26/813/805 163/812/804 376/814/806
f 26/813/805 376/814/806 27/815/807
f 27/815/807 376/814/806 28/816/808
f 28/816/808 376/814/806 29/817/809
f 29/817/809 376/814/806 30/818/810
f 30/818/810 376/814/806 31/819/811
f 31/819/811 376/814/806 32/820/812
f 32/820/812 376/814/806 375/821/813
f 32/820/812 375/821/813 33/822/814
f 33/822/814 375/821/813 34/823/815
f 34/823/815 375/821/813 35/824/816
f 35/824/816 375/821/813 36/825/817
f 36/825/817 375/821/813 37/826/818
f 37/826/818 375/821/813 38/827/819
f 38/827/819 375/821/813 39/828/820
f 39/828/820 375/821/813 164/829/821
f 39/828/820 164/829/821 40/830/822
f 40/830/822 164/829/821 41/831/823
f 41/831/823 164/829/821 42/832/824
f 42/832/824 164/829/821 43/833/825
f 43/833/825 164/829/821 44/834/826
f 44/834/826 164/829/821 163/812/804
f 44/834/826 163/812/804 45/835/827
f 45/835/827 163/812/804 46/836/828
f 46/836/828 163/812/804 47/837/829
f 47/837/829 163/812/804 48/838/830
f 48/838/830 163/812/804 49/811/803
f 122/839/831 378/840/832 99/841/833
f 99/841/833 378/840/832 166/842/834
f 99/841/833 166/842/834 100/843/835
f 100/843/835 166/842/834 101/844/836
f 101/844/836 166/842/834 102/845/837
f 102/845/837 166/842/834 103/846/838
f 103/846/838 166/842/834 104/847/839
f 104/847/839 166/842/834 105/848/840
f 105/848/840 166/842/834 165/849/841
f 105/848/840 165/849/841 106/850/842
f 106/850/842 165/849/841 107/851/843
f 107/851/843 165/849/841 108/852/844
f 108/852/844 165/849/841 109/853/845
f 109/853/845 165/849/841 110/854/846
f 110/854/846 165/849/841 377/855/847
f 110/854/846 377/855/847 111/856/848
f 111/856/848 377/855/847 112/857/849
f 112/857/849 377/855/847 113/858/850
f 113/858/850 377/855/847 114/859/851
f 114/859/851 377/855/847 115/860/852
f 115/860/852 377/855/847 116/861/853
f 116/861/853 377/855/847 117/862/854
f 117/862/854 377/855/847 378/840/832
f 117/862/854 378/840/832 118/863/855
f 118/863/855 378/840/832 119/864/856
f 119/864/856 378/840/832 120/865/857
f 120/865/857 378/840/832 121/866/858
f 121/866/858 378/840/832 122/839/831
f 165/849/841 164/829/821 377/855/847
f 377/855/847 164/829/821 375/821/813
f 375/867/859 160/868/860 377/869/861
f 377/869/861 160/868/860 159/870/862
g Body6

v -4.453000 2.278000 8.500000
v -4.466630 2.381528 8.500000
v -4.506590 2.478000 8.500000
v -4.570157 2.560843 8.500000
v -4.653000 2.624410 8.500000
v -4.749472 2.664370 8.500000
v -4.853000 2.678000 8.500000
v -4.956528 2.664370 8.500000
v -5.053000 2.624410 8.500000
v -5.135843 2.560843 8.500000
v -5.199410 2.478000 8.500000
v -5.239370 2.381528 8.500000
v -5.253000 2.278000 8.500000
v -5.239370 2.174472 8.500000
v -5.199410 2.078000 8.500000
v -5.135843 1.995157 8.500000
v -5.053000 1.931590 8.500000
v -4.956528 1.891630 8.500000
v -4.853000 1.878000 8.500000
v -4.749472 1.891630 8.500000
v -4.653000 1.931590 8.500000
v -4.570157 1.995157 8.500000
v -4.506590 2.078000 8.500000
v -4.466630 2.174472 8.500000
v -4.853000 1.878000 1.304703
v -4.749472 1.891630 1.304703
v -4.653000 1.931590 1.304703
v -4.570157 1.995157 1.304703
v -4.506590 2.078000 1.304703
v -4.466630 2.174472 1.304703
v -4.453000 2.278000 1.304703
v -4.466630 2.381528 1.304703
v -4.506590 2.478000 1.304703
v -4.570157 2.560843 1.304703
v -4.653000 2.624410 1.304703
v -4.749472 2.664370 1.304703
v -4.853000 2.678000 1.304703
v -4.956528 2.664370 1.304703
v -5.053000 2.624410 1.304703
v -5.135843 2.560843 1.304703
v -5.199410 2.478000 1.304703
v -5.239370 2.381528 1.304703
v -5.253000 2.278000 1.304703
v -5.239370 2.174472 1.304703
v -5.199410 2.078000 1.304703
v -5.135843 1.995157 1.304703
v -5.053000 1.931590 1.304703
v -4.956528 1.891630 1.304703
v -5.135843 1.995157 6.701176
v -5.135843 1.995157 4.902351
v -5.135843 1.995157 3.103527
v -4.466630 2.174472 6.701176
v -4.466630 2.174472 4.902351
v -4.466630 2.174472 3.103527
v -4.453000 2.278000 3.103527
v -4.453000 2.278000 4.902351
v -4.453000 2.278000 6.701176
v -4.506590 2.078000 6.701176
v -4.506590 2.078000 4.902351
v -4.506590 2.078000 3.103527
v -4.570157 1.995157 6.701176
v -4.570157 1.995157 4.902351
v -4.570157 1.995157 3.103527
v -4.653000 1.931590 6.701176
v -4.653000 1.931590 4.902351
v -4.653000 1.931590 3.103527
v -4.749472 1.891630 6.701176
v -4.749472 1.891630 4.902351
v -4.749472 1.891630 3.103527
v -4.853000 1.878000 6.701176
v -4.853000 1.878000 4.902351
v -4.853000 1.878000 3.103527
v -4.956528 1.891630 6.701176
v -4.956528 1.891630 4.902351
v -4.956528 1.891630 3.103527
v -5.053000 1.931590 6.701176
v -5.053000 1.931590 4.902351
v -5.053000 1.931590 3.103527
v -5.199410 2.078000 6.701176
v -5.199410 2.078000 4.902351
v -5.199410 2.078000 3.103527
v -5.239370 2.174472 6.701176
v -5.239370 2.174472 4.902351
v -5.239370 2.174472 3.103527
v -5.253000 2.278000 6.701176
v -5.253000 2.278000 4.902351
v -5.253000 2.278000 3.103527
v -5.239370 2.381528 6.701176
v -5.239370 2.381528 4.902351
v -5.239370 2.381528 3.103527
v -5.199410 2.478000 6.701176
v -5.199410 2.478000 4.902351
v -5.199410 2.478000 3.103527
v -5.135843 2.560843 6.701176
v -5.135843 2.560843 4.902351
v -5.135843 2.560843 3.103527
v -5.053000 2.624410 6.701176
v -5.053000 2.624410 4.902351
v -5.053000 2.624410 3.103527
v -4.956528 2.664370 6.701176
v -4.956528 2.664370 4.902351
v -4.956528 2.664370 3.103527
v -4.853000 2.678000 6.701176
v -4.853000 2.678000 4.902351
v -4.853000 2.678000 3.103527
v -4.749472 2.664370 6.701176
v -4.749472 2.664370 4.902351
v -4.749472 2.664370 3.103527
v -4.653000 2.624410 6.701176
v -4.653000 2.624410 4.902351
v -4.653000 2.624410 3.103527
v -4.570157 2.560843 6.701176
v -4.570157 2.560843 4.902351
v -4.570157 2.560843 3.103527
v -4.506590 2.478000 6.701176
v -4.506590 2.478000 4.902351
v -4.506590 2.478000 3.103527
v -4.466630 2.381528 6.701176
v -4.466630 2.381528 4.902351
v -4.466630 2.381528 3.103527
v 4.247000 -1.522000 8.500000
v 4.260630 -1.625528 8.500000
v 4.300590 -1.722000 8.500000
v 4.364157 -1.804843 8.500000
v 4.447000 -1.868410 8.500000
v 4.543472 -1.908370 8.500000
v 4.647000 -1.922000 8.500000
v 4.750528 -1.908370 8.500000
v 4.847000 -1.868410 8.500000
v 4.929843 -1.804843 8.500000
v 4.993410 -1.722000 8.500000
v 5.033370 -1.625528 8.500000
v 5.047000 -1.522000 8.500000
v 5.033370 -1.418472 8.500000
v 4.993410 -1.322000 8.500000
v 4.929843 -1.239157 8.500000
v 4.847000 -1.175590 8.500000
v 4.750528 -1.135630 8.500000
v 4.647000 -1.122000 8.500000
v 4.543472 -1.135630 8.500000
v 4.447000 -1.175590 8.500000
v 4.364157 -1.239157 8.500000
v 4.300590 -1.322000 8.500000
v 4.260630 -1.418472 8.500000
v 4.647000 -1.122000 1.304703
v 4.543472 -1.135630 1.304703
v 4.447000 -1.175590 1.304703
v 4.364157 -1.239157 1.304703
v 4.300590 -1.322000 1.304703
v 4.260630 -1.418472 1.304703
v 4.247000 -1.522000 1.304703
v 4.260630 -1.625528 1.304703
v 4.300590 -1.722000 1.304703
v 4.364157 -1.804843 1.304703
v 4.447000 -1.868410 1.304703
v 4.543472 -1.908370 1.304703
v 4.647000 -1.922000 1.304703
v 4.750528 -1.908370 1.304703
v 4.847000 -1.868410 1.304703
v 4.929843 -1.804843 1.304703
v 4.993410 -1.722000 1.304703
v 5.033370 -1.625528 1.304703
v 5.047000 -1.522000 1.304703
v 5.033370 -1.418472 1.304703
v 4.993410 -1.322000 1.304703
v 4.929843 -1.239157 1.304703
v 4.847000 -1.175590 1.304703
v 4.750528 -1.135630 1.304703
v 4.364157 -1.239157 6.701176
v 4.364157 -1.239157 4.902351
v 4.364157 -1.239157 3.103527
v 4.260630 -1.418472 6.701176
v 4.260630 -1.418472 4.902351
v 4.260630 -1.418472 3.103527
v 4.247000 -1.522000 3.103527
v 4.247000 -1.522000 4.902351
v 4.247000 -1.522000 6.701176
v 4.300590 -1.322000 6.701176
v 4.300590 -1.322000 4.902351
v 4.300590 -1.322000 3.103527
v 4.447000 -1.175590 6.701176
v 4.447000 -1.175590 4.902351
v 4.447000 -1.175590 3.103527
v 4.543472 -1.135630 6.701176
v 4.543472 -1.135630 4.902351
v 4.543472 -1.135630 3.103527
v 4.647000 -1.122000 6.701176
v 4.647000 -1.122000 4.902351
v 4.647000 -1.122000 3.103527
v 4.750528 -1.135630 6.701176
v 4.750528 -1.135630 4.902351
v 4.750528 -1.135630 3.103527
v 4.847000 -1.175590 6.701176
v 4.847000 -1.175590 4.902351
v 4.847000 -1.175590 3.103527
v 4.929843 -1.239157 6.701176
v 4.929843 -1.239157 4.902351
v 4.929843 -1.239157 3.103527
v 4.993410 -1.322000 6.701176
v 4.993410 -1.322000 4.902351
v 4.993410 -1.322000 3.103527
v 5.033370 -1.418472 6.701176
v 5.033370 -1.418472 4.902351
v 5.033370 -1.418472 3.103527
v 5.047000 -1.522000 6.701176
v 5.047000 -1.522000 4.902351
v 5.047000 -1.522000 3.103527
v 5.033370 -1.625528 6.701176
v 5.033370 -1.625528 4.902351
v 5.033370 -1.625528 3.103527
v 4.993410 -1.722000 6.701176
v 4.993410 -1.722000 4.902351
v 4.993410 -1.722000 3.103527
v 4.929843 -1.804843 6.701176
v 4.929843 -1.804843 4.902351
v 4.929843 -1.804843 3.103527
v 4.847000 -1.868410 6.701176
v 4.847000 -1.868410 4.902351
v 4.847000 -1.868410 3.103527
v 4.750528 -1.908370 6.701176
v 4.750528 -1.908370 4.902351
v 4.750528 -1.908370 3.103527
v 4.647000 -1.922000 6.701176
v 4.647000 -1.922000 4.902351
v 4.647000 -1.922000 3.103527
v 4.543472 -1.908370 6.701176
v 4.543472 -1.908370 4.902351
v 4.543472 -1.908370 3.103527
v 4.447000 -1.868410 6.701176
v 4.447000 -1.868410 4.902351
v 4.447000 -1.868410 3.103527
v 4.364157 -1.804843 6.701176
v 4.364157 -1.804843 4.902351
v 4.364157 -1.804843 3.103527
v 4.300590 -1.722000 6.701176
v 4.300590 -1.722000 4.902351
v 4.300590 -1.722000 3.103527
v 4.260630 -1.625528 6.701176
v 4.260630 -1.625528 4.902351
v 4.260630 -1.625528 3.103527
v 4.714776 3.047906 1.304703
v 4.289187 3.081113 1.304703
v 3.883277 3.086885 1.304703
v 3.048234 3.023761 1.304703
v 3.345387 2.807107 1.304703
v 3.627897 2.571679 1.304703
v 3.894580 2.318462 1.304703
v 3.894580 -1.681538 1.304703
v 3.278997 -2.210820 1.304703
v 2.594245 -2.646937 1.304703
v 1.854313 -2.980977 1.304703
v 1.074316 -3.206118 1.304703
v 0.270190 -3.317760 1.304703
v -0.541638 -3.313622 1.304703
v -1.344584 -3.193789 1.304703
v -2.122245 -2.960709 1.304703
v -2.858734 -2.619143 1.304703
v -3.539005 -2.176069 1.304703
v -4.149161 -1.640539 1.304703
v -4.149161 2.359461 1.304703
v -3.841936 2.642751 1.304703
v -3.514714 2.902687 1.304703
v -3.169267 3.137861 1.304703
v -4.919204 3.137861 1.304703
v -5.067809 2.979729 1.304703
v -5.211178 2.816836 1.304703
v -5.349161 2.649356 1.304703
v -5.349161 -1.926396 1.304703
v -4.731192 -2.611942 1.304703
v -4.024310 -3.205386 1.304703
v -3.242114 -3.695311 1.304703
v -2.399652 -4.072293 1.304703
v -1.513131 -4.329079 1.304703
v -0.599607 -4.460728 1.304703
v 0.323346 -4.464708 1.304703
v 1.237971 -4.340942 1.304703
v 2.126674 -4.091812 1.304703
v 2.972356 -3.722110 1.304703
v 3.758748 -3.238949 1.304703
v 4.470722 -2.651623 1.304703
v 5.094580 -1.971433 1.304703
v 5.094580 2.604319 1.304703
v 4.972324 2.755865 1.304703
v 4.845687 2.903770 1.304703
v 1.886689 4.838954 3.668373
v 1.886689 3.782661 3.668373
v 1.992822 3.782661 3.172539
v 2.212850 3.782661 2.715699
v 2.534372 3.782661 2.323603
v 2.939264 3.782661 2.018353
v 3.404704 3.782661 1.817155
v 3.904457 3.782661 1.731349
v 3.574235 4.020239 1.774221
v 3.232975 4.235521 1.876277
v 2.900350 4.418920 2.041577
v 2.596079 4.565893 2.266714
v 2.334188 4.677600 2.544697
v 2.116397 4.760653 2.883237
v 1.963199 4.813918 3.266142
v -2.919138 3.286206 1.336688
v -4.770550 3.286206 1.336688
v -4.845171 3.212885 1.329070
v -3.919171 3.210329 1.328601
v -2.909267 3.291710 1.336688
v -2.899385 3.297195 1.336688
v -2.889493 3.302661 1.336688
v -4.753472 3.302661 1.336688
v -4.759171 3.297182 1.336688
v -4.764864 3.291697 1.336688
v -2.551334 3.474578 1.406864
v -2.191127 3.627922 1.425503
v -4.388762 3.627922 1.425503
v -4.575121 3.467661 1.405021
v 0.675013 4.226380 1.425503
v 0.675013 5.105995 1.425503
v -0.226895 5.156221 1.425503
v -1.127295 5.083833 1.425503
v -2.009595 4.890167 1.425503
v -2.857536 4.578790 1.425503
v -3.655493 4.155442 1.425503
v -1.421488 3.863547 1.425503
v -0.626271 3.988016 1.425503
v 0.178556 3.998831 1.425503
v 0.976830 3.895774 1.425503
v 0.918426 3.912083 1.425503
v 0.863076 3.936734 1.425503
v 0.812047 3.969365 1.425503
v 0.766810 4.009443 1.425503
v 0.728853 4.056361 1.425503
v 0.699806 4.109212 1.425503
v 0.681375 4.166584 1.425503
v 1.885284 4.839405 3.675801
v 1.882474 4.840304 3.682898
v 1.878445 4.841592 3.689231
v 1.873538 4.843156 3.694501
v 1.867665 4.845023 3.698854
v 1.861017 4.847129 3.702112
v 1.853937 4.849363 3.704061
v 1.846857 4.851588 3.704703
v 1.846857 3.782661 3.704703
v 1.856617 3.782661 3.703494
v 1.865787 3.782661 3.699940
v 1.873813 3.782661 3.694256
v 1.880209 3.782661 3.686786
v 1.884589 3.782661 3.677981
v 1.884589 4.637803 3.677981
v 1.880209 4.637803 3.686786
v 1.873813 4.637803 3.694256
v 1.865787 4.637803 3.699940
v 1.856617 4.637803 3.703494
v 1.884589 4.424017 3.677981
v 1.884589 4.210232 3.677981
v 1.884589 3.996446 3.677981
v 1.880209 4.424017 3.686786
v 1.880209 4.210232 3.686786
v 1.880209 3.996446 3.686786
v 1.873813 4.424017 3.694256
v 1.873813 4.210232 3.694256
v 1.873813 3.996446 3.694256
v 1.865787 4.424017 3.699940
v 1.865787 4.210232 3.699940
v 1.865787 3.996446 3.699940
v 1.856617 4.424017 3.703494
v 1.856617 4.210232 3.703494
v 1.856617 3.996446 3.703494
v -1.726146 3.784492 0.226300
v -1.573278 3.826412 0.223729
v -1.419300 3.864050 0.221138
v -1.264332 3.897376 0.218531
v -1.264332 5.061918 0.218531
v -1.419010 5.033640 0.221133
v -1.572977 5.001716 0.223723
v -1.726146 4.966162 0.226300
v -1.026696 3.939790 0.614590
v -1.026696 5.098062 0.614590
v -1.250876 3.900057 1.018418
v -1.250876 5.064200 1.018418
v -1.405833 3.867126 1.021025
v -1.559811 3.829886 1.023615
v -1.712691 3.788367 1.026187
v -1.712691 4.969439 1.026187
v -1.559513 5.004659 1.023610
v -1.405546 5.036252 1.021020
v -1.950326 3.714588 0.630128
v -1.950326 4.907169 0.630128
v 1.111358 3.866901 0.630128
v 1.335538 3.811121 0.226300
v 1.335538 4.989910 0.226300
v 1.111358 5.037030 0.630128
v 1.490843 3.766728 0.223688
v 1.644822 3.717937 0.221097
v 1.797352 3.664787 0.218531
v 1.797352 4.866908 0.218531
v 1.644411 4.911591 0.221104
v 1.490443 4.952600 0.223694
v 2.034988 3.572077 0.614590
v 2.034988 4.789474 0.614590
v 1.810808 3.659863 1.018418
v 1.810808 4.862786 1.018418
v 1.658291 3.713438 1.020984
v 1.504312 3.762652 1.023574
v 1.348994 3.807463 1.026187
v 1.348994 4.986825 1.026187
v 1.503908 4.949171 1.023581
v 1.657876 4.907817 1.020991
v -3.946562 3.963956 0.662395
v -3.944633 3.965299 0.685677
v -3.938809 3.969344 0.708694
v -3.929242 3.975971 0.729776
v -3.916849 3.984518 0.747647
v -3.901745 3.994879 0.762281
v -3.884091 4.006912 0.773453
v -3.864921 4.019884 0.780191
v -3.845577 4.032878 0.782394
v -3.826181 4.045806 0.780137
v -3.806882 4.058575 0.773362
v -3.789024 4.070303 0.762182
v -3.773673 4.080320 0.747566
v -3.761012 4.088535 0.729722
v -3.751196 4.094877 0.708668
v -3.745202 4.098738 0.685670
v -3.743212 4.100017 0.662395
v -3.745202 4.098738 0.639119
v -3.751196 4.094877 0.616121
v -3.761012 4.088535 0.595067
v -3.773673 4.080320 0.577223
v -3.789024 4.070303 0.562607
v -3.806882 4.058575 0.551427
v -3.826181 4.045806 0.544652
v -3.845577 4.032878 0.542395
v -3.864921 4.019884 0.544599
v -3.884091 4.006912 0.551336
v -3.901745 3.994879 0.562508
v -3.916849 3.984518 0.577142
v -3.929242 3.975971 0.595013
v -3.938809 3.969344 0.616095
v -3.944633 3.965299 0.639112
v -3.139215 3.156609 0.662395
v -3.137169 3.157877 0.638966
v -3.131002 3.161688 0.615839
v -3.120895 3.167911 0.594715
v -3.107852 3.175900 0.576877
v -3.091972 3.185560 0.562295
v -3.073477 3.196724 0.551213
v -3.053443 3.208706 0.544558
v -3.033257 3.220669 0.542395
v -3.013011 3.232552 0.544640
v -2.992839 3.244283 0.551355
v -2.974122 3.255068 0.562450
v -2.957966 3.264301 0.577005
v -2.944613 3.271879 0.594800
v -2.934212 3.277750 0.615881
v -2.927838 3.281333 0.638977
v -2.925717 3.282522 0.662395
v -2.927838 3.281333 0.685812
v -2.934212 3.277750 0.708909
v -2.944613 3.271879 0.729989
v -2.957966 3.264301 0.747784
v -2.974122 3.255068 0.762339
v -2.992839 3.244283 0.773434
v -3.013011 3.232552 0.780149
v -3.033257 3.220669 0.782394
v -3.053443 3.208706 0.780232
v -3.073477 3.196724 0.773576
v -3.091972 3.185560 0.762495
v -3.107852 3.175900 0.747912
v -3.120895 3.167911 0.730074
v -3.131002 3.161688 0.708950
v -3.137169 3.157877 0.685823
v -3.520992 3.538386 0.662395
v -3.518101 3.541278 0.693453
v -3.509624 3.549755 0.722395
v -3.496139 3.563239 0.747247
v -3.478566 3.580813 0.766318
v -3.458101 3.601278 0.778306
v -3.436139 3.623239 0.782395
v -3.414178 3.645201 0.778306
v -3.393713 3.665666 0.766318
v -3.376139 3.683239 0.747247
v -3.362654 3.696724 0.722395
v -3.354178 3.705201 0.693453
v -3.351286 3.708092 0.662395
v -3.354178 3.705201 0.631336
v -3.362654 3.696724 0.602395
v -3.376139 3.683239 0.577542
v -3.393713 3.665666 0.558472
v -3.414178 3.645201 0.546483
v -3.436011 3.623367 0.542395
v -3.458101 3.601278 0.546483
v -3.478566 3.580813 0.558472
v -3.496139 3.563239 0.577542
v -3.509624 3.549755 0.602395
v -3.518101 3.541278 0.631336
v 3.448085 4.103212 0.610430
v 3.450078 4.101934 0.633707
v 3.456077 4.098077 0.656707
v 3.465902 4.091742 0.677761
v 3.478572 4.083536 0.695604
v 3.493935 4.073530 0.710219
v 3.511806 4.061817 0.721399
v 3.531119 4.049064 0.728173
v 3.550529 4.036151 0.730430
v 3.569886 4.023173 0.728226
v 3.589070 4.010217 0.721490
v 3.606737 3.998197 0.710319
v 3.621853 3.987848 0.695686
v 3.634256 3.979310 0.677815
v 3.643832 3.972690 0.656733
v 3.649660 3.968648 0.633714
v 3.651591 3.967307 0.610430
v 3.649660 3.968648 0.587146
v 3.643832 3.972690 0.564127
v 3.634256 3.979310 0.543044
v 3.621853 3.987848 0.525173
v 3.606737 3.998197 0.510540
v 3.589070 4.010217 0.499369
v 3.569886 4.023173 0.492633
v 3.550529 4.036151 0.490430
v 3.531119 4.049064 0.492687
v 3.511806 4.061817 0.499461
v 3.493935 4.073530 0.510640
v 3.478572 4.083536 0.525255
v 3.465902 4.091742 0.543098
v 3.456077 4.098077 0.564153
v 3.450078 4.101934 0.587152
v 2.628421 3.283548 0.610430
v 2.630543 3.282359 0.587011
v 2.636919 3.278777 0.563914
v 2.647325 3.272910 0.542833
v 2.660682 3.265336 0.525039
v 2.676843 3.256107 0.510484
v 2.695566 3.245329 0.499389
v 2.715744 3.233604 0.492675
v 2.735995 3.221728 0.490430
v 2.756186 3.209772 0.492593
v 2.776226 3.197796 0.499247
v 2.794727 3.186639 0.510328
v 2.810611 3.176984 0.524910
v 2.823659 3.168999 0.542748
v 2.833769 3.162778 0.563873
v 2.839939 3.158968 0.587000
v 2.841986 3.157701 0.610430
v 2.839939 3.158968 0.633859
v 2.833769 3.162778 0.656987
v 2.823659 3.168999 0.678112
v 2.810611 3.176984 0.695949
v 2.794727 3.186639 0.710531
v 2.776226 3.197796 0.721612
v 2.756186 3.209772 0.728267
v 2.735995 3.221728 0.730430
v 2.715744 3.233604 0.728185
v 2.695566 3.245329 0.721470
v 2.676843 3.256107 0.710375
v 2.660682 3.265336 0.695821
v 2.647325 3.272910 0.678027
v 2.636919 3.278777 0.656945
v 2.630543 3.282359 0.633848
v 3.055153 3.710280 0.610430
v 3.058045 3.707389 0.641488
v 3.066522 3.698912 0.670430
v 3.080006 3.685427 0.695283
v 3.097580 3.667854 0.714353
v 3.118045 3.647389 0.726341
v 3.140006 3.625427 0.730430
v 3.161968 3.603466 0.726341
v 3.182433 3.583001 0.714353
v 3.200006 3.565427 0.695283
v 3.213491 3.551943 0.670430
v 3.221968 3.543466 0.641488
v 3.224859 3.540575 0.610430
v 3.221968 3.543466 0.579371
v 3.213491 3.551943 0.550430
v 3.200006 3.565427 0.525577
v 3.182433 3.583001 0.506507
v 3.161968 3.603466 0.494519
v 3.139878 3.625556 0.490430
v 3.118045 3.647389 0.494519
v 3.097580 3.667854 0.506507
v 3.080006 3.685427 0.525577
v 3.066522 3.698912 0.550430
v 3.058045 3.707389 0.579371
v 3.894580 1.161563 0.914443
v 3.894580 1.573563 0.337643
v 5.094580 1.573563 0.337643
v 5.094580 1.161563 0.914443
v 3.894580 0.831963 0.337643
v 5.094580 0.831963 0.337643
v 3.894580 -0.463963 0.354303
v 3.894580 -0.875963 0.931103
v 5.094580 -0.875963 0.931103
v 5.094580 -0.463963 0.354303
v 3.894580 -0.134363 0.931103
v 5.094580 -0.134363 0.931103
v 3.894580 1.243963 0.914443
v 3.894580 1.985563 0.914443
v 5.094580 1.985563 0.914443
v 5.094580 1.243963 0.914443
v 3.894580 1.655963 0.337643
v 5.094580 1.655963 0.337643
v 5.047000 -1.122000 0.354303
v 5.047000 -1.287963 0.354303
v 5.094580 -1.287963 0.354303
v 5.094580 -0.546363 0.354303
v 3.894580 -0.546363 0.354303
v 3.894580 -1.287963 0.354303
v 4.247000 -1.287963 0.354303
v 4.247000 -1.122000 0.354303
v 3.894580 -0.958363 0.931103
v 5.094580 -0.958363 0.931103
v -1.264332 -3.211100 0.218531
v -1.419336 -3.176568 0.221139
v -1.573314 -3.137717 0.223729
v -1.726146 -3.094576 0.226300
v -1.726146 -4.279434 0.226300
v -1.572999 -4.315871 0.223724
v -1.419032 -4.348674 0.221134
v -1.264332 -4.377827 0.218531
v -1.026696 -3.255311 0.614590
v -1.026696 -4.415287 0.614590
v -1.250876 -3.213884 1.018418
v -1.250876 -4.380184 1.018418
v -1.712691 -3.098560 1.026187
v -1.559847 -3.141298 1.023616
v -1.405868 -3.179750 1.021025
v -1.405567 -4.351363 1.021020
v -1.559534 -4.318892 1.023610
v -1.712691 -4.282790 1.026187
v -1.950326 -3.022809 0.630128
v -1.950326 -4.219113 0.630128
v 1.335538 -3.144096 0.226300
v 1.111358 -3.198114 0.630128
v 1.111358 -4.365846 0.630128
v 1.335538 -4.320003 0.226300
v 1.797352 -3.001589 0.218531
v 1.644783 -3.053453 0.221098
v 1.490803 -3.100968 0.223688
v 1.490420 -4.283598 0.223695
v 1.644388 -4.243500 0.221105
v 1.797352 -4.199733 0.218531
v 2.034988 -2.910986 0.614590
v 2.034988 -4.123774 0.614590
v 1.810808 -2.996782 1.018418
v 1.810808 -4.195693 1.018418
v 1.348994 -3.140545 1.026187
v 1.504272 -3.097002 1.023575
v 1.658252 -3.049068 1.020984
v 1.657852 -4.239806 1.020991
v 1.503885 -4.280248 1.023581
v 1.348994 -4.316995 1.026187
v -3.928753 -3.273627 0.610430
v -3.926831 -3.274974 0.587155
v -3.921027 -3.279034 0.564142
v -3.911491 -3.285685 0.543063
v -3.899136 -3.294266 0.525190
v -3.884077 -3.304668 0.510553
v -3.866472 -3.316752 0.499377
v -3.847353 -3.329781 0.492636
v -3.828058 -3.342834 0.490430
v -3.808710 -3.355821 0.492688
v -3.789461 -3.368647 0.499466
v -3.771652 -3.380427 0.510651
v -3.756345 -3.390487 0.525269
v -3.743722 -3.398736 0.543115
v -3.733937 -3.405104 0.564168
v -3.727963 -3.408980 0.587161
v -3.725979 -3.410264 0.610430
v -3.727963 -3.408980 0.633698
v -3.733937 -3.405104 0.656692
v -3.743722 -3.398736 0.677744
v -3.756345 -3.390487 0.695590
v -3.771652 -3.380427 0.710209
v -3.789461 -3.368647 0.721393
v -3.808710 -3.355821 0.728172
v -3.828058 -3.342834 0.730430
v -3.847353 -3.329781 0.728224
v -3.866472 -3.316752 0.721483
v -3.884077 -3.304668 0.710306
v -3.899136 -3.294266 0.695670
v -3.911491 -3.285685 0.677797
v -3.921027 -3.279034 0.656717
v -3.926831 -3.274974 0.633705
v -3.120197 -2.465070 0.610430
v -3.118161 -2.466344 0.633845
v -3.112024 -2.470176 0.656962
v -3.101964 -2.476433 0.678083
v -3.088975 -2.484470 0.695924
v -3.073161 -2.494189 0.710511
v -3.054735 -2.505425 0.721601
v -3.034771 -2.517489 0.728264
v -3.014653 -2.529537 0.730430
v -2.994474 -2.541504 0.728183
v -2.974371 -2.553319 0.721462
v -2.955721 -2.564178 0.710359
v -2.939629 -2.573473 0.695799
v -2.926332 -2.581100 0.678000
v -2.915977 -2.587007 0.656922
v -2.909633 -2.590612 0.633834
v -2.907523 -2.591808 0.610430
v -2.909633 -2.590612 0.587025
v -2.915977 -2.587007 0.563938
v -2.926332 -2.581100 0.542859
v -2.939629 -2.573473 0.525061
v -2.955721 -2.564178 0.510500
v -2.974371 -2.553319 0.499397
v -2.994474 -2.541504 0.492676
v -3.014653 -2.529537 0.490430
v -3.034771 -2.517489 0.492596
v -3.054735 -2.505425 0.499258
v -3.073161 -2.494189 0.510348
v -3.088975 -2.484470 0.524935
v -3.101964 -2.476433 0.542776
v -3.112024 -2.470176 0.563897
v -3.118161 -2.466344 0.587014
v -3.502991 -2.847864 0.610430
v -3.500100 -2.850756 0.579371
v -3.491623 -2.859232 0.550430
v -3.478138 -2.872717 0.525577
v -3.460565 -2.890291 0.506507
v -3.440100 -2.910756 0.494519
v -3.418013 -2.932843 0.490430
v -3.396177 -2.954679 0.494519
v -3.375712 -2.975143 0.506507
v -3.358138 -2.992717 0.525577
v -3.344654 -3.006202 0.550430
v -3.336177 -3.014679 0.579371
v -3.333285 -3.017570 0.610430
v -3.336177 -3.014679 0.641488
v -3.344654 -3.006202 0.670430
v -3.358138 -2.992717 0.695283
v -3.375712 -2.975143 0.714353
v -3.396177 -2.954679 0.726341
v -3.418138 -2.932717 0.730430
v -3.440100 -2.910756 0.726341
v -3.460565 -2.890291 0.714353
v -3.478138 -2.872717 0.695283
v -3.491623 -2.859232 0.670430
v -3.500100 -2.850756 0.641488
v 3.458649 -3.441254 0.662395
v 3.460651 -3.439983 0.639107
v 3.466677 -3.436146 0.616101
v 3.476545 -3.429845 0.595044
v 3.489266 -3.421686 0.577204
v 3.504690 -3.411739 0.562593
v 3.522626 -3.400096 0.551420
v 3.542007 -3.387422 0.544650
v 3.561483 -3.374589 0.542395
v 3.580907 -3.361692 0.544596
v 3.600160 -3.348813 0.551326
v 3.617893 -3.336863 0.562491
v 3.633071 -3.326570 0.577121
v 3.645525 -3.318077 0.594989
v 3.655143 -3.311491 0.616074
v 3.660999 -3.307469 0.639100
v 3.662939 -3.306134 0.662395
v 3.660999 -3.307469 0.685689
v 3.655143 -3.311491 0.708715
v 3.645525 -3.318077 0.729800
v 3.633071 -3.326570 0.747669
v 3.617893 -3.336863 0.762298
v 3.600160 -3.348813 0.773463
v 3.580907 -3.361692 0.780193
v 3.561483 -3.374589 0.782394
v 3.542007 -3.387422 0.780139
v 3.522626 -3.400096 0.773369
v 3.504690 -3.411739 0.762196
v 3.489266 -3.421686 0.747585
v 3.476545 -3.429845 0.729745
v 3.466677 -3.436146 0.708688
v 3.460651 -3.439983 0.685682
v 2.639565 -2.622171 0.662395
v 2.641701 -2.620991 0.685830
v 2.648117 -2.617437 0.708940
v 2.658584 -2.611617 0.730024
v 2.672014 -2.604107 0.747813
v 2.688259 -2.594959 0.762360
v 2.707070 -2.584279 0.773445
v 2.727338 -2.572663 0.780152
v 2.747677 -2.560897 0.782394
v 2.767956 -2.549052 0.780236
v 2.788087 -2.537184 0.773590
v 2.806679 -2.526122 0.762520
v 2.822648 -2.516544 0.747945
v 2.835769 -2.508621 0.730112
v 2.845940 -2.502446 0.708982
v 2.852150 -2.498663 0.685842
v 2.854210 -2.497404 0.662395
v 2.852150 -2.498663 0.638947
v 2.845940 -2.502446 0.615807
v 2.835769 -2.508621 0.594677
v 2.822648 -2.516544 0.576844
v 2.806679 -2.526122 0.562269
v 2.788087 -2.537184 0.551199
v 2.767956 -2.549052 0.544553
v 2.747677 -2.560897 0.542395
v 2.727338 -2.572663 0.544638
v 2.707070 -2.584279 0.551344
v 2.688259 -2.594959 0.562429
v 2.672014 -2.604107 0.576976
v 2.658584 -2.611617 0.594765
v 2.648117 -2.617437 0.615849
v 2.641701 -2.620991 0.638959
v 3.066399 -3.049005 0.662395
v 3.069291 -3.046114 0.631336
v 3.077767 -3.037637 0.602395
v 3.091252 -3.024152 0.577542
v 3.108826 -3.006578 0.558472
v 3.129291 -2.986114 0.546483
v 3.151120 -2.964284 0.542395
v 3.173214 -2.942191 0.546483
v 3.193679 -2.921726 0.558472
v 3.211252 -2.904152 0.577542
v 3.224737 -2.890667 0.602395
v 3.233214 -2.882191 0.631336
v 3.236105 -2.879299 0.662395
v 3.233214 -2.882191 0.693453
v 3.224737 -2.890667 0.722395
v 3.211252 -2.904152 0.747247
v 3.193679 -2.921726 0.766318
v 3.173214 -2.942191 0.778306
v 3.151252 -2.964152 0.782395
v 3.129291 -2.986114 0.778306
v 3.108826 -3.006578 0.766318
v 3.091252 -3.024152 0.747247
v 3.077767 -3.037637 0.722395
v 3.069291 -3.046114 0.693453
v -4.149161 1.573563 0.337643
v -4.149161 1.161563 0.914443
v -5.349161 1.161563 0.914443
v -5.349161 1.573563 0.337643
v -4.149161 0.831963 0.337643
v -5.349161 0.831963 0.337643
v -4.149161 -0.875963 0.931103
v -4.149161 -0.463963 0.354303
v -5.349161 -0.463963 0.354303
v -5.349161 -0.875963 0.931103
v -4.149161 -0.134363 0.931103
v -5.349161 -0.134363 0.931103
v -5.253000 1.878000 0.726208
v -5.253000 1.985563 0.914443
v -5.349161 1.985563 0.914443
v -5.349161 1.655963 0.337643
v -4.149161 1.655963 0.337643
v -4.149161 1.985563 0.914443
v -4.453000 1.985563 0.914443
v -4.453000 1.878000 0.726208
v -4.149161 1.243963 0.914443
v -5.349161 1.243963 0.914443
v -4.149161 -0.958363 0.931103
v -4.149161 -1.287963 0.354303
v -5.349161 -1.287963 0.354303
v -5.349161 -0.958363 0.931103
v -4.149161 -0.546363 0.354303
v -5.349161 -0.546363 0.354303
v 1.382778 4.036164 3.668421
v 1.382778 4.978947 3.668421
v 1.297211 4.998561 3.086257
v 1.149650 5.029586 2.512882
v 0.941308 5.067529 1.956684
v 0.940268 4.167073 1.954006
v 1.148112 4.110695 2.507874
v 1.296256 4.065003 3.081435
v 1.605018 3.731012 3.664703
v 1.558464 3.750257 3.665290
v 1.515482 3.776532 3.665871
v 1.477117 3.809185 3.666432
v 1.444335 3.847448 3.666958
v 1.417928 3.890369 3.667433
v 1.398555 3.936896 3.667843
v 1.386751 3.985905 3.668176
v 1.212231 3.843017 1.956798
v 1.396578 3.794257 2.510534
v 1.528016 3.755395 3.081691
v 1.301958 4.023387 3.096716
v 1.309023 3.983601 3.092881
v 1.320995 3.945109 3.088151
v 1.337682 3.908526 3.082599
v 1.359665 3.873225 3.076073
v 1.408001 3.820133 3.063220
v 1.467021 3.779701 3.049017
v 1.153384 4.068173 2.515551
v 1.160089 4.027438 2.509906
v 1.171835 3.988100 2.502803
v 1.188425 3.950822 2.494360
v 1.210427 3.915003 2.484348
v 1.259027 3.861629 2.464474
v 1.318466 3.821830 2.442383
v 0.943793 4.123649 1.954798
v 0.950131 4.081618 1.947695
v 0.961658 4.041131 1.938489
v 0.978169 4.002915 1.927345
v 1.000217 3.966414 1.913966
v 1.049117 3.912724 1.887109
v 1.108956 3.873888 1.857019
v 1.872883 3.636820 3.668287
v 1.873161 3.636542 3.664703
v 1.964265 3.600954 3.190171
v 2.125168 3.533467 2.781540
v 2.299365 3.453935 2.471829
v 2.476864 3.364758 2.211174
v 2.812906 3.175572 1.756188
v 2.950607 3.088665 1.535824
v 4.659822 3.105958 1.420514
v 4.584609 3.183193 1.516065
v 4.494135 3.272878 1.589150
v 4.392079 3.369985 1.642491
v 4.167286 3.570250 1.704546
v 3.360539 3.082386 1.376341
v 3.466426 3.610201 1.779841
v 2.253738 3.610201 2.620240
v 2.064294 3.610201 2.945016
v 2.456661 3.446278 2.292869
v 2.496746 3.610201 2.333333
v 2.701194 3.299005 1.970766
v 2.753478 3.446278 2.046212
v 2.785922 3.610201 2.093027
v 2.999233 3.175673 1.660612
v 3.050273 3.299005 1.771513
v 3.088649 3.446278 1.854898
v 3.112461 3.610201 1.906639
v 3.397682 3.175673 1.517879
v 3.428669 3.299005 1.635963
v 3.451969 3.446278 1.724749
v 4.238109 3.175673 1.448856
v 4.226803 3.299005 1.570413
v 4.218302 3.446278 1.661811
v 3.837042 3.610201 1.716493
v 3.832380 3.446278 1.659727
v 3.824866 3.299005 1.568243
v 3.814873 3.175673 1.446570
v 1.841171 3.691294 3.704703
v 1.841374 3.690960 3.704702
v 1.852693 3.672027 3.702162
v 1.857797 3.663307 3.699108
v 1.862353 3.655420 3.694947
v 1.866198 3.648690 3.689840
v 1.869311 3.643189 3.683785
v 1.871648 3.639030 3.676524
v 1.872422 3.637646 3.672506
v 1.883673 3.732369 3.675706
v 1.880963 3.732545 3.682668
v 1.878589 3.732700 3.686780
v 1.873906 3.733004 3.692594
v 1.868230 3.733373 3.697442
v 1.861756 3.733794 3.701145
v 1.854703 3.734252 3.703571
v 1.422605 4.969423 3.704703
v 1.422605 4.036164 3.704703
v 1.426101 3.992181 3.704703
v 1.436457 3.949290 3.704703
v 1.453441 3.908567 3.704703
v 1.476586 3.870999 3.704703
v 1.505312 3.837505 3.704703
v 1.538925 3.808920 3.704703
v 1.576580 3.785914 3.704703
v 1.617361 3.769060 3.704703
v 1.692320 3.744169 3.704703
v 1.766928 3.718245 3.704703
v 1.706318 4.893983 3.704703
v 1.564877 4.933268 3.704703
v 1.415476 4.971146 3.704052
v 1.408355 4.972860 3.702078
v 1.401687 4.974458 3.698786
v 1.395826 4.975855 3.694414
v 1.390941 4.977016 3.689130
v 1.386945 4.977963 3.682815
v 1.384170 4.978619 3.675772
v 1.384886 4.036164 3.678019
v 1.389271 4.036164 3.686813
v 1.395667 4.036164 3.694273
v 1.403689 4.036164 3.699948
v 1.412853 4.036164 3.703496
v 1.412853 4.790391 3.703496
v 1.412853 4.601834 3.703496
v 1.412853 4.413278 3.703496
v 1.412853 4.224721 3.703496
v 1.403689 4.790391 3.699948
v 1.403689 4.601834 3.699948
v 1.403689 4.413278 3.699948
v 1.403689 4.224721 3.699948
v 1.395667 4.790391 3.694273
v 1.395667 4.601834 3.694273
v 1.395667 4.413278 3.694273
v 1.395667 4.224721 3.694273
v 1.389271 4.790391 3.686813
v 1.389271 4.601834 3.686813
v 1.389271 4.413278 3.686813
v 1.389271 4.224721 3.686813
v 1.384886 4.790391 3.678019
v 1.384886 4.601834 3.678019
v 1.384886 4.413278 3.678019
v 1.384886 4.224721 3.678019
v 1.605438 3.732309 3.675056
v 1.606671 3.736110 3.684703
v 1.608633 3.742156 3.692987
v 1.611189 3.750036 3.699344
v 1.614166 3.759213 3.703340
v 1.388087 3.986118 3.675546
v 1.390749 3.986542 3.682537
v 1.393095 3.986916 3.686676
v 1.397725 3.987655 3.692519
v 1.403346 3.988551 3.697393
v 1.409763 3.989575 3.701119
v 1.416757 3.990690 3.703561
v 1.399793 3.937301 3.675265
v 1.402325 3.938129 3.682313
v 1.404572 3.938864 3.686489
v 1.409025 3.940320 3.692389
v 1.414447 3.942093 3.697314
v 1.420648 3.944120 3.701079
v 1.427414 3.946333 3.703548
v 1.419031 3.890934 3.674918
v 1.421364 3.892130 3.682037
v 1.423456 3.893201 3.686259
v 1.427621 3.895336 3.692228
v 1.432711 3.897944 3.697215
v 1.438544 3.900933 3.701030
v 1.444917 3.904199 3.703532
v 1.445276 3.848134 3.674515
v 1.447354 3.849652 3.681716
v 1.449238 3.851028 3.685991
v 1.453013 3.853784 3.692041
v 1.457645 3.857167 3.697100
v 1.462967 3.861053 3.700972
v 1.468790 3.865306 3.703514
v 1.477880 3.809951 3.674069
v 1.479657 3.811736 3.681360
v 1.481289 3.813375 3.685693
v 1.484581 3.816682 3.691833
v 1.488640 3.820759 3.696971
v 1.493317 3.825457 3.700908
v 1.498443 3.830606 3.703493
v 1.516062 3.777334 3.673592
v 1.517503 3.779324 3.680977
v 1.518846 3.781180 3.685374
v 1.521577 3.784952 3.691609
v 1.524960 3.789626 3.696833
v 1.528871 3.795029 3.700839
v 1.533166 3.800963 3.703470
v 1.558868 3.751053 3.673096
v 1.559952 3.753186 3.680579
v 1.560979 3.755207 3.685041
v 1.563083 3.759348 3.691375
v 1.565705 3.764508 3.696689
v 1.568745 3.770492 3.700767
v 1.572090 3.777076 3.703447
v 1.694920 3.701015 3.664703
v 1.784310 3.669522 3.664703
v 1.749532 3.713418 3.703340
v 1.746327 3.704319 3.699344
v 1.743574 3.696505 3.692987
v 1.741461 3.690510 3.684703
v 1.740134 3.686741 3.675056
v -5.349161 0.168462 0.624703
v -5.349161 0.173573 0.663526
v -5.349161 0.188558 0.699703
v -5.349161 0.212396 0.730769
v -5.349161 0.243462 0.754607
v -5.349161 0.279639 0.769592
v -5.349161 0.318462 0.774703
v -5.349161 0.357285 0.769592
v -5.349161 0.393462 0.754607
v -5.349161 0.424528 0.730769
v -5.349161 0.448366 0.699703
v -5.349161 0.463351 0.663526
v -5.349161 0.468462 0.624703
v -5.349161 0.463351 0.585880
v -5.349161 0.448366 0.549703
v -5.349161 0.424528 0.518637
v -5.349161 0.393462 0.494799
v -5.349161 0.357285 0.479814
v -5.349161 0.318462 0.474703
v -5.349161 0.279639 0.479814
v -5.349161 0.243462 0.494799
v -5.349161 0.212396 0.518637
v -5.349161 0.188558 0.549703
v -5.349161 0.173573 0.585880
v -4.149161 0.168462 0.624703
v -4.149161 0.173573 0.585880
v -4.149161 0.188558 0.549703
v -4.149161 0.212396 0.518637
v -4.149161 0.243462 0.494799
v -4.149161 0.279639 0.479814
v -4.149161 0.318462 0.474703
v -4.149161 0.357285 0.479814
v -4.149161 0.393462 0.494799
v -4.149161 0.424528 0.518637
v -4.149161 0.448366 0.549703
v -4.149161 0.463351 0.585880
v -4.149161 0.468462 0.624703
v -4.149161 0.463351 0.663526
v -4.149161 0.448366 0.699703
v -4.149161 0.424528 0.730769
v -4.149161 0.393462 0.754607
v -4.149161 0.357285 0.769592
v -4.149161 0.318462 0.774703
v -4.149161 0.279639 0.769592
v -4.149161 0.243462 0.754607
v -4.149161 0.212396 0.730769
v -4.149161 0.188558 0.699703
v -4.149161 0.173573 0.663526
v -4.749161 0.168462 0.624703
v -4.749161 0.173573 0.663526
v -4.749161 0.188558 0.699703
v -4.749161 0.212396 0.730769
v -4.749161 0.243462 0.754607
v -4.749161 0.279639 0.769592
v -4.749161 0.318462 0.774703
v -4.749161 0.357285 0.769592
v -4.749161 0.393462 0.754607
v -4.749161 0.424528 0.730769
v -4.749161 0.448366 0.699703
v -4.749161 0.463351 0.663526
v -4.749161 0.468462 0.624703
v -4.749161 0.463351 0.585880
v -4.749161 0.448366 0.549703
v -4.749161 0.424528 0.518637
v -4.749161 0.393462 0.494799
v -4.749161 0.357285 0.479814
v -4.749161 0.318462 0.474703
v -4.749161 0.279639 0.479814
v -4.749161 0.243462 0.494799
v -4.749161 0.212396 0.518637
v -4.749161 0.188558 0.549703
v -4.749161 0.173573 0.585880
v 5.094580 0.468462 0.624703
v 5.094580 0.463351 0.663526
v 5.094580 0.448366 0.699703
v 5.094580 0.424528 0.730769
v 5.094580 0.393462 0.754607
v 5.094580 0.357285 0.769592
v 5.094580 0.318462 0.774703
v 5.094580 0.279639 0.769592
v 5.094580 0.243462 0.754607
v 5.094580 0.212396 0.730769
v 5.094580 0.188558 0.699703
v 5.094580 0.173573 0.663526
v 5.094580 0.168462 0.624703
v 5.094580 0.173573 0.585880
v 5.094580 0.188558 0.549703
v 5.094580 0.212396 0.518637
v 5.094580 0.243462 0.494799
v 5.094580 0.279639 0.479814
v 5.094580 0.318462 0.474703
v 5.094580 0.357285 0.479814
v 5.094580 0.393462 0.494799
v 5.094580 0.424528 0.518637
v 5.094580 0.448366 0.549703
v 5.094580 0.463351 0.585880
v 3.894580 0.168462 0.624703
v 3.894580 0.173573 0.663526
v 3.894580 0.188558 0.699703
v 3.894580 0.212396 0.730769
v 3.894580 0.243462 0.754607
v 3.894580 0.279639 0.769592
v 3.894580 0.318462 0.774703
v 3.894580 0.357285 0.769592
v 3.894580 0.393462 0.754607
v 3.894580 0.424528 0.730769
v 3.894580 0.448366 0.699703
v 3.894580 0.463351 0.663526
v 3.894580 0.468462 0.624703
v 3.894580 0.463351 0.585880
v 3.894580 0.448366 0.549703
v 3.894580 0.424528 0.518637
v 3.894580 0.393462 0.494799
v 3.894580 0.357285 0.479814
v 3.894580 0.318462 0.474703
v 3.894580 0.279639 0.479814
v 3.894580 0.243462 0.494799
v 3.894580 0.212396 0.518637
v 3.894580 0.188558 0.549703
v 3.894580 0.173573 0.585880
v 4.494580 0.168462 0.624703
v 4.494580 0.463351 0.663526
v 4.494580 0.468462 0.624703
v 4.494580 0.448366 0.699703
v 4.494580 0.424528 0.730769
v 4.494580 0.393462 0.754607
v 4.494580 0.357285 0.769592
v 4.494580 0.318462 0.774703
v 4.494580 0.279639 0.769592
v 4.494580 0.243462 0.754607
v 4.494580 0.212396 0.730769
v 4.494580 0.188558 0.699703
v 4.494580 0.173573 0.663526
v 4.494580 0.173573 0.585880
v 4.494580 0.188558 0.549703
v 4.494580 0.212396 0.518637
v 4.494580 0.243462 0.494799
v 4.494580 0.279639 0.479814
v 4.494580 0.318462 0.474703
v 4.494580 0.357285 0.479814
v 4.494580 0.393462 0.494799
v 4.494580 0.424528 0.518637
v 4.494580 0.448366 0.549703
v 4.494580 0.463351 0.585880
v -5.253000 1.878000 0.914443
v -4.453000 1.878000 0.914443
v -4.453000 1.878000 0.025000
v -5.253000 1.878000 0.025000
v -5.253000 2.678000 0.025000
v -4.453000 2.678000 0.025000
v 5.047000 -1.122000 0.644739
v 4.247000 -1.122000 0.644739
v 5.047000 -1.922000 0.025000
v 4.247000 -1.922000 0.025000
v 4.247000 -1.122000 0.025000
v 5.047000 -1.122000 0.025000
v 5.094580 -1.971433 -0.000000
v 5.094580 2.604319 -0.000000
v -5.349161 -1.926396 0.000000
v -4.731192 -2.611942 0.000000
v -4.024310 -3.205386 -0.000000
v -3.242114 -3.695311 -0.000000
v -2.399652 -4.072293 -0.000000
v -1.513131 -4.329079 -0.000000
v -0.599607 -4.460728 -0.000000
v 0.323346 -4.464708 -0.000000
v 1.237971 -4.340942 -0.000000
v 2.126674 -4.091812 0.000000
v 2.972356 -3.722110 0.000000
v 3.758748 -3.238949 0.000000
v 4.470722 -2.651623 -0.000000
v -5.349161 2.649356 0.000000
v 4.476611 3.289865 -0.000000
v 3.769730 3.883309 -0.000000
v 2.987533 4.373234 -0.000000
v 2.145071 4.750216 -0.000000
v 1.258550 5.007001 -0.000000
v 0.345026 5.138651 -0.000000
v -0.577926 5.142631 -0.000000
v -1.492552 5.018865 -0.000000
v -2.381254 4.769735 -0.000000
v -3.226936 4.400033 -0.000000
v -4.013329 3.916872 -0.000000
v -4.725303 3.329546 -0.000000
v -4.149161 2.359461 0.000000
v -3.533577 2.888743 -0.000000
v -2.848825 3.324859 -0.000000
v -2.108893 3.658900 -0.000000
v -1.328897 3.884041 -0.000000
v -0.524771 3.995683 -0.000000
v 0.287058 3.991545 -0.000000
v 1.090004 3.871712 -0.000000
v 1.867665 3.638632 -0.000000
v 2.604153 3.297066 -0.000000
v 3.284424 2.853992 -0.000000
v 3.894580 2.318462 0.000000
v -4.149161 -1.640539 0.000000
v 3.894580 -1.681538 0.000000
v 3.278997 -2.210820 -0.000000
v 2.594245 -2.646937 -0.000000
v 1.854313 -2.980977 -0.000000
v 1.074316 -3.206118 -0.000000
v 0.270190 -3.317760 -0.000000
v -0.541638 -3.313622 -0.000000
v -1.344584 -3.193789 -0.000000
v -2.122245 -2.960709 -0.000000
v -2.858734 -2.619143 -0.000000
v -3.539005 -2.176069 -0.000000
v -5.253000 1.878000 0.000000
v -5.253000 2.678000 0.000000
v -4.453000 1.878000 0.000000
v -4.453000 2.678000 0.000000
v 5.047000 -1.122000 -0.000000
v 5.047000 -1.922000 -0.000000
v 4.247000 -1.122000 -0.000000
v 4.247000 -1.922000 -0.000000
vt 0.386370 0.103528 0.000000
vt -0.386370 0.103528 0.000000
vt 0.400000 0.000000 0.000000
vt -0.400000 0.000000 0.000000
vt 0.386370 -0.103528 0.000000
vt -0.386370 -0.103528 0.000000
vt 0.346410 -0.200000 0.000000
vt -0.346410 -0.200000 0.000000
vt 0.282843 -0.282843 0.000000
vt -0.282843 -0.282843 0.000000
vt 0.200000 -0.346410 0.000000
vt -0.200000 -0.346410 0.000000
vt 0.103528 -0.386370 0.000000
vt -0.103528 -0.386370 0.000000
vt -0.000000 -0.400000 0.000000
vt -0.346410 0.200000 0.000000
vt 0.346410 0.200000 0.000000
vt -0.282843 0.282843 0.000000
vt 0.282843 0.282843 0.000000
vt -0.200000 0.346410 0.000000
vt 0.200000 0.346410 0.000000
vt -0.103528 0.386370 0.000000
vt 0.103528 0.386370 0.000000
vt -0.000000 0.400000 0.000000
vt -9.500000 -0.418879 0.000000
vt -7.701176 -0.418879 0.000000
vt -9.500000 -0.314159 0.000000
vt -7.701176 -0.314159 0.000000
vt -9.500000 -0.209440 0.000000
vt -7.701176 -0.209440 0.000000
vt -9.500000 -0.104720 0.000000
vt -7.701176 -0.104720 0.000000
vt -9.500000 0.000000 0.000000
vt -7.701176 0.000000 0.000000
vt -9.500000 0.104720 0.000000
vt -7.701176 0.104720 0.000000
vt -9.500000 0.209440 0.000000
vt -7.701176 0.209440 0.000000
vt -9.500000 0.314159 0.000000
vt -7.701176 0.314159 0.000000
vt -9.500000 0.418879 0.000000
vt -7.701176 0.418879 0.000000
vt -9.500000 0.523599 0.000000
vt -7.701176 0.523599 0.000000
vt -9.500000 0.628319 0.000000
vt -7.701176 0.628319 0.000000
vt -9.500000 0.733038 0.000000
vt -7.701176 0.733038 0.000000
vt -9.500000 0.837758 0.000000
vt -7.701176 0.837758 0.000000
vt -9.500000 0.942478 0.000000
vt -7.701176 0.942478 0.000000
vt -9.500000 1.047198 0.000000
vt -7.701176 1.047198 0.000000
vt -9.500000 1.151917 0.000000
vt -7.701176 1.151917 0.000000
vt -9.500000 1.256637 0.000000
vt -7.701176 1.256637 0.000000
vt -9.500000 -1.256637 0.000000
vt -7.701176 -1.256637 0.000000
vt -9.500000 -1.151917 0.000000
vt -7.701176 -1.151917 0.000000
vt -9.500000 -1.047198 0.000000
vt -7.701176 -1.047198 0.000000
vt -9.500000 -0.942478 0.000000
vt -7.701176 -0.942478 0.000000
vt -9.500000 -0.837758 0.000000
vt -7.701176 -0.837758 0.000000
vt -9.500000 -0.733038 0.000000
vt -7.701176 -0.733038 0.000000
vt -9.500000 -0.628319 0.000000
vt -7.701176 -0.628319 0.000000
vt -9.500000 -0.523599 0.000000
vt -7.701176 -0.523599 0.000000
vt -2.304703 -0.837758 0.000000
vt -4.103527 -0.837758 0.000000
vt -2.304703 -0.942478 0.000000
vt -4.103527 -0.942478 0.000000
vt -2.304703 -1.047198 0.000000
vt -4.103527 -1.047198 0.000000
vt -2.304703 -1.151917 0.000000
vt -4.103527 -1.151917 0.000000
vt -2.304703 -1.256637 0.000000
vt -4.103527 -1.256637 0.000000
vt -2.304703 1.256637 0.000000
vt -4.103527 1.256637 0.000000
vt -2.304703 1.151917 0.000000
vt -4.103527 1.151917 0.000000
vt -2.304703 1.047198 0.000000
vt -4.103527 1.047198 0.000000
vt -2.304703 0.942478 0.000000
vt -4.103527 0.942478 0.000000
vt -2.304703 0.837758 0.000000
vt -4.103527 0.837758 0.000000
vt -2.304703 0.733038 0.000000
vt -4.103527 0.733038 0.000000
vt -2.304703 0.628319 0.000000
vt -4.103527 0.628319 0.000000
vt -2.304703 0.523599 0.000000
vt -4.103527 0.523599 0.000000
vt -2.304703 0.418879 0.000000
vt -4.103527 0.418879 0.000000
vt -2.304703 0.314159 0.000000
vt -4.103527 0.314159 0.000000
vt -2.304703 0.209440 0.000000
vt -4.103527 0.209440 0.000000
vt -2.304703 0.104720 0.000000
vt -4.103527 0.104720 0.000000
vt -2.304703 0.000000 0.000000
vt -4.103527 0.000000 0.000000
vt -2.304703 -0.104720 0.000000
vt -4.103527 -0.104720 0.000000
vt -2.304703 -0.209440 0.000000
vt -4.103527 -0.209440 0.000000
vt -2.304703 -0.314159 0.000000
vt -4.103527 -0.314159 0.000000
vt -2.304703 -0.418879 0.000000
vt -4.103527 -0.418879 0.000000
vt -2.304703 -0.523599 0.000000
vt -4.103527 -0.523599 0.000000
vt -2.304703 -0.628319 0.000000
vt -4.103527 -0.628319 0.000000
vt -2.304703 -0.733038 0.000000
vt -4.103527 -0.733038 0.000000
vt -5.902351 -1.256637 0.000000
vt -5.902351 -1.151917 0.000000
vt -5.902351 -1.047198 0.000000
vt -5.902351 -0.942478 0.000000
vt -5.902351 -0.837758 0.000000
vt -5.902351 -0.733038 0.000000
vt -5.902351 -0.628319 0.000000
vt -5.902351 -0.523599 0.000000
vt -5.902351 -0.418879 0.000000
vt -5.902351 -0.314159 0.000000
vt -5.902351 -0.209440 0.000000
vt -5.902351 -0.104720 0.000000
vt -5.902351 0.000000 0.000000
vt -5.902351 0.104720 0.000000
vt -5.902351 0.209440 0.000000
vt -5.902351 0.314159 0.000000
vt -5.902351 0.418879 0.000000
vt -5.902351 0.523599 0.000000
vt -5.902351 0.628319 0.000000
vt -5.902351 0.733038 0.000000
vt -5.902351 0.837758 0.000000
vt -5.902351 0.942478 0.000000
vt -5.902351 1.047198 0.000000
vt -5.902351 1.151917 0.000000
vt -5.902351 1.256637 0.000000
vt -0.386370 -0.103528 0.000000
vt 0.386370 -0.103528 0.000000
vt -0.400000 -0.000000 0.000000
vt 0.400000 -0.000000 0.000000
vt -0.386370 0.103528 0.000000
vt 0.386370 0.103528 0.000000
vt -0.346410 0.200000 0.000000
vt 0.346410 0.200000 0.000000
vt -0.282843 0.282843 0.000000
vt 0.282843 0.282843 0.000000
vt -0.200000 0.346410 0.000000
vt 0.200000 0.346410 0.000000
vt -0.103528 0.386370 0.000000
vt 0.103528 0.386370 0.000000
vt 0.000000 0.400000 0.000000
vt 0.346410 -0.200000 0.000000
vt -0.346410 -0.200000 0.000000
vt 0.282843 -0.282843 0.000000
vt -0.282843 -0.282843 0.000000
vt 0.200000 -0.346410 0.000000
vt -0.200000 -0.346410 0.000000
vt 0.103528 -0.386370 0.000000
vt -0.103528 -0.386370 0.000000
vt 0.000000 -0.400000 0.000000
vt -9.500000 -1.047198 0.000000
vt -7.701176 -1.047198 0.000000
vt -9.500000 -0.942478 0.000000
vt -7.701176 -0.942478 0.000000
vt -9.500000 -0.837758 0.000000
vt -7.701176 -0.837758 0.000000
vt -9.500000 -0.733038 0.000000
vt -7.701176 -0.733038 0.000000
vt -9.500000 -0.628319 0.000000
vt -7.701176 -0.628319 0.000000
vt -9.500000 -0.523599 0.000000
vt -7.701176 -0.523599 0.000000
vt -9.500000 -0.418879 0.000000
vt -7.701176 -0.418879 0.000000
vt -9.500000 -0.314159 0.000000
vt -7.701176 -0.314159 0.000000
vt -9.500000 -0.209440 0.000000
vt -7.701176 -0.209440 0.000000
vt -9.500000 -0.104720 0.000000
vt -7.701176 -0.104720 0.000000
vt -9.500000 0.000000 0.000000
vt -7.701176 0.000000 0.000000
vt -9.500000 0.104720 0.000000
vt -7.701176 0.104720 0.000000
vt -9.500000 0.209440 0.000000
vt -7.701176 0.209440 0.000000
vt -9.500000 0.314159 0.000000
vt -7.701176 0.314159 0.000000
vt -9.500000 0.418879 0.000000
vt -7.701176 0.418879 0.000000
vt -9.500000 0.523599 0.000000
vt -7.701176 0.523599 0.000000
vt -9.500000 0.628319 0.000000
vt -7.701176 0.628319 0.000000
vt -9.500000 0.733038 0.000000
vt -7.701176 0.733038 0.000000
vt -9.500000 0.837758 0.000000
vt -7.701176 0.837758 0.000000
vt -9.500000 0.942478 0.000000
vt -7.701176 0.942478 0.000000
vt -9.500000 1.047198 0.000000
vt -7.701176 1.047198 0.000000
vt -9.500000 1.151917 0.000000
vt -7.701176 1.151917 0.000000
vt -9.500000 1.256637 0.000000
vt -7.701176 1.256637 0.000000
vt -9.500000 -1.256637 0.000000
vt -7.701176 -1.256637 0.000000
vt -9.500000 -1.151917 0.000000
vt -7.701176 -1.151917 0.000000
vt -2.304703 1.047198 0.000000
vt -4.103527 1.047198 0.000000
vt -2.304703 0.942478 0.000000
vt -4.103527 0.942478 0.000000
vt -2.304703 0.837758 0.000000
vt -4.103527 0.837758 0.000000
vt -2.304703 0.733038 0.000000
vt -4.103527 0.733038 0.000000
vt -2.304703 0.628319 0.000000
vt -4.103527 0.628319 0.000000
vt -2.304703 0.523599 0.000000
vt -4.103527 0.523599 0.000000
vt -2.304703 0.418879 0.000000
vt -4.103527 0.418879 0.000000
vt -2.304703 0.314159 0.000000
vt -4.103527 0.314159 0.000000
vt -2.304703 0.209440 0.000000
vt -4.103527 0.209440 0.000000
vt -2.304703 0.104720 0.000000
vt -4.103527 0.104720 0.000000
vt -2.304703 0.000000 0.000000
vt -4.103527 0.000000 0.000000
vt -2.304703 -0.104720 0.000000
vt -4.103527 -0.104720 0.000000
vt -2.304703 -0.209440 0.000000
vt -4.103527 -0.209440 0.000000
vt -2.304703 -0.314159 0.000000
vt -4.103527 -0.314159 0.000000
vt -2.304703 -0.418879 0.000000
vt -4.103527 -0.418879 0.000000
vt -2.304703 -0.523599 0.000000
vt -4.103527 -0.523599 0.000000
vt -2.304703 -0.628319 0.000000
vt -4.103527 -0.628319 0.000000
vt -2.304703 -0.733038 0.000000
vt -4.103527 -0.733038 0.000000
vt -2.304703 -0.837758 0.000000
vt -4.103527 -0.837758 0.000000
vt -2.304703 -0.942478 0.000000
vt -4.103527 -0.942478 0.000000
vt -2.304703 -1.047198 0.000000
vt -4.103527 -1.047198 0.000000
vt -2.304703 -1.151917 0.000000
vt -4.103527 -1.151917 0.000000
vt -2.304703 -1.256637 0.000000
vt -4.103527 -1.256637 0.000000
vt -2.304703 1.256637 0.000000
vt -4.103527 1.256637 0.000000
vt -2.304703 1.151917 0.000000
vt -4.103527 1.151917 0.000000
vt -5.902351 -1.256637 0.000000
vt -5.902351 -1.151917 0.000000
vt -5.902351 -1.047198 0.000000
vt -5.902351 -0.942478 0.000000
vt -5.902351 -0.837758 0.000000
vt -5.902351 -0.733038 0.000000
vt -5.902351 -0.628319 0.000000
vt -5.902351 -0.523599 0.000000
vt -5.902351 -0.418879 0.000000
vt -5.902351 -0.314159 0.000000
vt -5.902351 -0.209440 0.000000
vt -5.902351 -0.104720 0.000000
vt -5.902351 0.000000 0.000000
vt -5.902351 0.104720 0.000000
vt -5.902351 0.209440 0.000000
vt -5.902351 0.314159 0.000000
vt -5.902351 0.418879 0.000000
vt -5.902351 0.523599 0.000000
vt -5.902351 0.628319 0.000000
vt -5.902351 0.733038 0.000000
vt -5.902351 0.837758 0.000000
vt -5.902351 0.942478 0.000000
vt -5.902351 1.047198 0.000000
vt -5.902351 1.151917 0.000000
vt -5.902351 1.256637 0.000000
vt 4.670763 -1.474591 0.000000
vt 4.774290 -1.460961 0.000000
vt 4.021870 1.979501 0.000000
vt 4.877818 -1.474591 0.000000
vt 5.221870 2.265358 0.000000
vt 4.974290 -1.514551 0.000000
vt 5.057133 -1.578119 0.000000
vt 5.120700 -1.660961 0.000000
vt 5.160661 -1.757434 0.000000
vt 5.174290 -1.860961 0.000000
vt 5.221870 -2.310394 0.000000
vt 5.160661 -1.964489 0.000000
vt 5.120700 -2.060961 0.000000
vt 5.057133 -2.143804 0.000000
vt 4.974290 -2.207372 0.000000
vt 4.877818 -2.247332 0.000000
vt 4.598012 -2.990585 0.000000
vt 4.774290 -2.260961 0.000000
vt 4.670763 -2.247332 0.000000
vt 4.574290 -2.207372 0.000000
vt 3.406287 -2.549782 0.000000
vt 3.886039 -3.577910 0.000000
vt 2.721535 -2.985898 0.000000
vt 3.099646 -4.061071 0.000000
vt 1.981603 -3.319939 0.000000
vt 2.253964 -4.430773 0.000000
vt 1.201607 -3.545080 0.000000
vt 1.365262 -4.679904 0.000000
vt 0.397481 -3.656722 0.000000
vt 0.450636 -4.803669 0.000000
vt -0.472317 -4.799689 0.000000
vt -0.414348 -3.652584 0.000000
vt -1.385841 -4.668040 0.000000
vt -1.217294 -3.532751 0.000000
vt -2.272362 -4.411255 0.000000
vt -1.994955 -3.299670 0.000000
vt -3.114824 -4.034273 0.000000
vt -2.731444 -2.958105 0.000000
vt -3.897020 -3.544347 0.000000
vt -3.411714 -2.515031 0.000000
vt -4.603902 -2.950903 0.000000
vt -4.021870 -1.979501 0.000000
vt -5.221870 -2.265358 0.000000
vt -4.829237 1.552668 0.000000
vt -4.925710 1.592628 0.000000
vt 4.491448 -2.143804 0.000000
vt 4.021870 -2.020499 0.000000
vt 4.427880 -2.060961 0.000000
vt 4.387920 -1.964489 0.000000
vt 4.374290 -1.860961 0.000000
vt 4.387920 -1.757434 0.000000
vt 4.427880 -1.660961 0.000000
vt 4.491448 -1.578119 0.000000
vt 4.574290 -1.514551 0.000000
vt -4.622182 1.552668 0.000000
vt -4.725710 1.539039 0.000000
vt -5.008552 1.656196 0.000000
vt -5.072120 1.739039 0.000000
vt -5.112080 1.835511 0.000000
vt -5.221870 2.310394 0.000000
vt -5.125710 1.939039 0.000000
vt -5.112080 2.042566 0.000000
vt -5.072120 2.139039 0.000000
vt -5.008552 2.221881 0.000000
vt -4.925710 2.285449 0.000000
vt -5.083888 2.477875 0.000000
vt -4.829237 2.325409 0.000000
vt -4.940518 2.640768 0.000000
vt -4.725710 2.339039 0.000000
vt -4.622182 2.325409 0.000000
vt -4.791914 2.798899 0.000000
vt -4.525710 2.285449 0.000000
vt -3.714646 2.303790 0.000000
vt -4.442867 2.221881 0.000000
vt -4.379300 2.139039 0.000000
vt -4.021870 2.020499 0.000000
vt -4.339339 2.042566 0.000000
vt -4.325710 1.939039 0.000000
vt -4.339339 1.835511 0.000000
vt -4.379300 1.739039 0.000000
vt -4.442867 1.656196 0.000000
vt -4.525710 1.592628 0.000000
vt 4.842067 2.708944 0.000000
vt 4.416477 2.742151 0.000000
vt 4.972977 2.564808 0.000000
vt 5.099614 2.416904 0.000000
vt 3.755187 2.232717 0.000000
vt 4.010567 2.747924 0.000000
vt 3.472677 2.468146 0.000000
vt 3.175525 2.684800 0.000000
vt -3.387424 2.563726 0.000000
vt -3.041976 2.798899 0.000000
vt 4.502694 3.705218 0.000000
vt 3.446400 3.705218 0.000000
vt 4.477657 3.295142 0.000000
vt 3.446400 3.196954 0.000000
vt 4.424392 2.882077 0.000000
vt 3.446400 2.688690 0.000000
vt 4.341339 2.478926 0.000000
vt 3.446400 2.180426 0.000000
vt 4.229632 2.096490 0.000000
vt 3.446400 1.672162 0.000000
vt 4.082659 1.717480 0.000000
vt 3.899260 1.345574 0.000000
vt 3.446400 1.163898 0.000000
vt 3.683979 0.988966 0.000000
vt 3.446400 0.655634 0.000000
vt -7.002849 0.000000 0.000000
vt -5.252912 0.000000 0.000000
vt -6.002816 0.076450 0.000000
vt -5.002783 0.152901 0.000000
vt -6.854195 0.152901 0.000000
vt -6.928816 0.079049 0.000000
vt -0.016455 9.065130 0.000000
vt -0.016455 7.213718 0.000000
vt -0.010963 9.059444 0.000000
vt -0.010950 7.203847 0.000000
vt -0.005478 9.053751 0.000000
vt -0.005465 7.193965 0.000000
vt -0.000000 9.048051 0.000000
vt 0.000000 7.184073 0.000000
vt -9.048051 0.000000 0.000000
vt -7.184073 0.000000 0.000000
vt -8.869701 0.179188 0.000000
vt -6.845914 0.186346 0.000000
vt -8.683342 0.341195 0.000000
vt -6.485707 0.341195 0.000000
vt 0.947549 4.769735 0.000000
vt 0.045642 4.819960 0.000000
vt 0.947549 3.890119 0.000000
vt -0.854758 4.747573 0.000000
vt -1.737058 4.553906 0.000000
vt -0.353735 3.651756 0.000000
vt -2.585000 4.242530 0.000000
vt -1.148952 3.527286 0.000000
vt -3.382957 3.819181 0.000000
vt -1.918591 3.291661 0.000000
vt -4.116226 3.291661 0.000000
vt 0.451092 3.662570 0.000000
vt 0.953911 3.830323 0.000000
vt 0.972342 3.772951 0.000000
vt 1.001389 3.720100 0.000000
vt 1.039346 3.673182 0.000000
vt 1.084583 3.633104 0.000000
vt 1.135613 3.600474 0.000000
vt 1.190962 3.575823 0.000000
vt 1.249367 3.559513 0.000000
vt 4.502694 -0.029578 0.000000
vt 4.503144 -0.022007 0.000000
vt 3.446400 -0.029578 0.000000
vt 3.660186 -0.019719 0.000000
vt 3.446400 -0.019719 0.000000
vt 3.660186 -0.009859 0.000000
vt 3.446400 -0.009859 0.000000
vt 3.660186 -0.000000 0.000000
vt 3.446400 0.000000 0.000000
vt 3.660186 0.009859 0.000000
vt 3.446400 0.009859 0.000000
vt 3.660186 0.019719 0.000000
vt 3.446400 0.019719 0.000000
vt 3.446400 0.029578 0.000000
vt 3.873971 0.019719 0.000000
vt 4.087757 0.019719 0.000000
vt 3.873971 0.009859 0.000000
vt 4.087757 0.009859 0.000000
vt 3.873971 -0.000000 0.000000
vt 4.087757 -0.000000 0.000000
vt 3.873971 -0.009859 0.000000
vt 4.087757 -0.009859 0.000000
vt 3.873971 -0.019719 0.000000
vt 4.087757 -0.019719 0.000000
vt 4.301542 -0.019719 0.000000
vt 4.504044 -0.014361 0.000000
vt 4.301542 -0.009859 0.000000
vt 4.505331 -0.006843 0.000000
vt 4.301542 -0.000000 0.000000
vt 4.506896 0.000368 0.000000
vt 4.508762 0.007689 0.000000
vt 4.301542 0.009859 0.000000
vt 4.510868 0.015105 0.000000
vt 4.301542 0.019719 0.000000
vt 4.513102 0.022459 0.000000
vt 4.515328 0.029578 0.000000
vt -0.461880 3.424456 0.000000
vt -0.308991 3.466376 0.000000
vt -0.461880 4.606125 0.000000
vt -0.308689 4.641679 0.000000
vt -0.154990 3.504013 0.000000
vt -0.154700 4.673604 0.000000
vt -0.000000 3.537340 0.000000
vt -0.000000 4.701882 0.000000
vt -0.461880 3.537340 0.000000
vt -0.000000 3.579753 0.000000
vt -0.461880 4.701882 0.000000
vt -0.000000 4.738026 0.000000
vt -0.000000 3.540021 0.000000
vt -0.000000 4.704164 0.000000
vt -0.461880 3.579753 0.000000
vt -0.461880 4.738026 0.000000
vt -0.461880 4.704164 0.000000
vt -0.461880 3.540021 0.000000
vt -0.307188 4.676216 0.000000
vt -0.306901 3.507090 0.000000
vt -0.153199 4.644623 0.000000
vt -0.152901 3.469850 0.000000
vt 0.000000 4.609402 0.000000
vt 0.000000 3.428330 0.000000
vt 0.000000 3.354551 0.000000
vt 0.000000 4.547133 0.000000
vt -0.461880 3.428330 0.000000
vt -0.461880 4.609402 0.000000
vt -0.461880 3.354551 0.000000
vt -0.000000 3.424456 0.000000
vt -0.461880 4.547133 0.000000
vt -0.000000 4.606125 0.000000
vt -0.000000 3.451085 0.000000
vt -0.000000 4.629874 0.000000
vt -0.461880 3.506864 0.000000
vt -0.461880 4.676993 0.000000
vt -0.461880 4.629874 0.000000
vt -0.461880 3.451085 0.000000
vt -0.306953 4.592563 0.000000
vt -0.306553 3.406691 0.000000
vt -0.152963 4.551555 0.000000
vt -0.152552 3.357900 0.000000
vt -0.000000 4.506872 0.000000
vt -0.000000 3.304750 0.000000
vt -0.000000 3.212040 0.000000
vt -0.000000 4.429438 0.000000
vt -0.461880 3.304750 0.000000
vt -0.461880 4.506872 0.000000
vt -0.461880 3.212040 0.000000
vt -0.000000 3.299826 0.000000
vt -0.461880 4.429438 0.000000
vt -0.000000 4.502749 0.000000
vt -0.461880 3.299826 0.000000
vt -0.309342 3.353402 0.000000
vt -0.461880 4.502749 0.000000
vt -0.308926 4.547780 0.000000
vt -0.155340 3.402615 0.000000
vt -0.154936 4.589134 0.000000
vt 0.000000 3.447427 0.000000
vt 0.000000 4.626788 0.000000
vt -0.461880 3.447427 0.000000
vt 0.000000 3.506864 0.000000
vt -0.461880 4.626788 0.000000
vt 0.000000 4.676993 0.000000
vt 2.129921 0.165058 0.000000
vt 2.130336 0.188496 0.000000
vt 1.528490 0.188496 0.000000
vt 2.129921 0.211933 0.000000
vt 1.528490 0.219911 0.000000
vt 2.128664 0.236029 0.000000
vt 1.528490 0.251327 0.000000
vt 2.126585 0.260063 0.000000
vt 1.528490 0.282743 0.000000
vt 2.123866 0.283311 0.000000
vt 2.120512 0.306553 0.000000
vt 1.528490 0.314159 0.000000
vt 2.116538 0.330375 0.000000
vt 1.528490 0.345575 0.000000
vt 2.112155 0.354122 0.000000
vt 1.528490 0.376991 0.000000
vt 1.528490 -0.376991 0.000000
vt 2.112155 -0.399860 0.000000
vt 2.107664 -0.376849 0.000000
vt 2.103091 -0.353843 0.000000
vt 1.528490 -0.345575 0.000000
vt 2.098473 -0.330135 0.000000
vt 1.528490 -0.314159 0.000000
vt 2.094138 -0.306373 0.000000
vt 1.528490 -0.282743 0.000000
vt 2.090367 -0.283195 0.000000
vt 2.087223 -0.259998 0.000000
vt 1.528490 -0.251327 0.000000
vt 2.084767 -0.236001 0.000000
vt 1.528490 -0.219911 0.000000
vt 2.083259 -0.211926 0.000000
vt 1.528490 -0.188496 0.000000
vt 2.082756 -0.188496 0.000000
vt 2.083259 -0.165065 0.000000
vt 1.528490 -0.157080 0.000000
vt 2.084767 -0.140991 0.000000
vt 1.528490 -0.125664 0.000000
vt 2.087223 -0.116993 0.000000
vt 1.528490 -0.094248 0.000000
vt 2.090367 -0.093796 0.000000
vt 2.094138 -0.070618 0.000000
vt 1.528490 -0.062832 0.000000
vt 2.098473 -0.046856 0.000000
vt 1.528490 -0.031416 0.000000
vt 2.103091 -0.023148 0.000000
vt 1.528490 -0.000181 0.000000
vt 2.107664 -0.000142 0.000000
vt 2.112155 0.022869 0.000000
vt 1.528490 0.031416 0.000000
vt 2.116538 0.046616 0.000000
vt 1.528490 0.062832 0.000000
vt 2.120512 0.070438 0.000000
vt 1.528490 0.094248 0.000000
vt 2.123866 0.093681 0.000000
vt 2.126585 0.116928 0.000000
vt 1.528490 0.125664 0.000000
vt 2.128664 0.140962 0.000000
vt 1.528490 0.157080 0.000000
vt 0.988025 0.212082 0.000000
vt 0.988576 0.188496 0.000000
vt 0.988025 0.164909 0.000000
vt 0.986359 0.140685 0.000000
vt 0.983613 0.116567 0.000000
vt 0.980039 0.093303 0.000000
vt 0.975641 0.070052 0.000000
vt 0.970457 0.046291 0.000000
vt 0.964763 0.022652 0.000000
vt 0.958949 -0.000220 0.000000
vt 0.953036 -0.023087 0.000000
vt 0.947067 -0.046666 0.000000
vt 0.941457 -0.070335 0.000000
vt 0.936563 -0.093486 0.000000
vt 0.932479 -0.116670 0.000000
vt 0.929275 -0.140730 0.000000
vt 0.927302 -0.164920 0.000000
vt 0.926643 -0.188496 0.000000
vt 0.927302 -0.212071 0.000000
vt 0.929275 -0.236261 0.000000
vt 0.932479 -0.260321 0.000000
vt 0.936563 -0.283505 0.000000
vt 0.941457 -0.306656 0.000000
vt 0.947067 -0.330325 0.000000
vt 0.953036 -0.353904 0.000000
vt 0.958949 -0.376771 0.000000
vt 0.958949 0.377211 0.000000
vt 0.964763 0.354339 0.000000
vt 0.970457 0.330700 0.000000
vt 0.975641 0.306939 0.000000
vt 0.980039 0.283688 0.000000
vt 0.983613 0.260424 0.000000
vt 0.986359 0.236306 0.000000
vt 2.087779 0.165063 0.000000
vt 2.087274 0.188496 0.000000
vt 1.531584 0.188496 0.000000
vt 2.087779 0.211928 0.000000
vt 1.531584 0.219911 0.000000
vt 2.089294 0.236004 0.000000
vt 1.531584 0.251327 0.000000
vt 2.091761 0.260003 0.000000
vt 1.531584 0.282743 0.000000
vt 2.094918 0.283200 0.000000
vt 2.098707 0.306377 0.000000
vt 1.531584 0.314159 0.000000
vt 2.103060 0.330138 0.000000
vt 1.531584 0.345575 0.000000
vt 2.107699 0.353844 0.000000
vt 1.531584 0.376991 0.000000
vt 2.112293 0.376849 0.000000
vt 1.531584 -0.376991 0.000000
vt 2.112293 -0.377134 0.000000
vt 2.116804 -0.354125 0.000000
vt 1.531584 -0.345575 0.000000
vt 2.121208 -0.330379 0.000000
vt 1.531584 -0.314159 0.000000
vt 2.125201 -0.306558 0.000000
vt 1.531584 -0.282743 0.000000
vt 2.128571 -0.283316 0.000000
vt 2.131304 -0.260068 0.000000
vt 1.531584 -0.251327 0.000000
vt 2.133394 -0.236032 0.000000
vt 1.531584 -0.219911 0.000000
vt 2.134658 -0.211935 0.000000
vt 1.531584 -0.188496 0.000000
vt 2.135075 -0.188496 0.000000
vt 2.134658 -0.165056 0.000000
vt 1.531584 -0.157080 0.000000
vt 2.133394 -0.140959 0.000000
vt 1.531584 -0.125664 0.000000
vt 2.131304 -0.116923 0.000000
vt 1.531584 -0.094248 0.000000
vt 2.128571 -0.093676 0.000000
vt 2.125201 -0.070433 0.000000
vt 1.531584 -0.062832 0.000000
vt 2.121208 -0.046612 0.000000
vt 1.531584 -0.031416 0.000000
vt 2.116804 -0.022866 0.000000
vt 1.531584 0.000182 0.000000
vt 2.112293 0.000142 0.000000
vt 2.107699 0.023147 0.000000
vt 1.531584 0.031416 0.000000
vt 2.103060 0.046853 0.000000
vt 1.531584 0.062832 0.000000
vt 2.098707 0.070614 0.000000
vt 1.531584 0.094248 0.000000
vt 2.094918 0.093792 0.000000
vt 2.091761 0.116988 0.000000
vt 1.531584 0.125664 0.000000
vt 2.089294 0.140987 0.000000
vt 1.531584 0.157080 0.000000
vt 0.928754 0.212072 0.000000
vt 0.928094 0.188496 0.000000
vt 0.928754 0.164919 0.000000
vt 0.930730 0.140728 0.000000
vt 0.933938 0.116668 0.000000
vt 0.938028 0.093484 0.000000
vt 0.942930 0.070333 0.000000
vt 0.948547 0.046664 0.000000
vt 0.954525 0.023086 0.000000
vt 0.960447 0.000220 0.000000
vt 0.966270 -0.022651 0.000000
vt 0.971972 -0.046289 0.000000
vt 0.977164 -0.070050 0.000000
vt 0.981569 -0.093301 0.000000
vt 0.985149 -0.116565 0.000000
vt 0.987900 -0.140683 0.000000
vt 0.989569 -0.164908 0.000000
vt 0.990120 -0.188496 0.000000
vt 0.989569 -0.212083 0.000000
vt 0.987900 -0.236308 0.000000
vt 0.985149 -0.260426 0.000000
vt 0.981569 -0.283690 0.000000
vt 0.977164 -0.306941 0.000000
vt 0.971972 -0.330702 0.000000
vt 0.966270 -0.354340 0.000000
vt 0.966270 0.399642 0.000000
vt 0.960447 0.376771 0.000000
vt 0.954525 0.353905 0.000000
vt 0.948547 0.330327 0.000000
vt 0.942930 0.306658 0.000000
vt 0.938028 0.283508 0.000000
vt 0.933938 0.260323 0.000000
vt 0.930730 0.236263 0.000000
vt -0.000000 1.200000 0.000000
vt -0.708832 1.200000 0.000000
vt -0.000000 0.000000 0.000000
vt -0.708832 -0.000000 0.000000
vt 0.000000 1.200000 0.000000
vt -0.664330 1.200000 0.000000
vt 0.000000 -0.000000 0.000000
vt -0.664330 0.000000 0.000000
vt 0.000000 1.200000 0.000000
vt -0.741600 1.200000 0.000000
vt 0.000000 0.000000 0.000000
vt -0.741600 -0.000000 0.000000
vt 0.000000 1.200000 0.000000
vt -0.708832 1.200000 0.000000
vt -0.000000 0.000000 0.000000
vt -0.708832 0.000000 0.000000
vt -0.000000 1.200000 0.000000
vt -0.664330 1.200000 0.000000
vt -0.000000 -0.000000 0.000000
vt -0.664330 -0.000000 0.000000
vt -0.000000 1.200000 0.000000
vt -0.741600 1.200000 0.000000
vt -0.000000 0.000000 0.000000
vt -0.741600 0.000000 0.000000
vt -0.000000 1.200000 0.000000
vt -0.741600 1.200000 0.000000
vt -0.000000 0.000000 0.000000
vt -0.741600 0.000000 0.000000
vt 0.000000 1.200000 0.000000
vt -0.708832 1.200000 0.000000
vt -0.000000 0.000000 0.000000
vt -0.708832 0.000000 0.000000
vt -0.000000 1.200000 0.000000
vt -0.664330 1.200000 0.000000
vt -0.000000 -0.000000 0.000000
vt -0.664330 -0.000000 0.000000
vt -0.741600 0.047580 0.000000
vt -0.741600 -0.000000 0.000000
vt -0.575637 0.047580 0.000000
vt 0.000000 0.000000 0.000000
vt -0.575637 0.847580 0.000000
vt 0.000000 1.200000 0.000000
vt -0.741600 1.200000 0.000000
vt -0.741600 0.847580 0.000000
vt -0.000000 1.200000 0.000000
vt -0.708832 1.200000 0.000000
vt -0.000000 0.000000 0.000000
vt -0.708832 -0.000000 0.000000
vt 0.000000 -4.737863 0.000000
vt 0.000000 -3.571137 0.000000
vt -0.154722 -4.708711 0.000000
vt -0.155026 -3.536605 0.000000
vt -0.308711 -4.675907 0.000000
vt -0.309026 -3.497753 0.000000
vt -0.461880 -4.639471 0.000000
vt -0.461880 -3.454612 0.000000
vt -0.461880 -3.571137 0.000000
vt -0.461880 -4.737863 0.000000
vt 0.000000 -3.615347 0.000000
vt 0.000000 -4.775324 0.000000
vt 0.000000 -3.573920 0.000000
vt -0.461880 -3.615347 0.000000
vt 0.000000 -4.740220 0.000000
vt -0.461880 -4.775324 0.000000
vt -0.000000 -3.458597 0.000000
vt -0.152866 -3.501335 0.000000
vt -0.000000 -4.642826 0.000000
vt -0.153178 -4.678928 0.000000
vt -0.306866 -3.539786 0.000000
vt -0.307167 -4.711399 0.000000
vt -0.461880 -3.573920 0.000000
vt -0.461880 -4.740220 0.000000
vt -0.000000 -3.382846 0.000000
vt -0.461880 -3.458597 0.000000
vt -0.000000 -4.579150 0.000000
vt -0.461880 -4.642826 0.000000
vt -0.461880 -3.382846 0.000000
vt -0.461880 -4.579150 0.000000
vt 0.000000 -3.454612 0.000000
vt -0.000000 -4.639471 0.000000
vt -0.000000 -3.504132 0.000000
vt -0.461880 -3.558151 0.000000
vt -0.000000 -4.680040 0.000000
vt -0.461880 -4.725883 0.000000
vt 0.000000 -3.361625 0.000000
vt -0.152591 -3.413489 0.000000
vt 0.000000 -4.559770 0.000000
vt -0.152987 -4.603537 0.000000
vt -0.306593 -3.461004 0.000000
vt -0.306976 -4.643635 0.000000
vt -0.461880 -3.504132 0.000000
vt -0.461880 -4.680040 0.000000
vt 0.000000 -3.271022 0.000000
vt -0.461880 -3.361625 0.000000
vt 0.000000 -4.483810 0.000000
vt -0.461880 -4.559770 0.000000
vt -0.461880 -3.271022 0.000000
vt -0.461880 -4.483810 0.000000
vt 0.000000 -3.356818 0.000000
vt 0.000000 -4.555729 0.000000
vt -0.000000 -4.677032 0.000000
vt -0.000000 -3.500582 0.000000
vt -0.154913 -4.640285 0.000000
vt -0.155300 -3.457038 0.000000
vt -0.308902 -4.599843 0.000000
vt -0.309302 -3.409104 0.000000
vt -0.461880 -4.555729 0.000000
vt -0.461880 -3.356818 0.000000
vt -0.461880 -3.500582 0.000000
vt -0.461880 -4.677032 0.000000
vt -0.000000 -3.558151 0.000000
vt -0.000000 -4.725883 0.000000
vt -8.344745 0.211926 0.000000
vt -8.345151 0.188496 0.000000
vt -7.743033 0.188496 0.000000
vt -8.344745 0.165066 0.000000
vt -7.743033 0.157080 0.000000
vt -8.343511 0.140976 0.000000
vt -7.743033 0.125664 0.000000
vt -8.341471 0.116946 0.000000
vt -7.743033 0.094248 0.000000
vt -8.338803 0.093699 0.000000
vt -8.335510 0.070456 0.000000
vt -7.743033 0.062832 0.000000
vt -8.331607 0.046631 0.000000
vt -7.743033 0.031416 0.000000
vt -8.327300 0.022878 0.000000
vt -7.743033 -0.000178 0.000000
vt -8.322886 -0.000139 0.000000
vt -8.318388 -0.023153 0.000000
vt -7.743033 -0.031416 0.000000
vt -8.313847 -0.046867 0.000000
vt -7.743033 -0.062832 0.000000
vt -8.309583 -0.070633 0.000000
vt -7.743033 -0.094248 0.000000
vt -8.305872 -0.093812 0.000000
vt -8.302780 -0.117009 0.000000
vt -7.743033 -0.125664 0.000000
vt -8.300364 -0.141004 0.000000
vt -7.743033 -0.157080 0.000000
vt -8.298880 -0.165072 0.000000
vt -7.743033 -0.188496 0.000000
vt -8.298386 -0.188496 0.000000
vt -8.298880 -0.211919 0.000000
vt -7.743033 -0.219911 0.000000
vt -8.300364 -0.235988 0.000000
vt -7.743033 -0.251327 0.000000
vt -8.302780 -0.259982 0.000000
vt -7.743033 -0.282743 0.000000
vt -8.305872 -0.283179 0.000000
vt -8.309583 -0.306358 0.000000
vt -7.743033 -0.314159 0.000000
vt -8.313847 -0.330125 0.000000
vt -7.743033 -0.345575 0.000000
vt -8.318388 -0.353838 0.000000
vt -7.743033 -0.376991 0.000000
vt -8.322886 -0.376852 0.000000
vt -7.743033 0.376991 0.000000
vt -8.322886 0.377130 0.000000
vt -8.327300 0.354113 0.000000
vt -7.743033 0.345575 0.000000
vt -8.331607 0.330360 0.000000
vt -7.743033 0.314159 0.000000
vt -8.335510 0.306535 0.000000
vt -7.743033 0.282743 0.000000
vt -8.338803 0.283292 0.000000
vt -8.341471 0.260045 0.000000
vt -7.743033 0.251327 0.000000
vt -8.343511 0.236015 0.000000
vt -7.743033 0.219911 0.000000
vt -7.201141 0.164923 0.000000
vt -7.201680 0.188496 0.000000
vt -7.201141 0.212069 0.000000
vt -7.199511 0.236281 0.000000
vt -7.196822 0.260392 0.000000
vt -7.193321 0.283655 0.000000
vt -7.189011 0.306906 0.000000
vt -7.183927 0.330673 0.000000
vt -7.178341 0.354322 0.000000
vt -7.178341 -0.399661 0.000000
vt -7.172634 -0.376775 0.000000
vt -7.166828 -0.353896 0.000000
vt -7.160966 -0.330306 0.000000
vt -7.155458 -0.306629 0.000000
vt -7.150652 -0.283476 0.000000
vt -7.146642 -0.260291 0.000000
vt -7.143497 -0.236237 0.000000
vt -7.141560 -0.212058 0.000000
vt -7.140914 -0.188496 0.000000
vt -7.141560 -0.164933 0.000000
vt -7.143497 -0.140754 0.000000
vt -7.146642 -0.116700 0.000000
vt -7.150652 -0.093515 0.000000
vt -7.155458 -0.070362 0.000000
vt -7.160966 -0.046685 0.000000
vt -7.166828 -0.023095 0.000000
vt -7.172634 -0.000216 0.000000
vt -7.178341 0.022669 0.000000
vt -7.183927 0.046318 0.000000
vt -7.189011 0.070085 0.000000
vt -7.193321 0.093336 0.000000
vt -7.196822 0.116599 0.000000
vt -7.199511 0.140710 0.000000
vt -8.342729 0.211938 0.000000
vt -8.342213 0.188496 0.000000
vt -7.787488 0.188496 0.000000
vt -8.342729 0.165053 0.000000
vt -7.787488 0.157080 0.000000
vt -8.344278 0.140969 0.000000
vt -7.787488 0.125664 0.000000
vt -8.346800 0.116966 0.000000
vt -7.787488 0.094248 0.000000
vt -8.350026 0.093769 0.000000
vt -8.353898 0.070593 0.000000
vt -7.787488 0.062832 0.000000
vt -8.358349 0.046838 0.000000
vt -7.787488 0.031416 0.000000
vt -8.363090 0.023141 0.000000
vt -7.787488 0.000187 0.000000
vt -8.367789 0.000146 0.000000
vt -8.372403 -0.022853 0.000000
vt -7.787488 -0.031416 0.000000
vt -8.376910 -0.046591 0.000000
vt -7.787488 -0.062832 0.000000
vt -8.381000 -0.070408 0.000000
vt -7.787488 -0.094248 0.000000
vt -8.384454 -0.093650 0.000000
vt -8.387255 -0.116899 0.000000
vt -7.787488 -0.125664 0.000000
vt -8.389399 -0.140940 0.000000
vt -7.787488 -0.157080 0.000000
vt -8.390696 -0.165046 0.000000
vt -7.787488 -0.188496 0.000000
vt -8.391123 -0.188496 0.000000
vt -8.390696 -0.211945 0.000000
vt -7.787488 -0.219911 0.000000
vt -8.389399 -0.236051 0.000000
vt -7.787488 -0.251327 0.000000
vt -8.387255 -0.260092 0.000000
vt -7.787488 -0.282743 0.000000
vt -8.384454 -0.283341 0.000000
vt -8.381000 -0.306583 0.000000
vt -7.787488 -0.314159 0.000000
vt -8.376910 -0.330400 0.000000
vt -7.787488 -0.345575 0.000000
vt -8.372403 -0.354138 0.000000
vt -7.787488 -0.376991 0.000000
vt -7.787488 0.376991 0.000000
vt -8.372403 0.399844 0.000000
vt -8.367789 0.376845 0.000000
vt -8.363090 0.353850 0.000000
vt -7.787488 0.345575 0.000000
vt -8.358349 0.330153 0.000000
vt -7.787488 0.314159 0.000000
vt -8.353898 0.306398 0.000000
vt -7.787488 0.282743 0.000000
vt -8.350026 0.283222 0.000000
vt -8.346800 0.260025 0.000000
vt -7.787488 0.251327 0.000000
vt -8.344278 0.236022 0.000000
vt -7.787488 0.219911 0.000000
vt -7.184529 0.164902 0.000000
vt -7.183853 0.188496 0.000000
vt -7.184529 0.212090 0.000000
vt -7.186554 0.236295 0.000000
vt -7.189839 0.260363 0.000000
vt -7.194026 0.283546 0.000000
vt -7.199044 0.306694 0.000000
vt -7.204793 0.330353 0.000000
vt -7.210911 0.353915 0.000000
vt -7.216974 0.376765 0.000000
vt -7.216974 -0.377218 0.000000
vt -7.222937 -0.354362 0.000000
vt -7.228780 -0.330738 0.000000
vt -7.234104 -0.306986 0.000000
vt -7.238624 -0.283735 0.000000
vt -7.242299 -0.260469 0.000000
vt -7.245125 -0.236341 0.000000
vt -7.246840 -0.212101 0.000000
vt -7.247407 -0.188496 0.000000
vt -7.246840 -0.164890 0.000000
vt -7.245125 -0.140650 0.000000
vt -7.242299 -0.116522 0.000000
vt -7.238624 -0.093257 0.000000
vt -7.234104 -0.070006 0.000000
vt -7.228780 -0.046253 0.000000
vt -7.222937 -0.022629 0.000000
vt -7.216974 0.000226 0.000000
vt -7.210911 0.023076 0.000000
vt -7.204793 0.046639 0.000000
vt -7.199044 0.070297 0.000000
vt -7.194026 0.093445 0.000000
vt -7.189839 0.116628 0.000000
vt -7.186554 0.140696 0.000000
vt -0.708832 9.243740 0.000000
vt -0.000000 9.243740 0.000000
vt -0.708832 10.443740 0.000000
vt -0.000000 10.443740 0.000000
vt -0.741600 9.243740 0.000000
vt 0.000000 9.243740 0.000000
vt -0.741600 10.443740 0.000000
vt 0.000000 10.443740 0.000000
vt -0.664330 9.243740 0.000000
vt 0.000000 9.243740 0.000000
vt -0.664330 10.443740 0.000000
vt 0.000000 10.443740 0.000000
vt -0.708832 9.243740 0.000000
vt 0.000000 9.243740 0.000000
vt -0.708832 10.443740 0.000000
vt 0.000000 10.443740 0.000000
vt -0.741600 9.243740 0.000000
vt -0.000000 9.243740 0.000000
vt -0.741600 10.443740 0.000000
vt -0.000000 10.443740 0.000000
vt -0.664330 9.243740 0.000000
vt -0.000000 9.243740 0.000000
vt -0.664330 10.443740 0.000000
vt -0.000000 10.443740 0.000000
vt -0.000000 10.347580 0.000000
vt -0.000000 10.443740 0.000000
vt -0.216800 10.347580 0.000000
vt -0.664330 10.443740 0.000000
vt -0.216800 9.547580 0.000000
vt -0.664330 9.243740 0.000000
vt -0.000000 9.243740 0.000000
vt -0.000000 9.547580 0.000000
vt -0.708832 9.243740 0.000000
vt 0.000000 9.243740 0.000000
vt -0.708832 10.443740 0.000000
vt 0.000000 10.443740 0.000000
vt -0.664330 9.243740 0.000000
vt 0.000000 9.243740 0.000000
vt -0.664330 10.443740 0.000000
vt 0.000000 10.443740 0.000000
vt -0.708832 9.243740 0.000000
vt -0.000000 9.243740 0.000000
vt -0.708832 10.443740 0.000000
vt -0.000000 10.443740 0.000000
vt -0.741600 9.243740 0.000000
vt 0.000000 9.243740 0.000000
vt -0.741600 10.443740 0.000000
vt 0.000000 10.443740 0.000000
vt 4.642687 -0.011829 0.000000
vt 4.662300 0.576865 0.000000
vt 3.699904 -0.011829 0.000000
vt 3.728742 0.581781 0.000000
vt 4.693326 1.169206 0.000000
vt 3.774435 1.174445 0.000000
vt 4.731268 1.763434 0.000000
vt 3.830813 1.766304 0.000000
vt 3.890119 2.357916 0.000000
vt 4.769735 2.357916 0.000000
vt -0.000000 4.410267 0.000000
vt -0.052443 4.406293 0.000000
vt -0.000000 3.842735 0.000000
vt -0.059947 3.799010 0.000000
vt -0.000000 3.275200 0.000000
vt -0.059947 3.187753 0.000000
vt -0.000000 2.707666 0.000000
vt -0.059947 2.576497 0.000000
vt -0.000000 2.140154 0.000000
vt -0.050709 2.111864 0.000000
vt -0.134989 2.576497 0.000000
vt -0.101427 2.083733 0.000000
vt -0.210031 2.576497 0.000000
vt -0.152465 2.056454 0.000000
vt -0.204037 2.030882 0.000000
vt -0.253277 2.576497 0.000000
vt -0.294974 2.576497 0.000000
vt -0.294974 3.187753 0.000000
vt -0.336670 3.187753 0.000000
vt -0.336670 3.799010 0.000000
vt -0.378367 3.799010 0.000000
vt -0.420055 4.385093 0.000000
vt -0.420063 3.780120 0.000000
vt -0.104894 4.402357 0.000000
vt -0.157355 4.398558 0.000000
vt -0.134989 3.799010 0.000000
vt -0.209837 4.395002 0.000000
vt -0.210031 3.799010 0.000000
vt -0.262348 4.391787 0.000000
vt -0.253277 3.799010 0.000000
vt -0.314886 4.389009 0.000000
vt -0.294974 3.799010 0.000000
vt -0.367458 4.386755 0.000000
vt -0.378367 3.187753 0.000000
vt -0.420063 3.175144 0.000000
vt -0.378367 2.576497 0.000000
vt -0.420063 2.570169 0.000000
vt -0.364560 1.974024 0.000000
vt -0.420003 1.965240 0.000000
vt -0.309956 1.988595 0.000000
vt -0.336670 2.576497 0.000000
vt -0.256459 2.007920 0.000000
vt -0.253277 3.187753 0.000000
vt -0.210031 3.187753 0.000000
vt -0.134989 3.187753 0.000000
vt 2.303739 -3.829227 0.000000
vt 2.303456 -3.833079 0.000000
vt 2.450442 -3.830493 0.000000
vt 2.267050 -4.351057 0.000000
vt 2.450442 -4.378750 0.000000
vt 2.276546 -4.634136 0.000000
vt 2.450442 -4.927007 0.000000
vt 2.276546 -5.036590 0.000000
vt 2.450442 -5.475264 0.000000
vt 2.276546 -5.439044 0.000000
vt 2.276546 -5.841498 0.000000
vt 2.102649 -5.439044 0.000000
vt 2.102649 -5.841498 0.000000
vt 2.009505 -5.512395 0.000000
vt 1.928752 -5.841498 0.000000
vt 1.754704 -6.045023 0.000000
vt 1.928752 -6.243952 0.000000
vt 1.754856 -6.243952 0.000000
vt 1.928752 -6.646406 0.000000
vt 1.754856 -6.646406 0.000000
vt 1.928752 -7.048860 0.000000
vt 1.754856 -7.048860 0.000000
vt 1.928752 -7.451314 0.000000
vt 1.754856 -7.451314 0.000000
vt 1.894858 -7.717337 0.000000
vt 1.766715 -7.787329 0.000000
vt 1.631217 -7.833357 0.000000
vt 1.578418 -7.484881 0.000000
vt 1.492196 -7.853769 0.000000
vt 2.196784 -4.818307 0.000000
vt 2.111113 -5.190600 0.000000
vt 1.595063 -6.251151 0.000000
vt 1.580959 -6.646406 0.000000
vt 1.407062 -6.406888 0.000000
vt 1.591285 -7.120592 0.000000
vt 2.015589 -7.626520 0.000000
vt 2.102649 -7.451314 0.000000
vt 2.102649 -7.048860 0.000000
vt 2.102649 -6.646406 0.000000
vt 2.102649 -6.243952 0.000000
vt 2.235311 -7.401474 0.000000
vt 2.276546 -7.048860 0.000000
vt 2.450442 -7.120036 0.000000
vt 2.276546 -6.646406 0.000000
vt 2.450442 -6.571779 0.000000
vt 2.276546 -6.243952 0.000000
vt 2.450442 -6.023522 0.000000
vt -0.000002 0.094956 0.000000
vt -0.000245 0.095272 0.000000
vt -0.000000 -0.000000 0.000000
vt -0.009512 0.049583 0.000000
vt -0.009862 0.000000 0.000000
vt -0.016997 0.049583 0.000000
vt -0.019726 0.000000 0.000000
vt -0.024482 0.049583 0.000000
vt -0.029589 0.000000 0.000000
vt -0.031967 0.049583 0.000000
vt -0.039452 0.000000 0.000000
vt -0.039452 0.049583 0.000000
vt -0.044208 0.049583 0.000000
vt -0.042899 0.138755 0.000000
vt -0.050778 0.142370 0.000000
vt -0.014327 0.112952 0.000000
vt -0.021399 0.120893 0.000000
vt -0.028517 0.127970 0.000000
vt -0.035618 0.133933 0.000000
vt -0.051693 0.049583 0.000000
vt -0.054919 0.143567 0.000000
vt -0.059179 0.144280 0.000000
vt -0.059179 0.000000 0.000000
vt -0.049316 0.000000 0.000000
vt 1.549895 4.630461 0.000000
vt 1.549895 3.697203 0.000000
vt 1.692168 4.594306 0.000000
vt 1.632602 3.498544 0.000000
vt 1.666216 3.469958 0.000000
vt 1.553392 3.653219 0.000000
vt 1.563747 3.610328 0.000000
vt 1.580731 3.569606 0.000000
vt 1.603876 3.532038 0.000000
vt 1.703871 3.446953 0.000000
vt 1.833608 4.555022 0.000000
vt 1.744651 3.430099 0.000000
vt 1.819610 3.405208 0.000000
vt 1.894219 3.379284 0.000000
vt 1.974148 3.443699 0.000000
vt 1.974148 4.512627 0.000000
vt 1.968462 3.352332 0.000000
vt 4.634886 -0.022385 0.000000
vt 4.454130 -0.019703 0.000000
vt 4.633162 -0.029554 0.000000
vt 4.265574 -0.019703 0.000000
vt 4.077017 -0.019703 0.000000
vt 4.077017 -0.009851 0.000000
vt 3.888460 -0.009851 0.000000
vt 3.888460 -0.000000 0.000000
vt 3.699904 -0.000000 0.000000
vt 3.699904 0.009851 0.000000
vt 3.888460 0.009851 0.000000
vt 3.699904 0.019703 0.000000
vt 3.888460 0.019703 0.000000
vt 3.699904 0.029554 0.000000
vt 4.077017 0.019703 0.000000
vt 4.265574 0.019703 0.000000
vt 4.265574 0.009851 0.000000
vt 4.454130 0.009851 0.000000
vt 4.454130 -0.000000 0.000000
vt 4.640756 0.006994 0.000000
vt 4.639595 -0.000213 0.000000
vt 4.638197 -0.007536 0.000000
vt 4.454130 -0.009851 0.000000
vt 4.636600 -0.014984 0.000000
vt 4.641702 0.014480 0.000000
vt 4.454130 0.019703 0.000000
vt 4.642358 0.022062 0.000000
vt 4.642687 0.029554 0.000000
vt 3.699904 -0.009851 0.000000
vt 3.888460 -0.019703 0.000000
vt 3.699904 -0.029554 0.000000
vt 3.699904 -0.019703 0.000000
vt 4.265574 -0.009851 0.000000
vt 4.265574 -0.000000 0.000000
vt 4.077017 -0.000000 0.000000
vt 4.077017 0.009851 0.000000
vt -0.000000 0.339417 0.000000
vt -0.000000 0.387906 0.000000
vt -0.009750 0.339417 0.000000
vt -0.010095 0.387906 0.000000
vt -0.017408 0.339417 0.000000
vt -0.020192 0.387906 0.000000
vt -0.025067 0.339417 0.000000
vt -0.030288 0.387906 0.000000
vt -0.032725 0.339417 0.000000
vt -0.040384 0.387906 0.000000
vt -0.040384 0.339417 0.000000
vt -0.045259 0.339417 0.000000
vt -0.040384 0.290929 0.000000
vt -0.045259 0.290929 0.000000
vt -0.040384 0.242441 0.000000
vt -0.045259 0.242441 0.000000
vt -0.040384 0.193953 0.000000
vt -0.045259 0.193953 0.000000
vt -0.040384 0.145465 0.000000
vt -0.045259 0.145465 0.000000
vt -0.040384 0.096976 0.000000
vt -0.045259 0.096976 0.000000
vt -0.040384 0.048488 0.000000
vt -0.045259 0.048488 0.000000
vt -0.040384 0.000000 0.000000
vt -0.050481 0.000000 0.000000
vt -0.052917 0.048488 0.000000
vt -0.060576 0.000000 0.000000
vt -0.060576 0.048488 0.000000
vt -0.060576 0.096976 0.000000
vt -0.052917 0.096976 0.000000
vt -0.060576 0.145465 0.000000
vt -0.052917 0.145465 0.000000
vt -0.060576 0.193953 0.000000
vt -0.052917 0.193953 0.000000
vt -0.060576 0.242441 0.000000
vt -0.052917 0.242441 0.000000
vt -0.060576 0.290929 0.000000
vt -0.052917 0.290929 0.000000
vt -0.060576 0.339417 0.000000
vt -0.052917 0.339417 0.000000
vt -0.060576 0.387906 0.000000
vt -0.050481 0.387906 0.000000
vt -0.032725 0.048488 0.000000
vt -0.030288 0.000000 0.000000
vt -0.025067 0.048488 0.000000
vt -0.020192 0.000000 0.000000
vt -0.017408 0.048488 0.000000
vt -0.010095 0.000000 0.000000
vt -0.009750 0.048488 0.000000
vt -0.000000 0.000000 0.000000
vt -0.000000 0.048488 0.000000
vt -0.009750 0.096976 0.000000
vt -0.000000 0.096976 0.000000
vt -0.009750 0.145465 0.000000
vt -0.000000 0.145465 0.000000
vt -0.009750 0.193953 0.000000
vt -0.000000 0.193953 0.000000
vt -0.009750 0.242441 0.000000
vt -0.000000 0.242441 0.000000
vt -0.009750 0.290929 0.000000
vt -0.000000 0.290929 0.000000
vt -0.032725 0.290929 0.000000
vt -0.032725 0.242441 0.000000
vt -0.032725 0.193953 0.000000
vt -0.032725 0.145465 0.000000
vt -0.032725 0.096976 0.000000
vt -0.025067 0.290929 0.000000
vt -0.025067 0.242441 0.000000
vt -0.025067 0.193953 0.000000
vt -0.025067 0.145465 0.000000
vt -0.025067 0.096976 0.000000
vt -0.017408 0.290929 0.000000
vt -0.017408 0.242441 0.000000
vt -0.017408 0.193953 0.000000
vt -0.017408 0.145465 0.000000
vt -0.017408 0.096976 0.000000
vt 0.125664 11.010948 0.000000
vt 0.122075 11.010588 0.000000
vt 0.125664 10.915976 0.000000
vt 0.117810 11.009862 0.000000
vt 0.113663 11.008644 0.000000
vt 0.115192 10.868491 0.000000
vt 0.105772 11.004977 0.000000
vt 0.104720 10.868491 0.000000
vt 0.098482 11.000112 0.000000
vt 0.094248 10.868491 0.000000
vt 0.091370 10.994136 0.000000
vt 0.083776 10.868491 0.000000
vt 0.084243 10.987099 0.000000
vt 0.077168 10.979273 0.000000
vt 0.073304 10.868491 0.000000
vt 0.063074 10.962119 0.000000
vt 0.062832 10.883221 0.000000
vt 0.062832 10.961815 0.000000
vt 0.062832 10.804627 0.000000
vt 0.073304 10.726033 0.000000
vt 0.083776 10.726033 0.000000
vt 0.062832 10.726033 0.000000
vt 0.094248 10.726033 0.000000
vt 0.104720 10.726033 0.000000
vt 0.115192 10.726033 0.000000
vt 0.125664 10.821005 0.000000
vt 0.125664 10.726033 0.000000
vt 3.943740 -0.431969 0.000000
vt 3.343740 -0.431969 0.000000
vt 3.943740 -0.471239 0.000000
vt 3.343740 -0.471239 0.000000
vt 3.943740 0.471239 0.000000
vt 3.343740 0.471239 0.000000
vt 3.943740 0.431969 0.000000
vt 3.343740 0.431969 0.000000
vt 3.943740 0.392699 0.000000
vt 3.343740 0.392699 0.000000
vt 3.943740 0.353429 0.000000
vt 3.343740 0.353429 0.000000
vt 3.943740 0.314159 0.000000
vt 3.343740 0.314159 0.000000
vt 3.943740 0.274889 0.000000
vt 3.343740 0.274889 0.000000
vt 3.943740 0.235619 0.000000
vt 3.343740 0.235619 0.000000
vt 3.943740 0.196350 0.000000
vt 3.343740 0.196350 0.000000
vt 3.943740 0.157080 0.000000
vt 3.343740 0.157080 0.000000
vt 3.943740 0.117810 0.000000
vt 3.343740 0.117810 0.000000
vt 3.943740 0.078540 0.000000
vt 3.343740 0.078540 0.000000
vt 3.943740 0.039270 0.000000
vt 3.343740 0.039270 0.000000
vt 3.943740 0.000000 0.000000
vt 3.343740 0.000000 0.000000
vt 3.943740 -0.039270 0.000000
vt 3.343740 -0.039270 0.000000
vt 3.943740 -0.078540 0.000000
vt 3.343740 -0.078540 0.000000
vt 3.943740 -0.117810 0.000000
vt 3.343740 -0.117810 0.000000
vt 3.943740 -0.157080 0.000000
vt 3.343740 -0.157080 0.000000
vt 3.943740 -0.196350 0.000000
vt 3.343740 -0.196350 0.000000
vt 3.943740 -0.235619 0.000000
vt 3.343740 -0.235619 0.000000
vt 3.943740 -0.274889 0.000000
vt 3.343740 -0.274889 0.000000
vt 3.943740 -0.314159 0.000000
vt 3.343740 -0.314159 0.000000
vt 3.943740 -0.353429 0.000000
vt 3.343740 -0.353429 0.000000
vt 3.943740 -0.392699 0.000000
vt 3.343740 -0.392699 0.000000
vt 2.743740 0.431969 0.000000
vt 2.743740 0.471239 0.000000
vt 2.743740 -0.471239 0.000000
vt 2.743740 -0.431969 0.000000
vt 2.743740 -0.392699 0.000000
vt 2.743740 -0.353429 0.000000
vt 2.743740 -0.314159 0.000000
vt 2.743740 -0.274889 0.000000
vt 2.743740 -0.235619 0.000000
vt 2.743740 -0.196350 0.000000
vt 2.743740 -0.157080 0.000000
vt 2.743740 -0.117810 0.000000
vt 2.743740 -0.078540 0.000000
vt 2.743740 -0.039270 0.000000
vt 2.743740 0.000000 0.000000
vt 2.743740 0.039270 0.000000
vt 2.743740 0.078540 0.000000
vt 2.743740 0.117810 0.000000
vt 2.743740 0.157080 0.000000
vt 2.743740 0.196350 0.000000
vt 2.743740 0.235619 0.000000
vt 2.743740 0.274889 0.000000
vt 2.743740 0.314159 0.000000
vt 2.743740 0.353429 0.000000
vt 2.743740 0.392699 0.000000
vt -6.500000 -0.039270 0.000000
vt -5.900000 -0.039270 0.000000
vt -6.500000 0.000000 0.000000
vt -5.900000 0.000000 0.000000
vt -6.500000 0.039270 0.000000
vt -5.900000 0.039270 0.000000
vt -6.500000 0.078540 0.000000
vt -5.900000 0.078540 0.000000
vt -6.500000 0.117810 0.000000
vt -5.900000 0.117810 0.000000
vt -6.500000 0.157080 0.000000
vt -5.900000 0.157080 0.000000
vt -6.500000 0.196350 0.000000
vt -5.900000 0.196350 0.000000
vt -6.500000 0.235619 0.000000
vt -5.900000 0.235619 0.000000
vt -6.500000 0.274889 0.000000
vt -5.900000 0.274889 0.000000
vt -6.500000 0.314159 0.000000
vt -5.900000 0.314159 0.000000
vt -6.500000 0.353429 0.000000
vt -5.900000 0.353429 0.000000
vt -6.500000 0.392699 0.000000
vt -5.900000 0.392699 0.000000
vt -6.500000 0.431969 0.000000
vt -5.900000 0.431969 0.000000
vt -6.500000 0.471239 0.000000
vt -5.900000 0.471239 0.000000
vt -6.500000 -0.471239 0.000000
vt -5.900000 -0.471239 0.000000
vt -6.500000 -0.431969 0.000000
vt -5.900000 -0.431969 0.000000
vt -6.500000 -0.392699 0.000000
vt -5.900000 -0.392699 0.000000
vt -6.500000 -0.353429 0.000000
vt -5.900000 -0.353429 0.000000
vt -6.500000 -0.314159 0.000000
vt -5.900000 -0.314159 0.000000
vt -6.500000 -0.274889 0.000000
vt -5.900000 -0.274889 0.000000
vt -6.500000 -0.235619 0.000000
vt -5.900000 -0.235619 0.000000
vt -6.500000 -0.196350 0.000000
vt -5.900000 -0.196350 0.000000
vt -6.500000 -0.157080 0.000000
vt -5.900000 -0.157080 0.000000
vt -6.500000 -0.117810 0.000000
vt -5.900000 -0.117810 0.000000
vt -6.500000 -0.078540 0.000000
vt -5.900000 -0.078540 0.000000
vt -5.300000 -0.431969 0.000000
vt -5.300000 -0.471239 0.000000
vt -5.300000 0.471239 0.000000
vt -5.300000 0.431969 0.000000
vt -5.300000 0.392699 0.000000
vt -5.300000 0.353429 0.000000
vt -5.300000 0.314159 0.000000
vt -5.300000 0.274889 0.000000
vt -5.300000 0.235619 0.000000
vt -5.300000 0.196350 0.000000
vt -5.300000 0.157080 0.000000
vt -5.300000 0.117810 0.000000
vt -5.300000 0.078540 0.000000
vt -5.300000 0.039270 0.000000
vt -5.300000 0.000000 0.000000
vt -5.300000 -0.039270 0.000000
vt -5.300000 -0.078540 0.000000
vt -5.300000 -0.117810 0.000000
vt -5.300000 -0.157080 0.000000
vt -5.300000 -0.196350 0.000000
vt -5.300000 -0.235619 0.000000
vt -5.300000 -0.274889 0.000000
vt -5.300000 -0.314159 0.000000
vt -5.300000 -0.353429 0.000000
vt -5.300000 -0.392699 0.000000
vt -0.741600 10.347580 0.000000
vt -0.634037 10.347580 0.000000
vt -0.741600 10.443740 0.000000
vt -0.000000 10.443740 0.000000
vt -0.634037 9.547580 0.000000
vt -0.000000 9.243740 0.000000
vt -0.741600 9.243740 0.000000
vt -0.741600 9.547580 0.000000
vt -0.400000 -0.400000 0.000000
vt 0.400000 -0.400000 0.000000
vt -0.400000 0.400000 0.000000
vt 0.400000 0.400000 0.000000
vt 0.107563 1.914443 0.000000
vt 0.000000 1.914443 0.000000
vt 0.000000 1.726208 0.000000
vt 0.800000 1.914443 0.000000
vt 0.000000 1.914443 0.000000
vt 0.800000 1.726208 0.000000
vt 0.000000 1.726208 0.000000
vt 0.800000 1.914443 0.000000
vt 0.692437 1.914443 0.000000
vt 0.800000 1.726208 0.000000
vt 0.000000 0.047580 0.000000
vt -0.334510 0.047580 0.000000
vt -0.000000 0.000000 0.000000
vt -0.664330 0.000000 0.000000
vt -0.334510 0.847580 0.000000
vt -0.664330 1.200000 0.000000
vt 0.000000 1.200000 0.000000
vt 0.000000 0.847580 0.000000
vt -0.400000 -0.400000 0.000000
vt 0.400000 -0.400000 0.000000
vt -0.400000 0.400000 0.000000
vt 0.400000 0.400000 0.000000
vt 0.800000 1.644739 0.000000
vt -0.000000 1.644739 0.000000
vt 0.800000 1.354303 0.000000
vt -0.000000 1.354303 0.000000
vt 0.165963 1.354303 0.000000
vt -0.000000 1.644739 0.000000
vt -0.000000 1.354303 0.000000
vt 0.800000 1.644739 0.000000
vt 0.634037 1.354303 0.000000
vt 0.800000 1.354303 0.000000
vt 4.285857 -0.024703 0.000000
vt 2.513501 0.312940 0.000000
vt -0.289895 -0.024703 0.000000
vt 1.217574 0.329600 0.000000
vt 1.135174 0.329600 0.000000
vt 0.805574 0.906400 0.000000
vt 0.723174 0.906400 0.000000
vt -0.289895 1.280000 0.000000
vt 0.393574 0.329600 0.000000
vt 4.285857 1.280000 0.000000
vt 3.667101 0.889740 0.000000
vt 3.337501 0.312940 0.000000
vt 3.255101 0.312940 0.000000
vt 2.925501 0.889740 0.000000
vt 2.843101 0.889740 0.000000
vt 1.547174 0.906400 0.000000
vt 2.144889 0.638823 0.000000
vt 2.150000 0.600000 0.000000
vt 2.144889 0.561177 0.000000
vt 2.129904 0.525000 0.000000
vt 2.106066 0.493934 0.000000
vt 2.075000 0.470096 0.000000
vt 2.038823 0.455111 0.000000
vt 2.000000 0.450000 0.000000
vt 1.961177 0.455111 0.000000
vt 1.925000 0.470096 0.000000
vt 1.893934 0.493934 0.000000
vt 1.870096 0.525000 0.000000
vt 1.855111 0.561177 0.000000
vt 1.850000 0.600000 0.000000
vt 1.855111 0.638823 0.000000
vt 1.870096 0.675000 0.000000
vt 1.893934 0.706066 0.000000
vt 1.925000 0.729904 0.000000
vt 1.961177 0.744889 0.000000
vt 2.000000 0.750000 0.000000
vt 2.038823 0.744889 0.000000
vt 2.075000 0.729904 0.000000
vt 2.106066 0.706066 0.000000
vt 2.129904 0.675000 0.000000
vt -0.196431 4.409844 0.000000
vt 0.024703 4.313724 0.000000
vt -0.193829 4.567270 0.000000
vt 0.024703 5.237427 0.000000
vt -0.589888 4.807853 0.000000
vt -1.280000 5.237427 0.000000
vt -0.993715 4.580931 0.000000
vt -1.280000 4.313724 0.000000
vt -0.996318 4.423573 0.000000
vt -0.998908 4.266216 0.000000
vt -1.001484 4.108859 0.000000
vt -1.280000 3.390022 0.000000
vt -0.605425 3.862826 0.000000
vt 0.024703 3.390022 0.000000
vt -0.201597 4.094991 0.000000
vt -0.199021 4.252417 0.000000
vt -0.198992 7.343729 0.000000
vt -0.201597 7.184622 0.000000
vt 0.024703 7.084833 0.000000
vt -0.605425 6.955792 0.000000
vt 0.024703 6.161130 0.000000
vt -1.280000 6.161130 0.000000
vt -1.280000 7.084833 0.000000
vt -1.001484 7.198410 0.000000
vt -0.998879 7.357604 0.000000
vt -0.996288 7.516798 0.000000
vt -1.280000 8.008536 0.000000
vt -0.993715 7.675992 0.000000
vt -0.589888 7.911438 0.000000
vt 0.024703 8.008536 0.000000
vt -0.193829 7.661943 0.000000
vt -0.196402 7.502836 0.000000
vt -0.609002 1.662387 0.000000
vt -1.280000 1.542616 0.000000
vt -0.585727 1.660039 0.000000
vt 0.024703 1.542616 0.000000
vt -0.562452 1.662387 0.000000
vt -0.539440 1.669469 0.000000
vt -0.518360 1.681096 0.000000
vt -0.500487 1.696138 0.000000
vt -0.485850 1.714441 0.000000
vt -0.474674 1.735794 0.000000
vt -0.467933 1.758931 0.000000
vt -0.465727 1.782226 0.000000
vt -0.467985 1.805528 0.000000
vt -0.474763 1.828659 0.000000
vt -0.485948 1.850012 0.000000
vt -0.500567 1.868329 0.000000
vt -0.518412 1.883408 0.000000
vt 0.024703 2.466319 0.000000
vt -0.539465 1.895082 0.000000
vt -0.562459 1.902204 0.000000
vt -0.585727 1.904567 0.000000
vt -1.280000 2.466319 0.000000
vt -0.608995 1.902204 0.000000
vt -0.631989 1.895082 0.000000
vt -0.653041 1.883408 0.000000
vt -0.670887 1.868329 0.000000
vt -0.685506 1.850012 0.000000
vt -0.696691 1.828659 0.000000
vt -0.703469 1.805528 0.000000
vt -0.705727 1.782226 0.000000
vt -0.703521 1.758931 0.000000
vt -0.696780 1.735794 0.000000
vt -0.685604 1.714441 0.000000
vt -0.670967 1.696138 0.000000
vt -0.653094 1.681096 0.000000
vt -0.632014 1.669469 0.000000
vt -0.660979 9.496347 0.000000
vt -1.280000 8.932239 0.000000
vt -0.637692 9.493976 0.000000
vt 0.024703 8.932239 0.000000
vt -0.614405 9.496347 0.000000
vt -0.591398 9.503492 0.000000
vt -0.570341 9.515199 0.000000
vt -0.552501 9.530312 0.000000
vt -0.537891 9.548665 0.000000
vt 0.024703 9.855942 0.000000
vt -0.526717 9.570049 0.000000
vt -0.519947 9.593206 0.000000
vt -0.517692 9.616530 0.000000
vt -0.519893 9.639846 0.000000
vt -0.526623 9.663009 0.000000
vt -0.537788 9.684393 0.000000
vt -0.552418 9.702732 0.000000
vt -0.570286 9.717806 0.000000
vt -0.591371 9.729463 0.000000
vt -0.614398 9.736567 0.000000
vt -0.637692 9.738922 0.000000
vt -1.280000 9.855942 0.000000
vt -0.660986 9.736567 0.000000
vt -0.684012 9.729463 0.000000
vt -0.705097 9.717806 0.000000
vt -0.722966 9.702732 0.000000
vt -0.737595 9.684393 0.000000
vt -0.748760 9.663009 0.000000
vt -0.755491 9.639846 0.000000
vt -0.757692 9.616530 0.000000
vt -0.755436 9.593206 0.000000
vt -0.748666 9.570049 0.000000
vt -0.737493 9.548665 0.000000
vt -0.722882 9.530312 0.000000
vt -0.705042 9.515199 0.000000
vt -0.683986 9.503492 0.000000
vt -1.280000 -0.304790 0.000000
vt 0.024703 -0.304790 0.000000
vt -1.280000 0.618913 0.000000
vt 0.024703 0.618913 0.000000
vt -1.280000 10.779645 0.000000
vt 0.024703 10.779645 0.000000
vt -1.280000 11.703347 0.000000
vt 0.024703 11.703347 0.000000
vt 2.185887 0.638823 0.000000
vt 2.190998 0.600000 0.000000
vt 2.823424 0.329600 0.000000
vt 2.185887 0.561177 0.000000
vt 2.170902 0.525000 0.000000
vt 2.147064 0.493934 0.000000
vt 2.115998 0.470096 0.000000
vt 2.079821 0.455111 0.000000
vt 2.040998 0.450000 0.000000
vt 1.527497 0.312940 0.000000
vt 4.285857 -0.024703 0.000000
vt -0.289895 -0.024703 0.000000
vt 0.785897 0.312940 0.000000
vt 0.703497 0.312940 0.000000
vt 1.115497 0.889740 0.000000
vt 1.197897 0.889740 0.000000
vt -0.289895 1.280000 0.000000
vt 2.493824 0.906400 0.000000
vt 4.285857 1.280000 0.000000
vt 3.235424 0.906400 0.000000
vt 3.317824 0.906400 0.000000
vt 2.905824 0.329600 0.000000
vt 2.002176 0.455111 0.000000
vt 1.965998 0.470096 0.000000
vt 1.934932 0.493934 0.000000
vt 1.911095 0.525000 0.000000
vt 1.896110 0.561177 0.000000
vt 1.890998 0.600000 0.000000
vt 1.896110 0.638823 0.000000
vt 1.911095 0.675000 0.000000
vt 1.934932 0.706066 0.000000
vt 1.965998 0.729904 0.000000
vt 2.002176 0.744889 0.000000
vt 2.040998 0.750000 0.000000
vt 2.079821 0.744889 0.000000
vt 2.115998 0.729904 0.000000
vt 2.147064 0.706066 0.000000
vt 2.170902 0.675000 0.000000
vt 0.373897 0.889740 0.000000
vt 3.647424 0.329600 0.000000
vt 0.024703 0.618913 0.000000
vt -1.280000 0.084648 0.000000
vt 0.024703 -0.304790 0.000000
vt -1.280000 -0.110071 0.000000
vt -1.280000 -0.304790 0.000000
vt 0.024703 1.542616 0.000000
vt -1.679843 1.036473 0.000000
vt -1.617788 0.735384 0.000000
vt -1.564447 0.594508 0.000000
vt 0.024703 2.466319 0.000000
vt -0.518395 1.911113 0.000000
vt -0.500552 1.896018 0.000000
vt -0.485937 1.877684 0.000000
vt 0.024703 3.390022 0.000000
vt -2.242011 2.902692 0.000000
vt -2.016874 2.564748 0.000000
vt -1.851574 2.184861 0.000000
vt 0.024703 4.313724 0.000000
vt -0.196401 3.916184 0.000000
vt -0.193829 3.756845 0.000000
vt -0.589888 3.506897 0.000000
vt 0.024703 5.237427 0.000000
vt -1.400800 4.905795 0.000000
vt -0.605425 4.463952 0.000000
vt -0.201597 4.234863 0.000000
vt -1.400800 5.809795 0.000000
vt 0.024703 6.161130 0.000000
vt -0.589888 6.612194 0.000000
vt -0.193829 6.852575 0.000000
vt 0.024703 7.084833 0.000000
vt -0.196431 7.009821 0.000000
vt -0.199021 7.167067 0.000000
vt -0.201597 7.324312 0.000000
vt 0.024703 8.008536 0.000000
vt -0.605425 7.556135 0.000000
vt -1.400800 7.617795 0.000000
vt -1.001484 7.310463 0.000000
vt -0.998907 7.153284 0.000000
vt -1.400800 6.713795 0.000000
vt -0.996317 6.996106 0.000000
vt -0.993715 6.838927 0.000000
vt -1.400800 8.521795 0.000000
vt 0.024703 8.932239 0.000000
vt -1.400800 9.425795 0.000000
vt -0.637692 9.529557 0.000000
vt -0.660967 9.531923 0.000000
vt 0.024703 9.855942 0.000000
vt -0.552520 9.565832 0.000000
vt -0.570364 9.550740 0.000000
vt -0.591418 9.539053 0.000000
vt 0.024703 10.779645 0.000000
vt -1.400800 10.329795 0.000000
vt -0.660974 9.771891 0.000000
vt -0.637692 9.774242 0.000000
vt 0.024703 11.703347 0.000000
vt -1.280000 11.269329 0.000000
vt -1.280000 11.052319 0.000000
vt -1.304367 10.946916 0.000000
vt -1.280000 11.703347 0.000000
vt -1.280000 11.486338 0.000000
vt -1.311985 10.842301 0.000000
vt -1.311985 10.834395 0.000000
vt -1.311985 10.826490 0.000000
vt -1.311985 10.818585 0.000000
vt -1.380319 10.575601 0.000000
vt -0.683992 9.764801 0.000000
vt -0.705073 9.753162 0.000000
vt -0.722945 9.738108 0.000000
vt -0.737579 9.719792 0.000000
vt -0.748751 9.698427 0.000000
vt -0.755488 9.675281 0.000000
vt -0.757692 9.651978 0.000000
vt -0.755435 9.628667 0.000000
vt -0.748660 9.605527 0.000000
vt -0.737479 9.584162 0.000000
vt -0.722863 9.565832 0.000000
vt -0.705020 9.550740 0.000000
vt -0.683966 9.539053 0.000000
vt -1.931981 4.636719 0.000000
vt -2.488179 4.424943 0.000000
vt -3.061554 4.274153 0.000000
vt -1.001484 4.221057 0.000000
vt -3.643718 4.186367 0.000000
vt -0.998878 4.061629 0.000000
vt -3.680000 4.145417 0.000000
vt -3.680000 3.998619 0.000000
vt -3.651069 4.184936 0.000000
vt -3.658112 4.182085 0.000000
vt -3.664427 4.177979 0.000000
vt -3.669711 4.172957 0.000000
vt -3.674083 4.166932 0.000000
vt -3.677375 4.160076 0.000000
vt -3.679349 4.152751 0.000000
vt -0.996288 3.902200 0.000000
vt -3.680000 3.851821 0.000000
vt -0.993715 3.742772 0.000000
vt -3.680000 3.705024 0.000000
vt -3.643670 3.663237 0.000000
vt -3.679358 3.697602 0.000000
vt -3.677409 3.690179 0.000000
vt -3.674151 3.683204 0.000000
vt -3.669798 3.677043 0.000000
vt -3.664528 3.671893 0.000000
vt -3.658196 3.667662 0.000000
vt -3.651098 3.664712 0.000000
vt -3.241439 3.582733 0.000000
vt -2.858534 3.420537 0.000000
vt -2.519994 3.187435 0.000000
vt -1.749518 1.781309 0.000000
vt -0.609004 1.929936 0.000000
vt -0.585727 1.932303 0.000000
vt -0.562450 1.929936 0.000000
vt -1.706646 1.374440 0.000000
vt -0.632030 1.697019 0.000000
vt -0.653112 1.708660 0.000000
vt -0.670983 1.723718 0.000000
vt -0.585727 1.687575 0.000000
vt -0.609011 1.689926 0.000000
vt -1.491362 0.467113 0.000000
vt -1.395811 0.359305 0.000000
vt -1.280000 0.279367 0.000000
vt -0.198991 4.075523 0.000000
vt -0.614410 9.771891 0.000000
vt -0.591392 9.764801 0.000000
vt -0.570310 9.753162 0.000000
vt -0.552439 9.738108 0.000000
vt -0.537805 9.719792 0.000000
vt -0.526633 9.698427 0.000000
vt -0.519896 9.675281 0.000000
vt -0.517692 9.651978 0.000000
vt -0.519949 9.628667 0.000000
vt -0.526724 9.605527 0.000000
vt -0.537904 9.584162 0.000000
vt -0.614416 9.531923 0.000000
vt -0.539450 1.922803 0.000000
vt -0.474758 1.856316 0.000000
vt -0.467984 1.833173 0.000000
vt -0.465727 1.809860 0.000000
vt -0.467930 1.786555 0.000000
vt -0.474666 1.763406 0.000000
vt -0.485837 1.742038 0.000000
vt -0.500471 1.723718 0.000000
vt -0.518342 1.708660 0.000000
vt -0.539424 1.697019 0.000000
vt -0.562443 1.689926 0.000000
vt -0.685617 1.742038 0.000000
vt -0.696787 1.763406 0.000000
vt -0.703523 1.786555 0.000000
vt -0.705727 1.809860 0.000000
vt -0.703470 1.833173 0.000000
vt -0.696696 1.856316 0.000000
vt -0.685517 1.877684 0.000000
vt -0.670902 1.896018 0.000000
vt -0.653059 1.911113 0.000000
vt -0.632004 1.922803 0.000000
vt 1.280000 8.937849 0.000000
vt -0.024703 8.937849 0.000000
vt 1.280000 8.519854 0.000000
vt -0.024703 8.125317 0.000000
vt 1.280000 8.101860 0.000000
vt 0.591136 7.638787 0.000000
vt 0.614263 7.646038 0.000000
vt -0.024703 7.312785 0.000000
vt 0.570012 7.626919 0.000000
vt 0.552174 7.611623 0.000000
vt 0.537592 7.593036 0.000000
vt 0.526510 7.571433 0.000000
vt 0.519855 7.548089 0.000000
vt 0.517692 7.524625 0.000000
vt 0.519937 7.501149 0.000000
vt 0.526652 7.477813 0.000000
vt 0.537747 7.456212 0.000000
vt 0.552302 7.437604 0.000000
vt 0.570097 7.422250 0.000000
vt 0.591178 7.410306 0.000000
vt 0.614274 7.402994 0.000000
vt 0.637692 7.400563 0.000000
vt 1.311985 7.359117 0.000000
vt 1.311985 7.370419 0.000000
vt 1.382162 6.979696 0.000000
vt -0.024703 6.500254 0.000000
vt 1.400800 6.588130 0.000000
vt 0.605425 6.332186 0.000000
vt 1.001484 6.083341 0.000000
vt 0.201597 6.097343 0.000000
vt -0.024703 5.687722 0.000000
vt 0.199026 5.938827 0.000000
vt 0.196435 5.780310 0.000000
vt 0.193829 5.621793 0.000000
vt -0.024703 4.875190 0.000000
vt 0.589888 5.380384 0.000000
vt 1.400800 4.976981 0.000000
vt 0.993715 5.608073 0.000000
vt 1.400800 5.782555 0.000000
vt 0.996322 5.766496 0.000000
vt 0.998912 5.924918 0.000000
vt 1.400800 4.171406 0.000000
vt -0.024703 4.062658 0.000000
vt 1.400800 3.365832 0.000000
vt -0.024703 3.250127 0.000000
vt 0.605425 3.228237 0.000000
vt 0.201597 2.997207 0.000000
vt 0.198985 2.835676 0.000000
vt -0.024703 2.437595 0.000000
vt 0.196394 2.674145 0.000000
vt 0.193829 2.512615 0.000000
vt 0.589888 2.257514 0.000000
vt -0.024703 1.625063 0.000000
vt 2.447127 1.967907 0.000000
vt 2.186471 1.769243 0.000000
vt 0.585727 1.597284 0.000000
vt 0.609145 1.594852 0.000000
vt -0.024703 0.812532 0.000000
vt 0.500207 1.386206 0.000000
vt 0.485625 1.404794 0.000000
vt 0.474545 1.426399 0.000000
vt -0.024703 -0.000000 0.000000
vt 1.280000 0.367812 0.000000
vt 1.280000 0.735624 0.000000
vt 1.280000 1.103436 0.000000
vt 1.280000 -0.000000 0.000000
vt 1.511121 1.220672 0.000000
vt 0.585727 1.349379 0.000000
vt 0.562297 1.351786 0.000000
vt 0.539170 1.359038 0.000000
vt 0.518045 1.370908 0.000000
vt 1.731486 1.383512 0.000000
vt 0.653409 1.370908 0.000000
vt 0.632284 1.359038 0.000000
vt 0.609156 1.351786 0.000000
vt 0.632243 1.587539 0.000000
vt 0.653324 1.575593 0.000000
vt 0.671118 1.560238 0.000000
vt 2.756837 2.159414 0.000000
vt 3.165468 2.333905 0.000000
vt 0.993715 2.498286 0.000000
vt 3.640000 2.431715 0.000000
vt 3.640000 2.526491 0.000000
vt 3.640000 2.621267 0.000000
vt 0.996281 2.659945 0.000000
vt 3.640000 2.716043 0.000000
vt 3.056988 2.796813 0.000000
vt 0.998871 2.821604 0.000000
vt 2.485832 2.933879 0.000000
vt 1.001484 2.983262 0.000000
vt 1.932095 3.124574 0.000000
vt 1.311985 7.381721 0.000000
vt 1.311985 7.393023 0.000000
vt 0.661109 7.402994 0.000000
vt 0.684206 7.410306 0.000000
vt 0.705287 7.422250 0.000000
vt 0.723081 7.437604 0.000000
vt 0.737636 7.456212 0.000000
vt 0.748732 7.477813 0.000000
vt 0.755447 7.501149 0.000000
vt 0.757692 7.524625 0.000000
vt 0.755529 7.548089 0.000000
vt 1.280000 7.683865 0.000000
vt 0.748873 7.571433 0.000000
vt 0.737792 7.593036 0.000000
vt 0.723209 7.611623 0.000000
vt 0.705371 7.626919 0.000000
vt 0.684247 7.638787 0.000000
vt 0.661120 7.646038 0.000000
vt 0.637692 7.648444 0.000000
vt 0.685672 1.541628 0.000000
vt 0.696767 1.520024 0.000000
vt 0.703482 1.496687 0.000000
vt 0.705727 1.473210 0.000000
vt 0.703564 1.449745 0.000000
vt 0.696909 1.426399 0.000000
vt 0.685828 1.404794 0.000000
vt 0.671246 1.386206 0.000000
vt 0.467890 1.449745 0.000000
vt 0.465727 1.473210 0.000000
vt 0.467972 1.496687 0.000000
vt 0.474686 1.520024 0.000000
vt 0.485781 1.541628 0.000000
vt 0.500336 1.560238 0.000000
vt 0.518130 1.575593 0.000000
vt 0.539211 1.587539 0.000000
vt 0.562308 1.594852 0.000000
vt 1.814113 0.561177 0.000000
vt 1.809002 0.600000 0.000000
vt 1.176576 0.329600 0.000000
vt 1.814113 0.638823 0.000000
vt 1.506176 0.906400 0.000000
vt 1.829098 0.675000 0.000000
vt 1.852936 0.706066 0.000000
vt 1.884002 0.729904 0.000000
vt 1.920179 0.744889 0.000000
vt 1.959002 0.750000 0.000000
vt 2.802103 0.889740 0.000000
vt 1.997824 0.744889 0.000000
vt 2.034002 0.729904 0.000000
vt 2.065068 0.706066 0.000000
vt 2.088905 0.675000 0.000000
vt 2.103890 0.638823 0.000000
vt 2.109002 0.600000 0.000000
vt 2.472503 0.312940 0.000000
vt 2.103890 0.561177 0.000000
vt 2.088905 0.525000 0.000000
vt 2.065068 0.493934 0.000000
vt 2.034002 0.470096 0.000000
vt 1.997824 0.455111 0.000000
vt 1.959002 0.450000 0.000000
vt 0.000000 -0.024703 0.000000
vt 1.094176 0.329600 0.000000
vt 0.352576 0.329600 0.000000
vt 1.920179 0.455111 0.000000
vt 1.884002 0.470096 0.000000
vt 1.852936 0.493934 0.000000
vt 1.829098 0.525000 0.000000
vt 3.214103 0.312940 0.000000
vt 2.884503 0.889740 0.000000
vt 4.000000 1.280000 0.000000
vt 0.000000 1.280000 0.000000
vt 0.764576 0.906400 0.000000
vt 0.682176 0.906400 0.000000
vt 4.000000 -0.024703 0.000000
vt 3.296503 0.312940 0.000000
vt 3.626103 0.889740 0.000000
vt 0.199026 3.014607 0.000000
vt -0.024703 3.250127 0.000000
vt 0.201597 2.855798 0.000000
vt -0.024703 2.437595 0.000000
vt 0.605425 2.620394 0.000000
vt 1.280000 2.437595 0.000000
vt 1.001484 2.869831 0.000000
vt 1.280000 3.250127 0.000000
vt 0.998913 3.028543 0.000000
vt 0.996323 3.187255 0.000000
vt 0.993715 3.345967 0.000000
vt 0.589888 3.573957 0.000000
vt 1.280000 4.062658 0.000000
vt -0.024703 4.062658 0.000000
vt -0.024703 4.875190 0.000000
vt 1.280000 4.875190 0.000000
vt -0.024703 5.687722 0.000000
vt 1.280000 5.687722 0.000000
vt 0.605425 5.725619 0.000000
vt 1.001484 5.970147 0.000000
vt 0.998872 6.131420 0.000000
vt 1.280000 6.500254 0.000000
vt 0.996282 6.292694 0.000000
vt 0.993715 6.453967 0.000000
vt 0.589888 6.694022 0.000000
vt 1.280000 7.312785 0.000000
vt -0.024703 7.312785 0.000000
vt 0.637692 7.364431 0.000000
vt 0.614256 7.366871 0.000000
vt 0.196436 3.173417 0.000000
vt 0.193829 3.332226 0.000000
vt 0.201597 5.956230 0.000000
vt 0.198985 6.117380 0.000000
vt -0.024703 6.500254 0.000000
vt 0.196395 6.278529 0.000000
vt 0.193829 6.439679 0.000000
vt 0.562312 1.323946 0.000000
vt -0.024703 0.812532 0.000000
vt 0.585727 1.321545 0.000000
vt 1.280000 0.812532 0.000000
vt 0.609142 1.323946 0.000000
vt 0.632259 1.331182 0.000000
vt 0.653380 1.343029 0.000000
vt 0.671221 1.358303 0.000000
vt 0.685809 1.376865 0.000000
vt 1.280000 1.625063 0.000000
vt 0.696898 1.398447 0.000000
vt 0.703561 1.421773 0.000000
vt 0.705727 1.445222 0.000000
vt 0.703480 1.468683 0.000000
vt 0.696760 1.492001 0.000000
vt 0.685656 1.513582 0.000000
vt 0.671096 1.532165 0.000000
vt 0.653297 1.547495 0.000000
vt 0.632219 1.559416 0.000000
vt 0.609132 1.566712 0.000000
vt 0.585727 1.569138 0.000000
vt -0.024703 1.625063 0.000000
vt 0.562322 1.566712 0.000000
vt 0.539235 1.559416 0.000000
vt 0.518157 1.547495 0.000000
vt 0.500358 1.532165 0.000000
vt 0.485798 1.513582 0.000000
vt 0.474694 1.492001 0.000000
vt 0.467974 1.468683 0.000000
vt 0.465727 1.445222 0.000000
vt 0.467893 1.421773 0.000000
vt 0.474556 1.398447 0.000000
vt 0.485645 1.376865 0.000000
vt 0.500232 1.358303 0.000000
vt 0.518074 1.343029 0.000000
vt 0.539194 1.331182 0.000000
vt 0.591147 7.374206 0.000000
vt 0.570062 7.386182 0.000000
vt 0.552273 7.401569 0.000000
vt 0.537726 7.420212 0.000000
vt 0.526642 7.441844 0.000000
vt 0.519935 7.465205 0.000000
vt 0.517692 7.488702 0.000000
vt 0.519850 7.512187 0.000000
vt 0.526496 7.535557 0.000000
vt 0.537566 7.557190 0.000000
vt 0.552141 7.575811 0.000000
vt 0.569975 7.591139 0.000000
vt 0.591104 7.603038 0.000000
vt -0.024703 8.125317 0.000000
vt 0.614245 7.610309 0.000000
vt 0.637692 7.612723 0.000000
vt 1.280000 8.125317 0.000000
vt 0.661139 7.610309 0.000000
vt 0.684280 7.603038 0.000000
vt 0.705409 7.591139 0.000000
vt 0.723242 7.575811 0.000000
vt 0.737818 7.557190 0.000000
vt 0.748888 7.535557 0.000000
vt 0.755533 7.512187 0.000000
vt 0.757692 7.488702 0.000000
vt 0.755449 7.465205 0.000000
vt 0.748742 7.441844 0.000000
vt 0.737657 7.420212 0.000000
vt 0.723110 7.401569 0.000000
vt 0.705321 7.386182 0.000000
vt 0.684237 7.374206 0.000000
vt 0.661128 7.366871 0.000000
vt 1.280000 8.937849 0.000000
vt -0.024703 8.937849 0.000000
vt -0.024703 0.000000 0.000000
vt 1.280000 0.000000 0.000000
vt 4.000000 -0.024703 0.000000
vt 1.486499 0.312940 0.000000
vt 0.000000 -0.024703 0.000000
vt 0.744899 0.312940 0.000000
vt 0.662499 0.312940 0.000000
vt 1.074499 0.889740 0.000000
vt 1.156899 0.889740 0.000000
vt 0.000000 1.280000 0.000000
vt 2.452826 0.906400 0.000000
vt 4.000000 1.280000 0.000000
vt 3.194426 0.906400 0.000000
vt 3.276826 0.906400 0.000000
vt 2.864826 0.329600 0.000000
vt 2.782426 0.329600 0.000000
vt 3.606426 0.329600 0.000000
vt 0.332899 0.889740 0.000000
vt 2.144889 0.638823 0.000000
vt 2.150000 0.600000 0.000000
vt 2.144889 0.561177 0.000000
vt 2.129904 0.525000 0.000000
vt 2.106066 0.493934 0.000000
vt 2.075000 0.470096 0.000000
vt 2.038823 0.455111 0.000000
vt 2.000000 0.450000 0.000000
vt 1.961177 0.455111 0.000000
vt 1.925000 0.470096 0.000000
vt 1.893934 0.493934 0.000000
vt 1.870096 0.525000 0.000000
vt 1.855111 0.561177 0.000000
vt 1.850000 0.600000 0.000000
vt 1.855111 0.638823 0.000000
vt 1.870096 0.675000 0.000000
vt 1.893934 0.706066 0.000000
vt 1.925000 0.729904 0.000000
vt 1.961177 0.744889 0.000000
vt 2.000000 0.750000 0.000000
vt 2.038823 0.744889 0.000000
vt 2.075000 0.729904 0.000000
vt 2.106066 0.706066 0.000000
vt 2.129904 0.675000 0.000000
vt -0.800000 1.000000 0.000000
vt 0.000000 1.000000 0.000000
vt -0.800000 1.025000 0.000000
vt 0.000000 1.025000 0.000000
vt -0.800000 1.000000 0.000000
vt -0.000000 1.000000 0.000000
vt -0.800000 1.025000 0.000000
vt -0.000000 1.025000 0.000000
vt -0.800000 1.000000 0.000000
vt 0.000000 1.000000 0.000000
vt -0.800000 1.025000 0.000000
vt 0.000000 1.025000 0.000000
vt -0.800000 1.000000 0.000000
vt -0.000000 1.000000 0.000000
vt -0.800000 1.025000 0.000000
vt -0.000000 1.025000 0.000000
vt -0.800000 1.000000 0.000000
vt -0.000000 1.000000 0.000000
vt -0.800000 1.025000 0.000000
vt -0.000000 1.025000 0.000000
vt -0.800000 1.000000 0.000000
vt 0.000000 1.000000 0.000000
vt -0.800000 1.025000 0.000000
vt 0.000000 1.025000 0.000000
vt -0.800000 1.000000 0.000000
vt -0.000000 1.000000 0.000000
vt -0.800000 1.025000 0.000000
vt -0.000000 1.025000 0.000000
vt -0.800000 1.000000 0.000000
vt 0.000000 1.000000 0.000000
vt -0.800000 1.025000 0.000000
vt 0.000000 1.025000 0.000000
vt -10.403000 -1.122000 0.000000
vt -10.450580 -1.971433 0.000000
vt -10.403000 -1.922000 0.000000
vt -9.826722 -2.651623 0.000000
vt -9.603000 -1.922000 0.000000
vt -8.634997 -2.210820 0.000000
vt -9.250580 -1.681538 0.000000
vt -9.603000 -1.122000 0.000000
vt -9.250580 2.318462 0.000000
vt -10.450580 2.604319 0.000000
vt -0.103000 1.878000 0.000000
vt -0.006839 2.649356 0.000000
vt -0.103000 2.678000 0.000000
vt -0.630697 3.329546 0.000000
vt -0.903000 2.678000 0.000000
vt -1.822423 2.888743 0.000000
vt -1.206839 2.359461 0.000000
vt -0.903000 1.878000 0.000000
vt -1.206839 -1.640539 0.000000
vt -0.006839 -1.926396 0.000000
vt -9.832611 3.289865 0.000000
vt -8.640424 2.853992 0.000000
vt -9.125730 3.883309 0.000000
vt -7.960153 3.297066 0.000000
vt -8.343533 4.373234 0.000000
vt -7.223665 3.638632 0.000000
vt -7.501071 4.750216 0.000000
vt -6.446004 3.871712 0.000000
vt -6.614551 5.007001 0.000000
vt -5.643058 3.991545 0.000000
vt -5.701026 5.138651 0.000000
vt -4.831229 3.995683 0.000000
vt -4.778074 5.142631 0.000000
vt -3.863448 5.018865 0.000000
vt -4.027103 3.884041 0.000000
vt -2.974746 4.769735 0.000000
vt -3.247107 3.658900 0.000000
vt -2.129064 4.400033 0.000000
vt -2.507175 3.324859 0.000000
vt -1.342671 3.916872 0.000000
vt -0.624808 -2.611942 0.000000
vt -1.816995 -2.176069 0.000000
vt -1.331690 -3.205386 0.000000
vt -2.497266 -2.619143 0.000000
vt -2.113886 -3.695311 0.000000
vt -3.233755 -2.960709 0.000000
vt -2.956348 -4.072293 0.000000
vt -4.011416 -3.193789 0.000000
vt -3.842869 -4.329079 0.000000
vt -4.814362 -3.313622 0.000000
vt -4.756393 -4.460728 0.000000
vt -5.626190 -3.317760 0.000000
vt -5.679346 -4.464708 0.000000
vt -6.593971 -4.340942 0.000000
vt -6.430316 -3.206118 0.000000
vt -7.482674 -4.091812 0.000000
vt -7.210313 -2.980977 0.000000
vt -8.328356 -3.722110 0.000000
vt -7.950245 -2.646937 0.000000
vt -9.114748 -3.238949 0.000000
vn 0.000000 0.000000 1.000000
vn 0.000000 0.000000 1.000000
vn 0.000000 0.000000 1.000000
vn 0.000000 0.000000 1.000000
vn 0.000000 0.000000 1.000000
vn 0.000000 0.000000 1.000000
vn 0.000000 0.000000 1.000000
vn 0.000000 0.000000 1.000000
vn 0.000000 0.000000 1.000000
vn 0.000000 0.000000 1.000000
vn 0.000000 0.000000 1.000000
vn 0.000000 0.000000 1.000000
vn 0.000000 0.000000 1.000000
vn 0.000000 0.000000 1.000000
vn 0.000000 0.000000 1.000000
vn 0.000000 0.000000 1.000000
vn 0.000000 0.000000 1.000000
vn 0.000000 0.000000 1.000000
vn 0.000000 0.000000 1.000000
vn 0.000000 0.000000 1.000000
vn 0.000000 0.000000 1.000000
vn 0.000000 0.000000 1.000000
vn 0.000000 0.000000 1.000000
vn 0.000000 0.000000 1.000000
vn 0.965926 -0.258819 -0.000000
vn 0.965926 -0.258819 -0.000000
vn 1.000000 -0.000000 -0.000000
vn 1.000000 0.000000 -0.000000
vn 0.965926 0.258819 -0.000000
vn 0.965926 0.258819 -0.000000
vn 0.866025 0.500000 -0.000000
vn 0.866025 0.500000 -0.000000
vn 0.707107 0.707107 -0.000000
vn 0.707107 0.707107 -0.000000
vn 0.500000 0.866025 -0.000000
vn 0.500000 0.866025 -0.000000
vn 0.258819 0.965926 -0.000000
vn 0.258819 0.965926 -0.000000
vn -0.000000 1.000000 -0.000000
vn -0.000000 1.000000 -0.000000
vn -0.258819 0.965926 -0.000000
vn -0.258819 0.965926 -0.000000
vn -0.500000 0.866025 -0.000000
vn -0.500000 0.866025 -0.000000
vn -0.707107 0.707107 -0.000000
vn -0.707107 0.707107 -0.000000
vn -0.866025 0.500000 -0.000000
vn -0.866025 0.500000 -0.000000
vn -0.965926 0.258819 -0.000000
vn -0.965926 0.258819 -0.000000
vn -1.000000 -0.000000 0.000000
vn -1.000000 -0.000000 0.000000
vn -0.965926 -0.258819 0.000000
vn -0.965926 -0.258819 0.000000
vn -0.866025 -0.500000 0.000000
vn -0.866025 -0.500000 0.000000
vn -0.707107 -0.707107 0.000000
vn -0.707107 -0.707107 0.000000
vn -0.500000 -0.866025 0.000000
vn -0.500000 -0.866025 0.000000
vn -0.258819 -0.965926 0.000000
vn -0.258819 -0.965926 0.000000
vn -0.000000 -1.000000 0.000000
vn 0.000000 -1.000000 -0.000000
vn 0.258819 -0.965926 -0.000000
vn 0.258819 -0.965926 -0.000000
vn 0.500000 -0.866025 -0.000000
vn 0.500000 -0.866025 -0.000000
vn 0.707107 -0.707107 -0.000000
vn 0.707107 -0.707107 -0.000000
vn 0.866025 -0.500000 -0.000000
vn 0.866025 -0.500000 -0.000000
vn 0.258819 -0.965926 -0.000000
vn 0.258819 -0.965926 -0.000000
vn 0.000000 -1.000000 -0.000000
vn 0.000000 -1.000000 -0.000000
vn -0.258819 -0.965926 0.000000
vn -0.258819 -0.965926 0.000000
vn -0.500000 -0.866025 0.000000
vn -0.500000 -0.866025 0.000000
vn -0.707107 -0.707107 0.000000
vn -0.707107 -0.707107 0.000000
vn -0.866025 -0.500000 0.000000
vn -0.866025 -0.500000 0.000000
vn -0.965926 -0.258819 0.000000
vn -0.965926 -0.258819 0.000000
vn -1.000000 -0.000000 0.000000
vn -1.000000 -0.000000 0.000000
vn -0.965926 0.258819 -0.000000
vn -0.965926 0.258819 -0.000000
vn -0.866025 0.500000 -0.000000
vn -0.866025 0.500000 -0.000000
vn -0.707107 0.707107 -0.000000
vn -0.707107 0.707107 -0.000000
vn -0.500000 0.866025 -0.000000
vn -0.500000 0.866025 -0.000000
vn -0.258819 0.965926 -0.000000
vn -0.258819 0.965926 -0.000000
vn -0.000000 1.000000 -0.000000
vn -0.000000 1.000000 -0.000000
vn 0.258819 0.965926 -0.000000
vn 0.258819 0.965926 -0.000000
vn 0.500000 0.866025 -0.000000
vn 0.500000 0.866025 -0.000000
vn 0.707107 0.707107 -0.000000
vn 0.707107 0.707107 -0.000000
vn 0.866025 0.500000 -0.000000
vn 0.866025 0.500000 -0.000000
vn 0.965926 0.258819 -0.000000
vn 0.965926 0.258819 -0.000000
vn 1.000000 0.000000 -0.000000
vn 1.000000 0.000000 -0.000000
vn 0.965926 -0.258819 -0.000000
vn 0.965926 -0.258819 -0.000000
vn 0.866025 -0.500000 -0.000000
vn 0.866025 -0.500000 -0.000000
vn 0.707107 -0.707107 -0.000000
vn 0.707107 -0.707107 -0.000000
vn 0.500000 -0.866025 -0.000000
vn 0.500000 -0.866025 -0.000000
vn -0.707107 -0.707107 0.000000
vn -0.500000 -0.866025 0.000000
vn -0.258819 -0.965926 0.000000
vn 0.000000 -1.000000 -0.000000
vn 0.258819 -0.965926 -0.000000
vn 0.500000 -0.866025 -0.000000
vn 0.707107 -0.707107 -0.000000
vn 0.866025 -0.500000 -0.000000
vn 0.965926 -0.258819 -0.000000
vn 1.000000 0.000000 -0.000000
vn 0.965926 0.258819 -0.000000
vn 0.866025 0.500000 -0.000000
vn 0.707107 0.707107 -0.000000
vn 0.500000 0.866025 -0.000000
vn 0.258819 0.965926 -0.000000
vn -0.000000 1.000000 -0.000000
vn -0.258819 0.965926 -0.000000
vn -0.500000 0.866025 -0.000000
vn -0.707107 0.707107 -0.000000
vn -0.866025 0.500000 -0.000000
vn -0.965926 0.258819 -0.000000
vn -1.000000 -0.000000 0.000000
vn -0.965926 -0.258819 0.000000
vn -0.866025 -0.500000 0.000000
vn 0.000000 0.000000 1.000000
vn 0.000000 0.000000 1.000000
vn 0.000000 0.000000 1.000000
vn 0.000000 0.000000 1.000000
vn 0.000000 0.000000 1.000000
vn 0.000000 0.000000 1.000000
vn 0.000000 0.000000 1.000000
vn 0.000000 0.000000 1.000000
vn 0.000000 0.000000 1.000000
vn 0.000000 0.000000 1.000000
vn 0.000000 0.000000 1.000000
vn 0.000000 0.000000 1.000000
vn 0.000000 0.000000 1.000000
vn 0.000000 0.000000 1.000000
vn 0.000000 0.000000 1.000000
vn 0.000000 0.000000 1.000000
vn 0.000000 0.000000 1.000000
vn 0.000000 0.000000 1.000000
vn 0.000000 0.000000 1.000000
vn 0.000000 0.000000 1.000000
vn 0.000000 0.000000 1.000000
vn 0.000000 0.000000 1.000000
vn 0.000000 0.000000 1.000000
vn 0.000000 0.000000 1.000000
vn -0.965926 0.258819 -0.000000
vn -0.965926 0.258819 -0.000000
vn -1.000000 0.000000 -0.000000
vn -1.000000 -0.000000 0.000000
vn -0.965926 -0.258819 0.000000
vn -0.965926 -0.258819 0.000000
vn -0.866025 -0.500000 0.000000
vn -0.866025 -0.500000 0.000000
vn -0.707107 -0.707107 0.000000
vn -0.707107 -0.707107 0.000000
vn -0.500000 -0.866025 0.000000
vn -0.500000 -0.866025 0.000000
vn -0.258819 -0.965926 0.000000
vn -0.258819 -0.965926 0.000000
vn 0.000000 -1.000000 -0.000000
vn 0.000000 -1.000000 -0.000000
vn 0.258819 -0.965926 -0.000000
vn 0.258819 -0.965926 -0.000000
vn 0.500000 -0.866025 -0.000000
vn 0.500000 -0.866025 -0.000000
vn 0.707107 -0.707107 -0.000000
vn 0.707107 -0.707107 -0.000000
vn 0.866025 -0.500000 -0.000000
vn 0.866025 -0.500000 -0.000000
vn 0.965926 -0.258819 -0.000000
vn 0.965926 -0.258819 -0.000000
vn 1.000000 -0.000000 -0.000000
vn 1.000000 0.000000 -0.000000
vn 0.965926 0.258819 -0.000000
vn 0.965926 0.258819 -0.000000
vn 0.866025 0.500000 -0.000000
vn 0.866025 0.500000 -0.000000
vn 0.707107 0.707107 -0.000000
vn 0.707107 0.707107 -0.000000
vn 0.500000 0.866025 -0.000000
vn 0.500000 0.866025 -0.000000
vn 0.258819 0.965926 -0.000000
vn 0.258819 0.965926 -0.000000
vn 0.000000 1.000000 -0.000000
vn 0.000000 1.000000 -0.000000
vn -0.258819 0.965926 -0.000000
vn -0.258819 0.965926 -0.000000
vn -0.500000 0.866025 -0.000000
vn -0.500000 0.866025 -0.000000
vn -0.707107 0.707107 -0.000000
vn -0.707107 0.707107 -0.000000
vn -0.866025 0.500000 -0.000000
vn -0.866025 0.500000 -0.000000
vn -0.258819 0.965926 -0.000000
vn -0.258819 0.965926 -0.000000
vn -0.000000 1.000000 -0.000000
vn 0.000000 1.000000 -0.000000
vn 0.258819 0.965926 -0.000000
vn 0.258819 0.965926 -0.000000
vn 0.500000 0.866025 -0.000000
vn 0.500000 0.866025 -0.000000
vn 0.707107 0.707107 -0.000000
vn 0.707107 0.707107 -0.000000
vn 0.866025 0.500000 -0.000000
vn 0.866025 0.500000 -0.000000
vn 0.965926 0.258819 -0.000000
vn 0.965926 0.258819 -0.000000
vn 1.000000 0.000000 -0.000000
vn 1.000000 0.000000 -0.000000
vn 0.965926 -0.258819 -0.000000
vn 0.965926 -0.258819 -0.000000
vn 0.866025 -0.500000 -0.000000
vn 0.866025 -0.500000 -0.000000
vn 0.707107 -0.707107 -0.000000
vn 0.707107 -0.707107 -0.000000
vn 0.500000 -0.866025 -0.000000
vn 0.500000 -0.866025 -0.000000
vn 0.258819 -0.965926 -0.000000
vn 0.258819 -0.965926 -0.000000
vn 0.000000 -1.000000 -0.000000
vn 0.000000 -1.000000 -0.000000
vn -0.258819 -0.965926 0.000000
vn -0.258819 -0.965926 0.000000
vn -0.500000 -0.866025 0.000000
vn -0.500000 -0.866025 0.000000
vn -0.707107 -0.707107 0.000000
vn -0.707107 -0.707107 0.000000
vn -0.866025 -0.500000 0.000000
vn -0.866025 -0.500000 0.000000
vn -0.965926 -0.258819 0.000000
vn -0.965926 -0.258819 0.000000
vn -1.000000 -0.000000 0.000000
vn -1.000000 -0.000000 0.000000
vn -0.965926 0.258819 -0.000000
vn -0.965926 0.258819 -0.000000
vn -0.866025 0.500000 -0.000000
vn -0.866025 0.500000 -0.000000
vn -0.707107 0.707107 -0.000000
vn -0.707107 0.707107 -0.000000
vn -0.500000 0.866025 -0.000000
vn -0.500000 0.866025 -0.000000
vn -0.707107 0.707107 -0.000000
vn -0.866025 0.500000 -0.000000
vn -0.965926 0.258819 -0.000000
vn -1.000000 -0.000000 0.000000
vn -0.965926 -0.258819 0.000000
vn -0.866025 -0.500000 0.000000
vn -0.707107 -0.707107 0.000000
vn -0.500000 -0.866025 0.000000
vn -0.258819 -0.965926 0.000000
vn 0.000000 -1.000000 -0.000000
vn 0.258819 -0.965926 -0.000000
vn 0.500000 -0.866025 -0.000000
vn 0.707107 -0.707107 -0.000000
vn 0.866025 -0.500000 -0.000000
vn 0.965926 -0.258819 -0.000000
vn 1.000000 0.000000 -0.000000
vn 0.965926 0.258819 -0.000000
vn 0.866025 0.500000 -0.000000
vn 0.707107 0.707107 -0.000000
vn 0.500000 0.866025 -0.000000
vn 0.258819 0.965926 -0.000000
vn 0.000000 1.000000 -0.000000
vn -0.258819 0.965926 -0.000000
vn -0.500000 0.866025 -0.000000
vn 0.000000 0.000000 1.000000
vn 0.000000 0.000000 1.000000
vn 0.000000 0.000000 1.000000
vn 0.000000 0.000000 1.000000
vn 0.000000 0.000000 1.000000
vn 0.000000 0.000000 1.000000
vn 0.000000 0.000000 1.000000
vn 0.000000 0.000000 1.000000
vn 0.000000 0.000000 1.000000
vn 0.000000 0.000000 1.000000
vn 0.000000 0.000000 1.000000
vn 0.000000 0.000000 1.000000
vn 0.000000 0.000000 1.000000
vn 0.000000 0.000000 1.000000
vn 0.000000 0.000000 1.000000
vn 0.000000 0.000000 1.000000
vn 0.000000 0.000000 1.000000
vn 0.000000 0.000000 1.000000
vn 0.000000 0.000000 1.000000
vn 0.000000 0.000000 1.000000
vn 0.000000 0.000000 1.000000
vn 0.000000 0.000000 1.000000
vn 0.000000 0.000000 1.000000
vn 0.000000 0.000000 1.000000
vn 0.000000 0.000000 1.000000
vn 0.000000 0.000000 1.000000
vn 0.000000 0.000000 1.000000
vn 0.000000 0.000000 1.000000
vn 0.000000 0.000000 1.000000
vn 0.000000 0.000000 1.000000
vn 0.000000 0.000000 1.000000
vn 0.000000 0.000000 1.000000
vn 0.000000 0.000000 1.000000
vn 0.000000 0.000000 1.000000
vn 0.000000 0.000000 1.000000
vn 0.000000 0.000000 1.000000
vn 0.000000 0.000000 1.000000
vn 0.000000 0.000000 1.000000
vn 0.000000 0.000000 1.000000
vn 0.000000 0.000000 1.000000
vn 0.000000 0.000000 1.000000
vn 0.000000 0.000000 1.000000
vn 0.000000 0.000000 1.000000
vn 0.000000 0.000000 1.000000
vn 0.000000 0.000000 1.000000
vn 0.000000 0.000000 1.000000
vn 0.000000 0.000000 1.000000
vn 0.000000 0.000000 1.000000
vn 0.000000 0.000000 1.000000
vn 0.000000 0.000000 1.000000
vn 0.000000 0.000000 1.000000
vn 0.000000 0.000000 1.000000
vn 0.000000 0.000000 1.000000
vn 0.000000 0.000000 1.000000
vn 0.000000 0.000000 1.000000
vn 0.000000 0.000000 1.000000
vn 0.000000 0.000000 1.000000
vn 0.000000 0.000000 1.000000
vn 0.000000 0.000000 1.000000
vn 0.000000 0.000000 1.000000
vn 0.000000 0.000000 1.000000
vn 0.000000 0.000000 1.000000
vn 0.000000 0.000000 1.000000
vn 0.000000 0.000000 1.000000
vn 0.000000 0.000000 1.000000
vn 0.000000 0.000000 1.000000
vn 0.000000 0.000000 1.000000
vn 0.000000 0.000000 1.000000
vn 0.000000 0.000000 1.000000
vn 0.000000 0.000000 1.000000
vn 0.000000 0.000000 1.000000
vn 0.000000 0.000000 1.000000
vn 0.000000 0.000000 1.000000
vn 0.000000 0.000000 1.000000
vn 0.000000 0.000000 1.000000
vn 0.000000 0.000000 1.000000
vn 0.000000 0.000000 1.000000
vn 0.000000 0.000000 1.000000
vn 0.000000 0.000000 1.000000
vn 0.000000 0.000000 1.000000
vn 0.000000 0.000000 1.000000
vn 0.000000 0.000000 1.000000
vn 0.000000 0.000000 1.000000
vn 0.000000 0.000000 1.000000
vn 0.000000 0.000000 1.000000
vn 0.000000 0.000000 1.000000
vn 0.000000 0.000000 1.000000
vn 0.000000 0.000000 1.000000
vn 0.000000 0.000000 1.000000
vn 0.000000 0.000000 1.000000
vn 0.000000 0.000000 1.000000
vn 0.000000 0.000000 1.000000
vn 0.995782 -0.000000 0.091749
vn 0.995782 -0.000000 0.091749
vn 0.959975 -0.000000 0.280085
vn 0.946089 -0.000000 0.323907
vn 0.888245 -0.000000 0.459371
vn 0.843068 -0.000000 0.537807
vn 0.786269 -0.000000 0.617884
vn 0.692526 -0.000000 0.721393
vn 0.663647 -0.000000 0.748046
vn 0.502948 -0.000000 0.864317
vn 0.521173 -0.000000 0.853451
vn 0.365427 -0.000000 0.930840
vn 0.285021 -0.000000 0.958521
vn 0.205644 -0.000000 0.978627
vn 0.051028 -0.000000 0.998697
vn 0.000000 -0.412070 0.911152
vn 0.000000 -0.412070 0.911152
vn 0.000000 -0.210770 0.977536
vn 0.000000 -0.000000 1.000000
vn 0.000000 -0.000000 1.000000
vn 0.000000 -0.203708 0.979032
vn -0.000000 -0.000000 1.000000
vn -0.000000 -0.000000 1.000000
vn -0.000000 -0.000000 1.000000
vn -0.000000 -0.000000 1.000000
vn -0.000000 -0.000000 1.000000
vn -0.000000 -0.000000 1.000000
vn -0.000000 -0.508221 0.861227
vn -0.000000 -0.508221 0.861227
vn -0.000000 -0.250442 0.968132
vn -0.000000 -0.239598 0.970872
vn -0.000000 -0.000000 1.000000
vn -0.000000 -0.000000 1.000000
vn -0.000000 -0.000000 1.000000
vn -0.000000 -0.000000 1.000000
vn -0.000000 -0.000000 1.000000
vn -0.000000 -0.000000 1.000000
vn -0.000000 -0.000000 1.000000
vn -0.000000 -0.000000 1.000000
vn -0.000000 -0.000000 1.000000
vn -0.000000 -0.000000 1.000000
vn -0.000000 -0.000000 1.000000
vn -0.000000 -0.000000 1.000000
vn -0.000000 -0.000000 1.000000
vn -0.000000 -0.000000 1.000000
vn -0.000000 -0.000000 1.000000
vn -0.000000 -0.000000 1.000000
vn -0.000000 -0.000000 1.000000
vn -0.000000 -0.000000 1.000000
vn -0.000000 -0.000000 1.000000
vn -0.000000 -0.000000 1.000000
vn 0.995782 0.000000 0.091749
vn 0.960733 0.000000 0.277476
vn 0.943299 0.000000 0.331945
vn 0.943299 0.000000 0.331945
vn 0.833794 0.000000 0.552075
vn 0.833794 0.000000 0.552075
vn 0.673888 0.000000 0.738833
vn 0.673888 0.000000 0.738833
vn 0.473247 0.000000 0.880930
vn 0.473247 0.000000 0.880930
vn 0.243998 0.000000 0.969776
vn 0.243998 0.000000 0.969776
vn 0.000000 0.000000 1.000000
vn 0.243998 0.000000 0.969776
vn 0.243998 0.000000 0.969776
vn 0.473247 0.000000 0.880930
vn 0.473247 0.000000 0.880930
vn 0.673888 0.000000 0.738833
vn 0.673888 0.000000 0.738833
vn 0.833794 0.000000 0.552075
vn 0.833794 0.000000 0.552075
vn 0.943299 0.000000 0.331945
vn 0.943299 0.000000 0.331945
vn 0.943299 0.000000 0.331945
vn 0.890521 0.000000 0.454942
vn 0.833794 0.000000 0.552075
vn 0.789831 0.000000 0.613325
vn 0.673888 0.000000 0.738833
vn 0.667055 0.000000 0.745009
vn 0.520320 0.000000 0.853972
vn 0.473247 0.000000 0.880930
vn 0.353985 0.000000 0.935251
vn 0.243998 0.000000 0.969776
vn 0.177042 0.000000 0.984203
vn 0.000000 0.000000 1.000000
vn 0.016820 -0.000000 0.999859
vn 0.016820 -0.000000 0.999859
vn 0.016820 -0.000000 0.999859
vn 0.016820 -0.000000 0.999859
vn 0.016820 -0.000000 0.999859
vn 0.016820 -0.000000 0.999859
vn 0.016820 -0.000000 0.999859
vn 0.016820 -0.000000 0.999859
vn -0.857493 -0.000000 0.514496
vn -0.857493 -0.000000 0.514496
vn -0.857493 -0.000000 0.514496
vn -0.857493 -0.000000 0.514496
vn -0.874313 -0.000000 -0.485363
vn -0.874313 -0.000000 -0.485363
vn -0.874313 -0.000000 -0.485363
vn -0.874313 -0.000000 -0.485363
vn -0.016820 -0.000000 -0.999859
vn -0.016820 -0.000000 -0.999859
vn -0.016820 -0.000000 -0.999859
vn -0.016820 -0.000000 -0.999859
vn -0.016820 -0.000000 -0.999859
vn -0.016820 -0.000000 -0.999859
vn -0.016820 -0.000000 -0.999859
vn -0.016820 -0.000000 -0.999859
vn 0.857493 -0.000000 -0.514496
vn 0.857493 -0.000000 -0.514496
vn 0.857493 -0.000000 -0.514496
vn 0.857493 -0.000000 -0.514496
vn 0.874313 -0.000000 0.485363
vn 0.874313 -0.000000 0.485363
vn 0.874313 -0.000000 0.485363
vn 0.874313 -0.000000 0.485363
vn 0.874313 -0.000000 0.485363
vn 0.874313 -0.000000 0.485363
vn 0.874313 -0.000000 0.485363
vn 0.874313 -0.000000 0.485363
vn 0.016820 -0.000000 0.999859
vn 0.016820 -0.000000 0.999859
vn 0.016820 -0.000000 0.999859
vn 0.016820 -0.000000 0.999859
vn 0.016820 -0.000000 0.999859
vn 0.016820 -0.000000 0.999859
vn 0.016820 -0.000000 0.999859
vn 0.016820 -0.000000 0.999859
vn -0.857493 -0.000000 0.514496
vn -0.857493 -0.000000 0.514496
vn -0.857493 -0.000000 0.514496
vn -0.857493 -0.000000 0.514496
vn -0.874313 -0.000000 -0.485363
vn -0.874313 -0.000000 -0.485363
vn -0.874313 -0.000000 -0.485363
vn -0.874313 -0.000000 -0.485363
vn -0.016820 -0.000000 -0.999859
vn -0.016820 -0.000000 -0.999859
vn -0.016820 -0.000000 -0.999859
vn -0.016820 -0.000000 -0.999859
vn -0.016820 -0.000000 -0.999859
vn -0.016820 -0.000000 -0.999859
vn -0.016820 -0.000000 -0.999859
vn -0.016820 -0.000000 -0.999859
vn 0.857493 -0.000000 -0.514496
vn 0.857493 -0.000000 -0.514496
vn 0.857493 -0.000000 -0.514496
vn 0.857493 -0.000000 -0.514496
vn 0.693663 0.693663 0.194071
vn 0.707107 0.707107 0.000000
vn 0.707107 0.707107 0.000000
vn 0.693663 0.693663 -0.194071
vn 0.683013 0.683013 -0.258819
vn 0.652355 0.652355 -0.385832
vn 0.612372 0.612372 -0.500000
vn 0.585036 0.585036 -0.561663
vn 0.500000 0.500000 -0.707107
vn 0.497631 0.497631 -0.710442
vn 0.391633 0.391633 -0.832615
vn 0.353553 0.353553 -0.866025
vn 0.267830 0.267830 -0.925491
vn 0.183013 0.183013 -0.965926
vn 0.133942 0.133942 -0.981896
vn 0.000000 0.000000 -1.000000
vn -0.000835 -0.000835 -0.999999
vn -0.135558 -0.135558 -0.981452
vn -0.183013 -0.183013 -0.965926
vn -0.269138 -0.269138 -0.924732
vn -0.353553 -0.353553 -0.866025
vn -0.392516 -0.392516 -0.831783
vn -0.500000 -0.500000 -0.707107
vn -0.498114 -0.498114 -0.709764
vn -0.585250 -0.585250 -0.561217
vn -0.612372 -0.612372 -0.500000
vn -0.652419 -0.652419 -0.385616
vn -0.683013 -0.683013 -0.258819
vn -0.693671 -0.693671 -0.194014
vn -0.707107 -0.707107 0.000000
vn -0.707107 -0.707107 0.000000
vn -0.693671 -0.693671 0.194014
vn -0.683013 -0.683013 0.258819
vn -0.652419 -0.652419 0.385616
vn -0.612372 -0.612372 0.500000
vn -0.585250 -0.585250 0.561217
vn -0.500000 -0.500000 0.707107
vn -0.498114 -0.498114 0.709764
vn -0.392516 -0.392516 0.831783
vn -0.353553 -0.353553 0.866025
vn -0.269138 -0.269138 0.924732
vn -0.183013 -0.183013 0.965926
vn -0.135558 -0.135558 0.981452
vn -0.001068 -0.001068 0.999999
vn -0.000835 -0.000835 0.999999
vn 0.133942 0.133942 0.981896
vn 0.183013 0.183013 0.965926
vn 0.267830 0.267830 0.925491
vn 0.353553 0.353553 0.866025
vn 0.391633 0.391633 0.832615
vn 0.500000 0.500000 0.707107
vn 0.497631 0.497631 0.710442
vn 0.585036 0.585036 0.561663
vn 0.612372 0.612372 0.500000
vn 0.652355 0.652355 0.385832
vn 0.683013 0.683013 0.258819
vn 0.693492 0.693492 -0.195290
vn 0.707107 0.707107 0.000000
vn 0.693492 0.693492 0.195290
vn 0.651723 0.651723 0.387962
vn 0.583839 0.583839 0.564149
vn 0.496049 0.496049 0.712650
vn 0.389738 0.389738 0.834391
vn 0.266057 0.266057 0.926513
vn 0.132690 0.132690 0.982236
vn -0.001297 -0.001297 0.999998
vn -0.135204 -0.135204 0.981550
vn -0.268102 -0.268102 0.925334
vn -0.391128 -0.391128 0.833090
vn -0.496815 -0.496815 0.711582
vn -0.584181 -0.584181 0.563441
vn -0.651826 -0.651826 0.387617
vn -0.693505 -0.693505 0.195199
vn -0.707107 -0.707107 0.000000
vn -0.693505 -0.693505 -0.195199
vn -0.651826 -0.651826 -0.387617
vn -0.584181 -0.584181 -0.563441
vn -0.496815 -0.496815 -0.711582
vn -0.391128 -0.391128 -0.833090
vn -0.268102 -0.268102 -0.925334
vn -0.135204 -0.135204 -0.981550
vn -0.001297 -0.001297 -0.999998
vn 0.132690 0.132690 -0.982236
vn 0.266057 0.266057 -0.926513
vn 0.389738 0.389738 -0.834391
vn 0.496049 0.496049 -0.712650
vn 0.583839 0.583839 -0.564149
vn 0.651723 0.651723 -0.387962
vn 0.693669 -0.693669 0.194031
vn 0.707107 -0.707107 0.000000
vn 0.707107 -0.707107 0.000000
vn 0.693669 -0.693669 -0.194031
vn 0.683013 -0.683013 -0.258819
vn 0.652411 -0.652411 -0.385643
vn 0.612372 -0.612372 -0.500000
vn 0.585236 -0.585236 -0.561248
vn 0.500000 -0.500000 -0.707107
vn 0.498095 -0.498095 -0.709790
vn 0.392496 -0.392496 -0.831802
vn 0.353553 -0.353553 -0.866025
vn 0.269122 -0.269122 -0.924741
vn 0.183013 -0.183013 -0.965926
vn 0.135551 -0.135551 -0.981454
vn 0.000000 -0.000000 -1.000000
vn 0.000839 -0.000839 -0.999999
vn -0.133927 0.133927 -0.981900
vn -0.183013 0.183013 -0.965926
vn -0.267807 0.267807 -0.925504
vn -0.353553 0.353553 -0.866025
vn -0.391608 0.391608 -0.832638
vn -0.500000 0.500000 -0.707107
vn -0.497610 0.497610 -0.710471
vn -0.585020 0.585020 -0.561696
vn -0.612372 0.612372 -0.500000
vn -0.652347 0.652347 -0.385860
vn -0.683013 0.683013 -0.258819
vn -0.693661 0.693661 -0.194088
vn -0.707107 0.707107 0.000000
vn -0.707107 0.707107 0.000000
vn -0.693661 0.693661 0.194088
vn -0.683013 0.683013 0.258819
vn -0.652347 0.652347 0.385860
vn -0.612372 0.612372 0.500000
vn -0.585020 0.585020 0.561696
vn -0.500000 0.500000 0.707107
vn -0.497610 0.497610 0.710471
vn -0.391608 0.391608 0.832638
vn -0.353553 0.353553 0.866025
vn -0.267807 0.267807 0.925504
vn -0.183013 0.183013 0.965926
vn -0.133927 0.133927 0.981900
vn 0.001071 -0.001071 0.999999
vn 0.000839 -0.000839 0.999999
vn 0.135551 -0.135551 0.981454
vn 0.183013 -0.183013 0.965926
vn 0.269122 -0.269122 0.924741
vn 0.353553 -0.353553 0.866025
vn 0.392496 -0.392496 0.831802
vn 0.500000 -0.500000 0.707107
vn 0.498095 -0.498095 0.709790
vn 0.585236 -0.585236 0.561248
vn 0.612372 -0.612372 0.500000
vn 0.652411 -0.652411 0.385643
vn 0.683013 -0.683013 0.258819
vn 0.693503 -0.693503 -0.195208
vn 0.707107 -0.707107 0.000000
vn 0.693503 -0.693503 0.195208
vn 0.651821 -0.651821 0.387632
vn 0.584173 -0.584173 0.563458
vn 0.496805 -0.496805 0.711596
vn 0.391117 -0.391117 0.833100
vn 0.268094 -0.268094 0.925339
vn 0.135201 -0.135201 0.981551
vn 0.001299 -0.001299 0.999998
vn -0.132682 0.132682 0.982238
vn -0.266045 0.266045 0.926520
vn -0.389725 0.389725 0.834403
vn -0.496038 0.496038 0.712666
vn -0.583830 0.583830 0.564167
vn -0.651718 0.651718 0.387978
vn -0.693490 0.693490 0.195299
vn -0.707107 0.707107 0.000000
vn -0.693490 0.693490 -0.195299
vn -0.651718 0.651718 -0.387978
vn -0.583830 0.583830 -0.564167
vn -0.496038 0.496038 -0.712666
vn -0.389725 0.389725 -0.834403
vn -0.266045 0.266045 -0.926520
vn -0.132682 0.132682 -0.982238
vn 0.001299 -0.001299 -0.999998
vn 0.135201 -0.135201 -0.981551
vn 0.268094 -0.268094 -0.925339
vn 0.391117 -0.391117 -0.833100
vn 0.496805 -0.496805 -0.711596
vn 0.584173 -0.584173 -0.563458
vn 0.651821 -0.651821 -0.387632
vn -0.000000 -0.813733 -0.581238
vn -0.000000 -0.813733 -0.581238
vn -0.000000 -0.813733 -0.581238
vn -0.000000 -0.813733 -0.581238
vn -0.000000 0.868243 -0.496139
vn -0.000000 0.868243 -0.496139
vn -0.000000 0.868243 -0.496139
vn -0.000000 0.868243 -0.496139
vn -0.000000 -0.000000 1.000000
vn -0.000000 -0.000000 1.000000
vn -0.000000 -0.000000 1.000000
vn -0.000000 -0.000000 1.000000
vn 0.000000 0.813733 0.581238
vn 0.000000 0.813733 0.581238
vn 0.000000 0.813733 0.581238
vn 0.000000 0.813733 0.581238
vn -0.000000 -0.868243 0.496139
vn -0.000000 -0.868243 0.496139
vn -0.000000 -0.868243 0.496139
vn -0.000000 -0.868243 0.496139
vn -0.000000 0.000000 -1.000000
vn -0.000000 0.000000 -1.000000
vn -0.000000 0.000000 -1.000000
vn -0.000000 0.000000 -1.000000
vn -0.000000 0.000000 -1.000000
vn -0.000000 0.000000 -1.000000
vn -0.000000 0.000000 -1.000000
vn -0.000000 0.000000 -1.000000
vn 0.000000 0.813733 0.581238
vn 0.000000 0.813733 0.581238
vn 0.000000 0.813733 0.581238
vn 0.000000 0.813733 0.581238
vn -0.000000 -0.868243 0.496139
vn -0.000000 -0.868243 0.496139
vn -0.000000 -0.868243 0.496139
vn -0.000000 -0.868243 0.496139
vn -0.000000 -0.000000 1.000000
vn -0.000000 -0.000000 1.000000
vn -0.000000 -0.000000 1.000000
vn -0.000000 -0.000000 1.000000
vn -0.000000 -0.000000 1.000000
vn -0.000000 -0.000000 1.000000
vn -0.000000 -0.000000 1.000000
vn -0.000000 -0.000000 1.000000
vn -0.000000 -0.813733 -0.581238
vn -0.000000 -0.813733 -0.581238
vn -0.000000 -0.813733 -0.581238
vn -0.000000 -0.813733 -0.581238
vn 0.016820 -0.000000 0.999859
vn 0.016820 -0.000000 0.999859
vn 0.016820 -0.000000 0.999859
vn 0.016820 -0.000000 0.999859
vn 0.016820 -0.000000 0.999859
vn 0.016820 -0.000000 0.999859
vn 0.016820 -0.000000 0.999859
vn 0.016820 -0.000000 0.999859
vn -0.857493 -0.000000 0.514496
vn -0.857493 -0.000000 0.514496
vn -0.857493 -0.000000 0.514496
vn -0.857493 -0.000000 0.514496
vn -0.874313 -0.000000 -0.485363
vn -0.874313 -0.000000 -0.485363
vn -0.874313 -0.000000 -0.485363
vn -0.874313 -0.000000 -0.485363
vn -0.016820 -0.000000 -0.999859
vn -0.016820 -0.000000 -0.999859
vn -0.016820 -0.000000 -0.999859
vn -0.016820 -0.000000 -0.999859
vn -0.016820 -0.000000 -0.999859
vn -0.016820 -0.000000 -0.999859
vn -0.016820 -0.000000 -0.999859
vn -0.016820 -0.000000 -0.999859
vn 0.857493 -0.000000 -0.514496
vn 0.857493 -0.000000 -0.514496
vn 0.857493 -0.000000 -0.514496
vn 0.857493 -0.000000 -0.514496
vn 0.874313 -0.000000 0.485363
vn 0.874313 -0.000000 0.485363
vn 0.874313 -0.000000 0.485363
vn 0.874313 -0.000000 0.485363
vn 0.874313 -0.000000 0.485363
vn 0.874313 -0.000000 0.485363
vn 0.874313 -0.000000 0.485363
vn 0.874313 -0.000000 0.485363
vn 0.016820 -0.000000 0.999859
vn 0.016820 -0.000000 0.999859
vn 0.016820 -0.000000 0.999859
vn 0.016820 -0.000000 0.999859
vn 0.016820 -0.000000 0.999859
vn 0.016820 -0.000000 0.999859
vn 0.016820 -0.000000 0.999859
vn 0.016820 -0.000000 0.999859
vn -0.857493 -0.000000 0.514496
vn -0.857493 -0.000000 0.514496
vn -0.857493 -0.000000 0.514496
vn -0.857493 -0.000000 0.514496
vn -0.874313 -0.000000 -0.485363
vn -0.874313 -0.000000 -0.485363
vn -0.874313 -0.000000 -0.485363
vn -0.874313 -0.000000 -0.485363
vn -0.016820 -0.000000 -0.999859
vn -0.016820 -0.000000 -0.999859
vn -0.016820 -0.000000 -0.999859
vn -0.016820 -0.000000 -0.999859
vn -0.016820 -0.000000 -0.999859
vn -0.016820 -0.000000 -0.999859
vn -0.016820 -0.000000 -0.999859
vn -0.016820 -0.000000 -0.999859
vn 0.857493 -0.000000 -0.514496
vn 0.857493 -0.000000 -0.514496
vn 0.857493 -0.000000 -0.514496
vn 0.857493 -0.000000 -0.514496
vn 0.693671 -0.693671 -0.194012
vn 0.707107 -0.707107 0.000000
vn 0.707107 -0.707107 0.000000
vn 0.693671 -0.693671 0.194012
vn 0.683013 -0.683013 0.258819
vn 0.652386 -0.652386 0.385728
vn 0.612372 -0.612372 0.500000
vn 0.585094 -0.585094 0.561542
vn 0.500000 -0.500000 0.707107
vn 0.497707 -0.497707 0.710335
vn 0.391723 -0.391723 0.832530
vn 0.353553 -0.353553 0.866025
vn 0.267912 -0.267912 0.925444
vn 0.183013 -0.183013 0.965926
vn 0.133997 -0.133997 0.981881
vn -0.001047 0.001047 0.999999
vn -0.000820 0.000820 0.999999
vn -0.135584 0.135584 0.981445
vn -0.183013 0.183013 0.965926
vn -0.269196 0.269196 0.924698
vn -0.353553 0.353553 0.866025
vn -0.392589 0.392589 0.831714
vn -0.500000 0.500000 0.707107
vn -0.498180 0.498180 0.709671
vn -0.585304 0.585304 0.561104
vn -0.612372 0.612372 0.500000
vn -0.652448 0.652448 0.385516
vn -0.683013 0.683013 0.258819
vn -0.693679 0.693679 0.193956
vn -0.707107 0.707107 0.000000
vn -0.707107 0.707107 0.000000
vn -0.693679 0.693679 -0.193956
vn -0.683013 0.683013 -0.258819
vn -0.652448 0.652448 -0.385516
vn -0.612372 0.612372 -0.500000
vn -0.585304 0.585304 -0.561104
vn -0.500000 0.500000 -0.707107
vn -0.498180 0.498180 -0.709671
vn -0.392589 0.392589 -0.831714
vn -0.353553 0.353553 -0.866025
vn -0.269196 0.269196 -0.924698
vn -0.183013 0.183013 -0.965926
vn -0.135584 0.135584 -0.981445
vn -0.000000 0.000000 -1.000000
vn -0.000820 0.000820 -0.999999
vn 0.133997 -0.133997 -0.981881
vn 0.183013 -0.183013 -0.965926
vn 0.267912 -0.267912 -0.925444
vn 0.353553 -0.353553 -0.866025
vn 0.391723 -0.391723 -0.832530
vn 0.500000 -0.500000 -0.707107
vn 0.497707 -0.497707 -0.710335
vn 0.585094 -0.585094 -0.561542
vn 0.612372 -0.612372 -0.500000
vn 0.652386 -0.652386 -0.385728
vn 0.683013 -0.683013 -0.258819
vn 0.693507 -0.693507 0.195181
vn 0.707107 -0.707107 0.000000
vn 0.693507 -0.693507 -0.195181
vn 0.651780 -0.651780 -0.387772
vn 0.583945 -0.583945 -0.563929
vn 0.496188 -0.496188 -0.712457
vn 0.389901 -0.389901 -0.834239
vn 0.266205 -0.266205 -0.926429
vn 0.132788 -0.132788 -0.982209
vn -0.001271 0.001271 -0.999998
vn -0.135250 0.135250 -0.981537
vn -0.268207 0.268207 -0.925273
vn -0.391260 0.391260 -0.832965
vn -0.496937 0.496937 -0.711413
vn -0.584279 0.584279 -0.563237
vn -0.651880 0.651880 -0.387434
vn -0.693520 0.693520 -0.195091
vn -0.707107 0.707107 0.000000
vn -0.693520 0.693520 0.195091
vn -0.651880 0.651880 0.387434
vn -0.584279 0.584279 0.563237
vn -0.496937 0.496937 0.711413
vn -0.391260 0.391260 0.832965
vn -0.268207 0.268207 0.925273
vn -0.135250 0.135250 0.981537
vn -0.001271 0.001271 0.999998
vn 0.132788 -0.132788 0.982209
vn 0.266205 -0.266205 0.926429
vn 0.389901 -0.389901 0.834239
vn 0.496188 -0.496188 0.712457
vn 0.583945 -0.583945 0.563929
vn 0.651780 -0.651780 0.387772
vn 0.693657 0.693657 -0.194112
vn 0.707107 0.707107 0.000000
vn 0.707107 0.707107 0.000000
vn 0.693657 0.693657 0.194112
vn 0.683013 0.683013 0.258819
vn 0.652370 0.652370 0.385782
vn 0.612372 0.612372 0.500000
vn 0.585160 0.585160 0.561404
vn 0.500000 0.500000 0.707107
vn 0.498002 0.498002 0.709920
vn 0.392393 0.392393 0.831898
vn 0.353553 0.353553 0.866025
vn 0.269041 0.269041 0.924788
vn 0.183013 0.183013 0.965926
vn 0.135515 0.135515 0.981464
vn 0.001099 0.001099 0.999999
vn 0.000860 0.000860 0.999999
vn -0.133851 -0.133851 0.981920
vn -0.183013 -0.183013 0.965926
vn -0.267693 -0.267693 0.925570
vn -0.353553 -0.353553 0.866025
vn -0.391483 -0.391483 0.832755
vn -0.500000 -0.500000 0.707107
vn -0.497504 -0.497504 0.710618
vn -0.584940 -0.584940 0.561864
vn -0.612372 -0.612372 0.500000
vn -0.652304 -0.652304 0.386005
vn -0.683013 -0.683013 0.258819
vn -0.693649 -0.693649 0.194171
vn -0.707107 -0.707107 0.000000
vn -0.707107 -0.707107 0.000000
vn -0.693649 -0.693649 -0.194171
vn -0.683013 -0.683013 -0.258819
vn -0.652304 -0.652304 -0.386005
vn -0.612372 -0.612372 -0.500000
vn -0.584940 -0.584940 -0.561864
vn -0.500000 -0.500000 -0.707107
vn -0.497504 -0.497504 -0.710618
vn -0.391483 -0.391483 -0.832755
vn -0.353553 -0.353553 -0.866025
vn -0.267693 -0.267693 -0.925570
vn -0.183013 -0.183013 -0.965926
vn -0.133851 -0.133851 -0.981920
vn -0.000000 -0.000000 -1.000000
vn 0.000860 0.000860 -0.999999
vn 0.135515 0.135515 -0.981464
vn 0.183013 0.183013 -0.965926
vn 0.269041 0.269041 -0.924788
vn 0.353553 0.353553 -0.866025
vn 0.392393 0.392393 -0.831898
vn 0.500000 0.500000 -0.707107
vn 0.498002 0.498002 -0.709920
vn 0.585160 0.585160 -0.561404
vn 0.612372 0.612372 -0.500000
vn 0.652370 0.652370 -0.385782
vn 0.683013 0.683013 -0.258819
vn 0.693483 0.693483 0.195352
vn 0.707107 0.707107 -0.000000
vn 0.693483 0.693483 -0.195352
vn 0.651748 0.651748 -0.387876
vn 0.584041 0.584041 -0.563731
vn 0.496643 0.496643 -0.711823
vn 0.390940 0.390940 -0.833266
vn 0.267954 0.267954 -0.925420
vn 0.135139 0.135139 -0.981568
vn 0.001334 0.001334 -0.999998
vn -0.132552 -0.132552 -0.982273
vn -0.265849 -0.265849 -0.926633
vn -0.389508 -0.389508 -0.834606
vn -0.495853 -0.495853 -0.712923
vn -0.583688 -0.583688 -0.564461
vn -0.651642 -0.651642 -0.388232
vn -0.693470 -0.693470 -0.195446
vn -0.707107 -0.707107 0.000000
vn -0.693470 -0.693470 0.195446
vn -0.651642 -0.651642 0.388232
vn -0.583688 -0.583688 0.564461
vn -0.495853 -0.495853 0.712923
vn -0.389508 -0.389508 0.834606
vn -0.265849 -0.265849 0.926633
vn -0.132552 -0.132552 0.982273
vn 0.001334 0.001334 0.999998
vn 0.135139 0.135139 0.981568
vn 0.267954 0.267954 0.925420
vn 0.390940 0.390940 0.833266
vn 0.496643 0.496643 0.711823
vn 0.584041 0.584041 0.563731
vn 0.651748 0.651748 0.387876
vn -0.000000 -0.813733 -0.581238
vn -0.000000 -0.813733 -0.581238
vn -0.000000 -0.813733 -0.581238
vn -0.000000 -0.813733 -0.581238
vn -0.000000 -0.000000 1.000000
vn -0.000000 -0.000000 1.000000
vn -0.000000 -0.000000 1.000000
vn -0.000000 -0.000000 1.000000
vn -0.000000 0.868243 -0.496139
vn -0.000000 0.868243 -0.496139
vn -0.000000 0.868243 -0.496139
vn -0.000000 0.868243 -0.496139
vn 0.000000 0.813733 0.581238
vn 0.000000 0.813733 0.581238
vn 0.000000 0.813733 0.581238
vn 0.000000 0.813733 0.581238
vn -0.000000 0.000000 -1.000000
vn -0.000000 0.000000 -1.000000
vn -0.000000 0.000000 -1.000000
vn -0.000000 0.000000 -1.000000
vn -0.000000 -0.868243 0.496139
vn -0.000000 -0.868243 0.496139
vn -0.000000 -0.868243 0.496139
vn -0.000000 -0.868243 0.496139
vn -0.000000 -0.868243 0.496139
vn -0.000000 -0.868243 0.496139
vn -0.000000 -0.868243 0.496139
vn -0.000000 -0.868243 0.496139
vn -0.000000 -0.868243 0.496139
vn -0.000000 -0.868243 0.496139
vn -0.000000 -0.868243 0.496139
vn -0.000000 -0.868243 0.496139
vn 0.000000 0.813733 0.581238
vn 0.000000 0.813733 0.581238
vn 0.000000 0.813733 0.581238
vn 0.000000 0.813733 0.581238
vn -0.000000 0.868243 -0.496139
vn -0.000000 0.868243 -0.496139
vn -0.000000 0.868243 -0.496139
vn -0.000000 0.868243 -0.496139
vn -0.000000 -0.813733 -0.581238
vn -0.000000 -0.813733 -0.581238
vn -0.000000 -0.813733 -0.581238
vn -0.000000 -0.813733 -0.581238
vn -0.000000 -0.000000 1.000000
vn -0.000000 -0.000000 1.000000
vn -0.000000 -0.000000 1.000000
vn -0.000000 -0.000000 1.000000
vn -0.995670 0.000000 0.092960
vn -0.980322 0.000000 0.197404
vn -0.995670 0.000000 0.092960
vn -0.980148 0.000000 0.198268
vn -0.953854 0.000000 0.300272
vn -0.953571 0.000000 0.301168
vn -0.916488 0.000000 0.400062
vn -0.916282 0.000000 0.400534
vn -0.868693 0.000000 0.495350
vn -0.868693 0.000000 0.495350
vn -0.308581 -0.951198 0.000009
vn -0.452899 -0.891441 0.014681
vn -0.295026 -0.955489 -0.000006
vn -0.458467 -0.887943 0.036939
vn -0.271903 -0.962325 -0.000087
vn -0.433384 -0.899372 0.057511
vn -0.239389 -0.970924 0.000075
vn -0.397200 -0.914350 0.078717
vn -0.197980 -0.980206 -0.000153
vn -0.337369 -0.937924 0.080501
vn -0.584513 -0.792752 0.172884
vn -0.467029 -0.869557 0.160483
vn -0.737110 -0.625125 0.256687
vn -0.584385 -0.775796 0.237981
vn -0.685655 -0.658485 0.310282
vn -0.806107 -0.510949 0.298534
vn -0.857525 -0.391932 0.333228
vn -0.891586 -0.379971 0.246365
vn -0.928454 -0.256492 0.268673
vn -0.952358 -0.250434 0.174062
vn -0.974372 -0.126493 0.186005
vn -0.995671 -0.000021 0.092952
vn -0.980148 0.000005 0.198265
vn -0.586085 -0.809722 0.029220
vn -0.704855 -0.708032 0.043245
vn -0.643172 -0.761384 0.081388
vn -0.806285 -0.588834 0.056379
vn -0.794029 -0.595613 0.121506
vn -0.887870 -0.455005 0.068248
vn -0.862807 -0.485204 0.141921
vn -0.947535 -0.309863 0.078501
vn -0.914789 -0.371228 0.159217
vn -0.983787 -0.156925 0.086823
vn -0.949343 -0.129614 0.286266
vn -0.953562 0.000024 0.301198
vn -0.913469 -0.133922 0.384238
vn -0.916293 0.000009 0.400509
vn -0.862813 -0.184289 0.470735
vn -0.868637 -0.000090 0.495448
vn -0.828367 -0.359437 0.429665
vn -0.893725 -0.264805 0.362125
vn -0.768295 -0.518565 0.375251
vn -0.839918 -0.496098 0.220056
vn -0.771076 -0.608132 0.188724
vn -0.619413 -0.774779 0.126668
vn 0.978271 -0.186975 0.089593
vn 0.978052 -0.187331 0.091223
vn 0.923779 -0.232958 0.303913
vn 0.882065 -0.221102 0.416024
vn 0.796334 -0.221102 0.562998
vn 0.686363 -0.221102 0.692834
vn 0.555500 -0.221102 0.801582
vn 0.634971 -0.431260 0.640958
vn 0.513906 -0.431260 0.741563
vn 0.574893 -0.535673 0.618509
vn 0.446875 -0.620071 0.644837
vn 0.310711 -0.778312 0.545609
vn 0.327999 -0.620071 0.712691
vn 0.262564 -0.778189 0.570510
vn 0.199139 -0.620071 0.758851
vn 0.159411 -0.778189 0.607461
vn 0.064217 -0.620071 0.781913
vn 0.051406 -0.778189 0.625922
vn -0.072659 -0.620071 0.781174
vn -0.058164 -0.778189 0.625331
vn -0.156456 -0.653567 0.740521
vn -0.151207 -0.768551 0.621664
vn -0.127167 -0.867567 0.480787
vn -0.046860 -0.899219 0.434983
vn -0.088694 -0.941994 0.323700
vn 0.822026 -0.319501 0.471372
vn 0.703860 -0.421445 0.571809
vn 0.189591 -0.889678 0.415365
vn 0.111792 -0.897788 0.426003
vn 0.081514 -0.972948 0.216166
vn 0.022970 -0.891879 0.451690
vn -0.142557 -0.529070 0.836518
vn -0.083558 -0.431260 0.898350
vn 0.073850 -0.431260 0.899200
vn 0.229010 -0.431260 0.872679
vn 0.377199 -0.431260 0.819595
vn -0.068367 -0.272326 0.959773
vn 0.079827 -0.221102 0.971978
vn 0.247545 -0.221102 0.943311
vn 0.407728 -0.221102 0.885930
vn 0.000062 -0.000008 1.000000
vn 0.006187 -0.000775 0.999981
vn 0.235109 -0.015294 0.971849
vn 0.243983 0.000000 0.969779
vn 0.410547 -0.026705 0.911448
vn 0.473301 0.000000 0.880901
vn 0.574072 -0.037342 0.817953
vn 0.714740 -0.046492 0.697843
vn 0.833761 -0.000000 0.552126
vn 0.832098 -0.054126 0.551981
vn 0.891994 -0.058022 0.448308
vn 0.864868 -0.158796 0.476221
vn 0.938690 -0.176956 0.295885
vn 0.346090 -0.051526 0.936785
vn 0.504359 -0.080455 0.859738
vn 0.645525 -0.109117 0.755904
vn 0.765288 -0.135519 0.629261
vn 0.959223 -0.062396 0.275678
vn 0.963334 -0.183170 0.196050
vn 0.978274 -0.186958 0.089593
vn 0.943304 0.000000 0.331931
vn 0.000000 0.000000 1.000000
vn 0.000000 0.000000 1.000000
vn 0.000000 0.000000 1.000000
vn 0.000000 0.000000 1.000000
vn 0.000000 0.000000 1.000000
vn 0.000000 0.000000 1.000000
vn 0.000000 0.000000 1.000000
vn 0.000000 0.000000 1.000000
vn 0.000000 0.000000 1.000000
vn 0.000000 0.000000 1.000000
vn 0.000000 0.000000 1.000000
vn 0.000000 0.000000 1.000000
vn 0.000000 0.000000 1.000000
vn 0.000000 0.000000 1.000000
vn 0.000000 0.000000 1.000000
vn -0.178270 0.000000 0.983982
vn -0.243801 0.000000 0.969825
vn -0.243801 0.000000 0.969825
vn -0.243801 0.000000 0.969825
vn -0.472890 0.000000 0.881122
vn -0.472890 0.000000 0.881122
vn -0.673439 0.000000 0.739243
vn -0.673439 0.000000 0.739243
vn -0.833347 0.000000 0.552751
vn -0.833347 0.000000 0.552751
vn -0.942962 0.000000 0.332901
vn -0.942962 0.000000 0.332901
vn -0.995670 0.000000 0.092960
vn -0.942962 0.000000 0.332901
vn -0.942962 0.000000 0.332901
vn -0.833347 0.000000 0.552751
vn -0.833347 0.000000 0.552751
vn -0.673439 0.000000 0.739243
vn -0.791775 0.000000 0.610813
vn -0.669496 0.000000 0.742816
vn -0.523081 0.000000 0.852283
vn -0.472890 0.000000 0.881122
vn -0.356256 0.000000 0.934388
vn -0.891591 0.000000 0.452842
vn -0.942962 0.000000 0.332901
vn -0.960944 0.000000 0.276742
vn -0.472890 0.000000 0.881122
vn -0.243801 0.000000 0.969825
vn -0.243801 0.000000 0.969825
vn -0.472890 0.000000 0.881122
vn -0.673439 0.000000 0.739243
vn -0.673439 0.000000 0.739243
vn -0.833347 0.000000 0.552751
vn -0.233714 -0.037294 0.971590
vn -0.243787 -0.000002 0.969829
vn -0.407718 -0.065057 0.910787
vn -0.472944 0.000000 0.881093
vn -0.569820 -0.090919 0.816725
vn -0.673439 -0.000002 0.739243
vn -0.709110 -0.113149 0.695960
vn -0.833313 -0.000000 0.552802
vn -0.825148 -0.131660 0.549360
vn -0.884344 -0.141102 0.445001
vn -0.797144 -0.260473 0.544716
vn -0.853861 -0.279001 0.439408
vn -0.749486 -0.384478 0.538932
vn -0.802258 -0.411544 0.432450
vn -0.683933 -0.498956 0.532240
vn -0.731505 -0.533652 0.424401
vn -0.600442 -0.603350 0.524822
vn -0.641634 -0.644732 0.415484
vn -0.502066 -0.693410 0.516829
vn -0.535990 -0.740250 0.405888
vn -0.389984 -0.767674 0.508516
vn -0.415914 -0.818698 0.395915
vn -0.267227 -0.823722 0.500071
vn -0.298064 -0.918793 0.258800
vn -0.442757 -0.871580 0.210509
vn -0.308583 -0.951197 0.000000
vn -0.452868 -0.891457 0.014675
vn -0.586217 -0.809627 0.029208
vn -0.571705 -0.789605 0.222884
vn -0.704736 -0.708151 0.043241
vn -0.685667 -0.689003 0.234810
vn -0.806586 -0.588425 0.056352
vn -0.783052 -0.571273 0.245919
vn -0.887681 -0.455376 0.068223
vn -0.860111 -0.441239 0.255962
vn -0.947610 -0.309634 0.078502
vn -0.916648 -0.299527 0.264649
vn -0.983781 -0.156972 0.086805
vn -0.950374 -0.151646 0.271648
vn -0.942967 -0.000002 0.332886
vn -0.337239 -0.663870 0.667492
vn -0.218194 -0.672600 0.707107
vn -0.272345 -0.536098 0.799016
vn -0.154314 -0.475667 0.865984
vn -0.195464 -0.384776 0.902076
vn -0.079855 -0.246172 0.965931
vn -0.112302 -0.221077 0.968769
vn -0.144088 -0.199012 0.969347
vn -0.171760 -0.172600 0.969901
vn -0.195058 -0.142307 0.970413
vn -0.213176 -0.109362 0.970874
vn -0.226202 -0.073916 0.971272
vn -0.685523 -0.224007 0.692734
vn -0.645106 -0.330940 0.688707
vn -0.589281 -0.429915 0.684048
vn -0.517932 -0.520453 0.678878
vn -0.433607 -0.598877 0.673299
vn -0.551172 -0.180098 0.814723
vn -0.519039 -0.266259 0.812222
vn -0.474508 -0.346169 0.809326
vn -0.417430 -0.419448 0.806111
vn -0.349810 -0.483123 0.802636
vn -0.394511 -0.128912 0.909804
vn -0.371672 -0.190668 0.908573
vn -0.339954 -0.248013 0.907150
vn -0.299227 -0.300682 0.905568
vn -0.250906 -0.346536 0.903858
vn -0.355791 -0.934565 0.000000
vn -0.354302 -0.930829 0.089593
vn -0.340148 -0.940372 0.000000
vn -0.348780 -0.916675 0.195088
vn -0.339537 -0.892956 0.295541
vn -0.320969 -0.911039 0.258819
vn -0.311834 -0.821692 0.477056
vn -0.287773 -0.816815 0.500000
vn -0.275372 -0.727487 0.628437
vn -0.234965 -0.666927 0.707107
vn -0.231039 -0.612308 0.756108
vn -0.166146 -0.471588 0.866025
vn -0.179485 -0.477464 0.860124
vn -0.122979 -0.328520 0.936457
vn -0.086003 -0.244112 0.965926
vn -0.002105 -0.005676 0.999982
vn -0.000000 -0.000000 1.000000
vn -0.079867 -0.246188 0.965926
vn -0.154291 -0.475599 0.866025
vn -0.218201 -0.672598 0.707107
vn -0.267241 -0.823761 0.500000
vn -0.298068 -0.918786 0.258819
vn -0.324411 -0.945916 0.000000
vn -0.308583 -0.951197 -0.000000
vn 0.000000 0.965926 -0.258819
vn 0.000000 0.965926 -0.258819
vn 0.000000 1.000000 -0.000000
vn 0.000000 1.000000 -0.000000
vn 0.000000 0.965926 0.258819
vn 0.000000 0.965926 0.258819
vn 0.000000 0.866025 0.500000
vn 0.000000 0.866025 0.500000
vn 0.000000 0.707107 0.707107
vn 0.000000 0.707107 0.707107
vn 0.000000 0.500000 0.866025
vn 0.000000 0.500000 0.866025
vn 0.000000 0.258819 0.965926
vn 0.000000 0.258819 0.965926
vn 0.000000 -0.000000 1.000000
vn 0.000000 -0.000000 1.000000
vn 0.000000 -0.258819 0.965926
vn 0.000000 -0.258819 0.965926
vn 0.000000 -0.500000 0.866025
vn 0.000000 -0.500000 0.866025
vn 0.000000 -0.707107 0.707107
vn 0.000000 -0.707107 0.707107
vn 0.000000 -0.866025 0.500000
vn 0.000000 -0.866025 0.500000
vn 0.000000 -0.965926 0.258819
vn 0.000000 -0.965926 0.258819
vn -0.000000 -1.000000 -0.000000
vn -0.000000 -1.000000 -0.000000
vn -0.000000 -0.965926 -0.258819
vn -0.000000 -0.965926 -0.258819
vn -0.000000 -0.866025 -0.500000
vn -0.000000 -0.866025 -0.500000
vn -0.000000 -0.707107 -0.707107
vn -0.000000 -0.707107 -0.707107
vn -0.000000 -0.500000 -0.866025
vn -0.000000 -0.500000 -0.866025
vn -0.000000 -0.258819 -0.965926
vn -0.000000 -0.258819 -0.965926
vn -0.000000 -0.000000 -1.000000
vn -0.000000 -0.000000 -1.000000
vn 0.000000 0.258819 -0.965926
vn 0.000000 0.258819 -0.965926
vn 0.000000 0.500000 -0.866025
vn 0.000000 0.500000 -0.866025
vn 0.000000 0.707107 -0.707107
vn 0.000000 0.707107 -0.707107
vn 0.000000 0.866025 -0.500000
vn 0.000000 0.866025 -0.500000
vn 0.000000 0.965926 0.258819
vn 0.000000 1.000000 0.000000
vn 0.000000 0.965926 -0.258819
vn 0.000000 0.866025 -0.500000
vn 0.000000 0.707107 -0.707107
vn 0.000000 0.500000 -0.866025
vn 0.000000 0.258819 -0.965926
vn -0.000000 -0.000000 -1.000000
vn -0.000000 -0.258819 -0.965926
vn -0.000000 -0.500000 -0.866025
vn -0.000000 -0.707107 -0.707107
vn -0.000000 -0.866025 -0.500000
vn -0.000000 -0.965926 -0.258819
vn -0.000000 -1.000000 -0.000000
vn 0.000000 -0.965926 0.258819
vn 0.000000 -0.866025 0.500000
vn 0.000000 -0.707107 0.707107
vn 0.000000 -0.500000 0.866025
vn 0.000000 -0.258819 0.965926
vn 0.000000 -0.000000 1.000000
vn 0.000000 0.258819 0.965926
vn 0.000000 0.500000 0.866025
vn 0.000000 0.707107 0.707107
vn 0.000000 0.866025 0.500000
vn -0.000000 -0.965926 -0.258819
vn -0.000000 -0.965926 -0.258819
vn -0.000000 -1.000000 -0.000000
vn -0.000000 -1.000000 -0.000000
vn 0.000000 -0.965926 0.258819
vn 0.000000 -0.965926 0.258819
vn 0.000000 -0.866025 0.500000
vn 0.000000 -0.866025 0.500000
vn 0.000000 -0.707107 0.707107
vn 0.000000 -0.707107 0.707107
vn 0.000000 -0.500000 0.866025
vn 0.000000 -0.500000 0.866025
vn 0.000000 -0.258819 0.965926
vn 0.000000 -0.258819 0.965926
vn 0.000000 -0.000000 1.000000
vn 0.000000 -0.000000 1.000000
vn 0.000000 0.258819 0.965926
vn 0.000000 0.258819 0.965926
vn 0.000000 0.500000 0.866025
vn 0.000000 0.500000 0.866025
vn 0.000000 0.707107 0.707107
vn 0.000000 0.707107 0.707107
vn 0.000000 0.866025 0.500000
vn 0.000000 0.866025 0.500000
vn 0.000000 0.965926 0.258819
vn 0.000000 0.965926 0.258819
vn 0.000000 1.000000 0.000000
vn 0.000000 1.000000 0.000000
vn 0.000000 0.965926 -0.258819
vn 0.000000 0.965926 -0.258819
vn 0.000000 0.866025 -0.500000
vn 0.000000 0.866025 -0.500000
vn 0.000000 0.707107 -0.707107
vn 0.000000 0.707107 -0.707107
vn 0.000000 0.500000 -0.866025
vn 0.000000 0.500000 -0.866025
vn 0.000000 0.258819 -0.965926
vn 0.000000 0.258819 -0.965926
vn -0.000000 -0.000000 -1.000000
vn -0.000000 -0.000000 -1.000000
vn -0.000000 -0.258819 -0.965926
vn -0.000000 -0.258819 -0.965926
vn -0.000000 -0.500000 -0.866025
vn -0.000000 -0.500000 -0.866025
vn -0.000000 -0.707107 -0.707107
vn -0.000000 -0.707107 -0.707107
vn -0.000000 -0.866025 -0.500000
vn -0.000000 -0.866025 -0.500000
vn 0.000000 0.965926 -0.258819
vn 0.000000 1.000000 -0.000000
vn 0.000000 0.965926 0.258819
vn 0.000000 0.866025 0.500000
vn 0.000000 0.707107 0.707107
vn 0.000000 0.500000 0.866025
vn 0.000000 0.258819 0.965926
vn 0.000000 -0.000000 1.000000
vn 0.000000 -0.258819 0.965926
vn 0.000000 -0.500000 0.866025
vn 0.000000 -0.707107 0.707107
vn 0.000000 -0.866025 0.500000
vn 0.000000 -0.965926 0.258819
vn -0.000000 -1.000000 -0.000000
vn -0.000000 -0.965926 -0.258819
vn -0.000000 -0.866025 -0.500000
vn -0.000000 -0.707107 -0.707107
vn -0.000000 -0.500000 -0.866025
vn -0.000000 -0.258819 -0.965926
vn -0.000000 -0.000000 -1.000000
vn 0.000000 0.258819 -0.965926
vn 0.000000 0.500000 -0.866025
vn 0.000000 0.707107 -0.707107
vn 0.000000 0.866025 -0.500000
vn -0.000000 0.000000 -1.000000
vn -0.000000 0.000000 -1.000000
vn -0.000000 0.000000 -1.000000
vn -0.000000 0.000000 -1.000000
vn -0.000000 0.000000 -1.000000
vn -0.000000 0.000000 -1.000000
vn -0.000000 0.000000 -1.000000
vn -0.000000 0.000000 -1.000000
vn 0.000000 0.000000 -1.000000
vn 0.000000 0.000000 -1.000000
vn 0.000000 0.000000 -1.000000
vn 0.000000 0.000000 -1.000000
vn 1.000000 -0.000000 0.000000
vn 1.000000 -0.000000 0.000000
vn 1.000000 -0.000000 0.000000
vn -0.000000 -1.000000 0.000000
vn -0.000000 -1.000000 0.000000
vn -0.000000 -1.000000 0.000000
vn -0.000000 -1.000000 0.000000
vn -1.000000 0.000000 0.000000
vn -1.000000 0.000000 0.000000
vn -1.000000 0.000000 0.000000
vn -0.000000 0.868243 -0.496139
vn -0.000000 0.868243 -0.496139
vn -0.000000 0.868243 -0.496139
vn -0.000000 0.868243 -0.496139
vn -0.000000 0.868243 -0.496139
vn -0.000000 0.868243 -0.496139
vn -0.000000 0.868243 -0.496139
vn -0.000000 0.868243 -0.496139
vn 0.000000 0.000000 -1.000000
vn 0.000000 0.000000 -1.000000
vn 0.000000 0.000000 -1.000000
vn 0.000000 0.000000 -1.000000
vn 0.000000 1.000000 -0.000000
vn 0.000000 1.000000 -0.000000
vn 0.000000 1.000000 -0.000000
vn 0.000000 1.000000 -0.000000
vn -1.000000 0.000000 0.000000
vn -1.000000 0.000000 0.000000
vn -1.000000 0.000000 0.000000
vn 1.000000 -0.000000 0.000000
vn 1.000000 -0.000000 0.000000
vn 1.000000 -0.000000 0.000000
vn 1.000000 0.000000 0.000000
vn 1.000000 0.000000 0.000000
vn 1.000000 0.000000 0.000000
vn 1.000000 0.000000 0.000000
vn 1.000000 0.000000 0.000000
vn 1.000000 0.000000 0.000000
vn 1.000000 0.000000 0.000000
vn 1.000000 0.000000 0.000000
vn 1.000000 0.000000 0.000000
vn 1.000000 0.000000 0.000000
vn 1.000000 0.000000 0.000000
vn 1.000000 0.000000 0.000000
vn 1.000000 0.000000 0.000000
vn 1.000000 0.000000 0.000000
vn 1.000000 0.000000 0.000000
vn 1.000000 0.000000 0.000000
vn 1.000000 0.000000 0.000000
vn 1.000000 0.000000 0.000000
vn 1.000000 0.000000 0.000000
vn 1.000000 0.000000 0.000000
vn 1.000000 0.000000 0.000000
vn 1.000000 0.000000 0.000000
vn 1.000000 0.000000 0.000000
vn 1.000000 0.000000 0.000000
vn 1.000000 0.000000 0.000000
vn 1.000000 0.000000 0.000000
vn 1.000000 0.000000 0.000000
vn 1.000000 0.000000 0.000000
vn 1.000000 0.000000 0.000000
vn 1.000000 0.000000 0.000000
vn 1.000000 0.000000 0.000000
vn 1.000000 0.000000 0.000000
vn 1.000000 0.000000 0.000000
vn 1.000000 0.000000 0.000000
vn 1.000000 0.000000 0.000000
vn 1.000000 0.000000 0.000000
vn 1.000000 0.000000 0.000000
vn 1.000000 0.000000 0.000000
vn 1.000000 0.000000 0.000000
vn 1.000000 0.000000 0.000000
vn -0.196795 -0.980445 0.000000
vn -0.210936 -0.977500 0.000000
vn -0.173547 -0.984826 0.000000
vn -0.073652 -0.997284 0.000000
vn -0.137835 -0.990455 0.000000
vn -0.073652 -0.997284 0.000000
vn -0.171525 -0.985180 0.000000
vn -0.210936 -0.977500 0.000000
vn -0.194772 -0.980849 0.000000
vn -0.217910 -0.975969 0.000000
vn -0.240926 -0.970543 0.000000
vn -0.344162 -0.938910 0.000000
vn -0.276638 -0.960974 0.000000
vn -0.344162 -0.938910 0.000000
vn -0.242948 -0.970039 0.000000
vn -0.219933 -0.975515 0.000000
vn 0.240436 -0.970665 -0.000000
vn 0.217160 -0.976136 -0.000000
vn 0.202498 -0.979283 -0.000000
vn 0.183471 -0.983025 -0.000000
vn 0.065049 -0.997882 -0.000000
vn 0.065049 -0.997882 -0.000000
vn 0.202498 -0.979283 -0.000000
vn 0.219182 -0.975684 -0.000000
vn 0.242459 -0.970162 -0.000000
vn 0.265598 -0.964084 -0.000000
vn 0.336052 -0.941843 -0.000000
vn 0.288584 -0.957455 -0.000000
vn 0.322273 -0.946647 -0.000000
vn 0.336052 -0.941843 -0.000000
vn 0.286562 -0.958062 -0.000000
vn 0.263574 -0.964639 -0.000000
vn -0.573666 -0.819089 0.000000
vn -0.588315 -0.808632 0.000000
vn -0.573955 -0.818887 0.000000
vn -0.588315 -0.808632 0.000000
vn -0.573666 -0.819089 0.000000
vn -0.572794 -0.819700 0.000000
vn -0.571361 -0.820699 0.000000
vn -0.569504 -0.821989 0.000000
vn -0.567241 -0.823552 0.000000
vn -0.564595 -0.825368 0.000000
vn -0.561722 -0.827326 0.000000
vn -0.558822 -0.829287 0.000000
vn -0.555915 -0.831239 0.000000
vn -0.553022 -0.833167 0.000000
vn -0.550346 -0.834937 0.000000
vn -0.548045 -0.836449 0.000000
vn -0.546148 -0.837688 0.000000
vn -0.470767 -0.882258 0.000000
vn -0.544678 -0.838645 0.000000
vn -0.543780 -0.839228 0.000000
vn -0.543482 -0.839421 0.000000
vn -0.470767 -0.882258 0.000000
vn -0.543780 -0.839228 0.000000
vn -0.544678 -0.838645 0.000000
vn -0.546148 -0.837688 0.000000
vn -0.548045 -0.836449 0.000000
vn -0.550346 -0.834937 0.000000
vn -0.553022 -0.833167 0.000000
vn -0.555915 -0.831239 0.000000
vn -0.558822 -0.829287 0.000000
vn -0.561722 -0.827326 0.000000
vn -0.564595 -0.825368 0.000000
vn -0.567241 -0.823552 0.000000
vn -0.569504 -0.821989 0.000000
vn -0.571361 -0.820699 0.000000
vn -0.572794 -0.819700 0.000000
vn 0.536521 -0.843887 -0.000000
vn 0.463141 -0.886285 -0.000000
vn 0.536220 -0.844078 -0.000000
vn 0.463141 -0.886285 -0.000000
vn 0.536521 -0.843887 -0.000000
vn 0.537427 -0.843310 -0.000000
vn 0.538910 -0.842363 -0.000000
vn 0.540822 -0.841137 -0.000000
vn 0.543139 -0.839642 -0.000000
vn 0.581319 -0.813676 -0.000000
vn 0.545835 -0.837893 -0.000000
vn 0.548747 -0.835988 -0.000000
vn 0.551674 -0.834060 -0.000000
vn 0.554593 -0.832121 -0.000000
vn 0.557487 -0.830186 -0.000000
vn 0.560152 -0.828390 -0.000000
vn 0.562432 -0.826843 -0.000000
vn 0.564304 -0.825567 -0.000000
vn 0.565750 -0.824577 -0.000000
vn 0.566629 -0.823973 -0.000000
vn 0.566921 -0.823772 -0.000000
vn 0.581319 -0.813676 -0.000000
vn 0.566629 -0.823973 -0.000000
vn 0.565750 -0.824577 -0.000000
vn 0.564304 -0.825567 -0.000000
vn 0.562432 -0.826843 -0.000000
vn 0.560152 -0.828390 -0.000000
vn 0.557487 -0.830186 -0.000000
vn 0.554593 -0.832121 -0.000000
vn 0.551674 -0.834060 -0.000000
vn 0.548747 -0.835988 -0.000000
vn 0.545835 -0.837893 -0.000000
vn 0.543139 -0.839642 -0.000000
vn 0.540822 -0.841137 -0.000000
vn 0.538910 -0.842363 -0.000000
vn 0.537427 -0.843310 -0.000000
vn -0.787413 -0.616426 0.000000
vn -0.787413 -0.616426 0.000000
vn -0.694545 -0.719449 0.000000
vn -0.694545 -0.719449 0.000000
vn 0.688314 -0.725413 -0.000000
vn 0.688314 -0.725413 -0.000000
vn 0.782067 -0.623194 -0.000000
vn 0.782067 -0.623194 -0.000000
vn -1.000000 0.000000 0.000000
vn -1.000000 0.000000 0.000000
vn -1.000000 0.000000 0.000000
vn -1.000000 0.000000 0.000000
vn -1.000000 0.000000 0.000000
vn -1.000000 0.000000 0.000000
vn -1.000000 0.000000 0.000000
vn -1.000000 0.000000 0.000000
vn -1.000000 0.000000 0.000000
vn -1.000000 0.000000 0.000000
vn -1.000000 0.000000 0.000000
vn -1.000000 0.000000 0.000000
vn -1.000000 0.000000 0.000000
vn -1.000000 0.000000 0.000000
vn -1.000000 0.000000 0.000000
vn -1.000000 0.000000 0.000000
vn -1.000000 0.000000 0.000000
vn -1.000000 0.000000 0.000000
vn -1.000000 0.000000 0.000000
vn -1.000000 0.000000 0.000000
vn -1.000000 0.000000 0.000000
vn -1.000000 0.000000 0.000000
vn -1.000000 0.000000 0.000000
vn -1.000000 0.000000 0.000000
vn -1.000000 0.000000 0.000000
vn -1.000000 0.000000 0.000000
vn -1.000000 0.000000 0.000000
vn -1.000000 0.000000 0.000000
vn -1.000000 0.000000 0.000000
vn -1.000000 0.000000 0.000000
vn -1.000000 0.000000 0.000000
vn -1.000000 0.000000 0.000000
vn -1.000000 0.000000 0.000000
vn -1.000000 0.000000 0.000000
vn -1.000000 0.000000 0.000000
vn -1.000000 0.000000 0.000000
vn -1.000000 0.000000 0.000000
vn -1.000000 0.000000 0.000000
vn -1.000000 0.000000 0.000000
vn -1.000000 0.000000 0.000000
vn 0.694545 0.719449 -0.000000
vn 0.750009 0.661427 -0.000000
vn 0.787413 0.616426 -0.000000
vn 0.769040 0.639200 -0.000000
vn 0.787413 0.616426 -0.000000
vn 0.588315 0.808632 -0.000000
vn 0.648062 0.761588 -0.000000
vn 0.681847 0.731495 -0.000000
vn 0.697179 0.716897 -0.000000
vn 0.470767 0.882258 -0.000000
vn 0.542656 0.839955 -0.000000
vn 0.544560 0.838722 -0.000000
vn 0.546869 0.837218 -0.000000
vn 0.344162 0.938910 -0.000000
vn 0.411940 0.911211 -0.000000
vn 0.457666 0.889124 -0.000000
vn 0.507652 0.861562 -0.000000
vn 0.210936 0.977500 -0.000000
vn 0.268923 0.963162 -0.000000
vn 0.291907 0.956447 -0.000000
vn 0.327619 0.944810 -0.000000
vn 0.073652 0.997284 -0.000000
vn 0.123243 0.992377 -0.000000
vn 0.188816 0.982012 -0.000000
vn 0.222506 0.974931 -0.000000
vn -0.012296 0.999924 -0.000000
vn -0.065049 0.997882 -0.000000
vn -0.132489 0.991184 -0.000000
vn -0.168201 0.985753 -0.000000
vn -0.202498 0.979283 -0.000000
vn -0.191446 0.981503 -0.000000
vn -0.214584 0.976705 -0.000000
vn -0.237603 0.971362 -0.000000
vn -0.336052 0.941843 -0.000000
vn -0.271292 0.962497 -0.000000
vn -0.280199 0.959942 -0.000000
vn -0.235580 0.971855 -0.000000
vn -0.212561 0.977148 -0.000000
vn -0.147607 0.989046 -0.000000
vn -0.189423 0.981896 -0.000000
vn -0.166179 0.986096 -0.000000
vn -0.407627 0.913148 -0.000000
vn -0.463141 0.886285 -0.000000
vn -0.527544 0.849528 -0.000000
vn -0.540726 0.841199 -0.000000
vn -0.541025 0.841006 -0.000000
vn -0.581319 0.813676 -0.000000
vn -0.545304 0.838239 -0.000000
vn -0.543401 0.839473 -0.000000
vn -0.541926 0.840426 -0.000000
vn -0.688314 0.725413 -0.000000
vn -0.637739 0.770252 -0.000000
vn -0.570996 0.820953 -0.000000
vn -0.571285 0.820751 -0.000000
vn -0.782067 0.623194 -0.000000
vn -0.739786 0.672842 -0.000000
vn -0.717454 0.696606 -0.000000
vn -0.706330 0.707883 -0.000000
vn -0.782067 0.623194 -0.000000
vn -0.761331 0.648363 -0.000000
vn -0.695114 0.718899 -0.000000
vn -0.694260 0.719725 -0.000000
vn -0.693404 0.720549 -0.000000
vn -0.692547 0.721372 -0.000000
vn -0.665750 0.746174 -0.000000
vn -0.570120 0.821561 -0.000000
vn -0.568683 0.822557 -0.000000
vn -0.566820 0.823841 -0.000000
vn -0.564550 0.825399 -0.000000
vn -0.561897 0.827207 -0.000000
vn -0.559017 0.829156 -0.000000
vn -0.556110 0.831109 -0.000000
vn -0.553195 0.833052 -0.000000
vn -0.550294 0.834971 -0.000000
vn -0.547611 0.836733 -0.000000
vn -0.545304 0.838239 -0.000000
vn -0.543401 0.839473 -0.000000
vn -0.541926 0.840426 -0.000000
vn 0.163259 0.986583 -0.000000
vn 0.194570 0.980889 -0.000000
vn 0.216745 0.976228 -0.000000
vn 0.224528 0.974468 -0.000000
vn 0.229605 0.973284 -0.000000
vn 0.247808 0.968809 -0.000000
vn 0.235590 0.971852 -0.000000
vn 0.256971 0.966419 -0.000000
vn 0.229814 0.973234 -0.000000
vn 0.230231 0.973136 -0.000000
vn 0.230832 0.972994 -0.000000
vn 0.231566 0.972819 -0.000000
vn 0.232447 0.972609 -0.000000
vn 0.233449 0.972369 -0.000000
vn 0.234519 0.972112 -0.000000
vn 0.270947 0.962594 -0.000000
vn 0.278227 0.960515 -0.000000
vn 0.293929 0.955827 -0.000000
vn 0.299347 0.954144 -0.000000
vn 0.305333 0.952246 -0.000000
vn 0.300411 0.953810 -0.000000
vn 0.301475 0.953474 -0.000000
vn 0.302474 0.953158 -0.000000
vn 0.303356 0.952877 -0.000000
vn 0.304094 0.952642 -0.000000
vn 0.304699 0.952449 -0.000000
vn 0.305121 0.952313 -0.000000
vn 0.316830 0.948482 -0.000000
vn 0.339853 0.940479 -0.000000
vn 0.372583 0.927999 -0.000000
vn 0.558937 0.829210 -0.000000
vn 0.540278 0.841487 -0.000000
vn 0.539979 0.841679 -0.000000
vn 0.540278 0.841487 -0.000000
vn 0.608562 0.793506 -0.000000
vn 0.569395 0.822064 -0.000000
vn 0.567956 0.823059 -0.000000
vn 0.566092 0.824342 -0.000000
vn 0.570561 0.821255 -0.000000
vn 0.570271 0.821457 -0.000000
vn 0.710775 0.703419 -0.000000
vn 0.722078 0.691812 -0.000000
vn 0.730336 0.683088 -0.000000
vn 0.245785 0.969324 -0.000000
vn -0.570996 0.820953 -0.000000
vn -0.570120 0.821561 -0.000000
vn -0.568683 0.822557 -0.000000
vn -0.566820 0.823841 -0.000000
vn -0.564550 0.825399 -0.000000
vn -0.561897 0.827207 -0.000000
vn -0.559017 0.829156 -0.000000
vn -0.556110 0.831109 -0.000000
vn -0.553195 0.833052 -0.000000
vn -0.550294 0.834971 -0.000000
vn -0.547611 0.836733 -0.000000
vn -0.541025 0.841006 -0.000000
vn 0.541180 0.840907 -0.000000
vn 0.549554 0.835458 -0.000000
vn 0.552457 0.833541 -0.000000
vn 0.555374 0.831601 -0.000000
vn 0.558283 0.829651 -0.000000
vn 0.561166 0.827704 -0.000000
vn 0.563821 0.825897 -0.000000
vn 0.566092 0.824342 -0.000000
vn 0.567956 0.823059 -0.000000
vn 0.569395 0.822064 -0.000000
vn 0.570271 0.821457 -0.000000
vn 0.563821 0.825897 -0.000000
vn 0.561166 0.827704 -0.000000
vn 0.558283 0.829651 -0.000000
vn 0.555374 0.831601 -0.000000
vn 0.552457 0.833541 -0.000000
vn 0.549554 0.835458 -0.000000
vn 0.546869 0.837218 -0.000000
vn 0.544560 0.838722 -0.000000
vn 0.542656 0.839955 -0.000000
vn 0.541180 0.840907 -0.000000
vn 0.704477 -0.709727 0.000000
vn 0.704477 -0.709727 0.000000
vn 0.650388 -0.759602 0.000000
vn 0.596099 -0.802911 0.000000
vn 0.592778 -0.805366 0.000000
vn 0.525223 -0.850964 0.000000
vn 0.526309 -0.850293 0.000000
vn 0.475544 -0.879692 0.000000
vn 0.523444 -0.852060 0.000000
vn 0.521148 -0.853467 0.000000
vn 0.518352 -0.855167 0.000000
vn 0.515096 -0.857133 0.000000
vn 0.511569 -0.859242 0.000000
vn 0.508015 -0.861348 0.000000
vn 0.504451 -0.863441 0.000000
vn 0.500899 -0.865506 0.000000
vn 0.497604 -0.867404 0.000000
vn 0.494759 -0.869030 0.000000
vn 0.492409 -0.870364 0.000000
vn 0.490577 -0.871398 0.000000
vn 0.489455 -0.872029 0.000000
vn 0.489082 -0.872238 0.000000
vn 0.482704 -0.875783 0.000000
vn 0.484446 -0.874821 0.000000
vn 0.423169 -0.906051 0.000000
vn 0.345275 -0.938502 0.000000
vn 0.359752 -0.933048 0.000000
vn 0.317358 -0.948306 0.000000
vn 0.275521 -0.961295 0.000000
vn 0.277890 -0.960613 0.000000
vn 0.207951 -0.978139 0.000000
vn 0.250976 -0.967993 0.000000
vn 0.223867 -0.974620 0.000000
vn 0.196584 -0.980487 0.000000
vn 0.066380 -0.997794 0.000000
vn 0.154747 -0.987954 0.000000
vn 0.084250 -0.996445 0.000000
vn 0.194215 -0.980959 0.000000
vn 0.224253 -0.974531 0.000000
vn 0.221496 -0.975161 0.000000
vn 0.248605 -0.968605 0.000000
vn -0.057445 -0.998349 0.000000
vn -0.076548 -0.997066 0.000000
vn -0.197986 -0.980205 0.000000
vn -0.217911 -0.975969 0.000000
vn -0.221671 -0.975122 0.000000
vn -0.261139 -0.965301 0.000000
vn -0.288482 -0.957485 0.000000
vn -0.354824 -0.934933 0.000000
vn -0.315591 -0.948895 0.000000
vn -0.342445 -0.939538 0.000000
vn -0.384282 -0.923216 0.000000
vn -0.484487 -0.874798 0.000000
vn -0.430834 -0.902431 0.000000
vn -0.462128 -0.886813 0.000000
vn -0.488760 -0.872419 0.000000
vn -0.489133 -0.872209 0.000000
vn -0.604253 -0.796793 0.000000
vn -0.520835 -0.853657 0.000000
vn -0.518039 -0.855357 0.000000
vn -0.514781 -0.857321 0.000000
vn -0.711675 -0.702509 0.000000
vn -0.664724 -0.747089 0.000000
vn -0.614986 -0.788538 0.000000
vn -0.562670 -0.826681 0.000000
vn -0.711675 -0.702509 0.000000
vn -0.545489 -0.838118 0.000000
vn -0.526359 -0.850262 0.000000
vn -0.525999 -0.850485 0.000000
vn -0.524912 -0.851156 0.000000
vn -0.523132 -0.852251 0.000000
vn -0.521240 -0.853410 0.000000
vn -0.523132 -0.852251 0.000000
vn -0.524912 -0.851156 0.000000
vn -0.525999 -0.850485 0.000000
vn -0.490256 -0.871579 0.000000
vn -0.492088 -0.870546 0.000000
vn -0.494439 -0.869212 0.000000
vn -0.400169 -0.916441 0.000000
vn -0.371831 -0.928300 0.000000
vn -0.344814 -0.938671 0.000000
vn -0.355791 -0.934565 0.000000
vn -0.317962 -0.948103 0.000000
vn -0.308583 -0.951197 0.000000
vn -0.295026 -0.955489 0.000000
vn -0.290853 -0.956768 0.000000
vn -0.271885 -0.962330 0.000000
vn -0.263508 -0.964657 0.000000
vn -0.239430 -0.970914 0.000000
vn 0.486186 -0.873856 0.000000
vn 0.487923 -0.872886 0.000000
vn 0.489455 -0.872029 0.000000
vn 0.490577 -0.871398 0.000000
vn 0.492409 -0.870364 0.000000
vn 0.494759 -0.869030 0.000000
vn 0.497604 -0.867404 0.000000
vn 0.500899 -0.865506 0.000000
vn 0.504451 -0.863441 0.000000
vn 0.508015 -0.861348 0.000000
vn 0.511569 -0.859242 0.000000
vn 0.531960 -0.846769 0.000000
vn 0.515096 -0.857133 0.000000
vn 0.518352 -0.855167 0.000000
vn 0.521148 -0.853467 0.000000
vn 0.523444 -0.852060 0.000000
vn 0.525223 -0.850964 0.000000
vn 0.526309 -0.850293 0.000000
vn 0.526669 -0.850070 0.000000
vn -0.497285 -0.867588 0.000000
vn -0.500581 -0.865690 0.000000
vn -0.504133 -0.863626 0.000000
vn -0.507699 -0.861535 0.000000
vn -0.511253 -0.859430 0.000000
vn -0.514781 -0.857321 0.000000
vn -0.518039 -0.855357 0.000000
vn -0.520835 -0.853657 0.000000
vn -0.511253 -0.859430 0.000000
vn -0.507699 -0.861535 0.000000
vn -0.504133 -0.863626 0.000000
vn -0.500581 -0.865690 0.000000
vn -0.497285 -0.867588 0.000000
vn -0.494439 -0.869212 0.000000
vn -0.492088 -0.870546 0.000000
vn -0.490256 -0.871579 0.000000
vn -0.489133 -0.872209 0.000000
vn 1.000000 -0.000000 0.000000
vn 1.000000 -0.000000 0.000000
vn 1.000000 -0.000000 0.000000
vn 1.000000 -0.000000 0.000000
vn 1.000000 -0.000000 0.000000
vn 1.000000 -0.000000 0.000000
vn 1.000000 -0.000000 0.000000
vn 1.000000 -0.000000 0.000000
vn 1.000000 -0.000000 0.000000
vn 1.000000 -0.000000 0.000000
vn 1.000000 -0.000000 0.000000
vn 1.000000 -0.000000 0.000000
vn 1.000000 -0.000000 0.000000
vn 1.000000 -0.000000 0.000000
vn 1.000000 -0.000000 0.000000
vn 1.000000 -0.000000 0.000000
vn 1.000000 -0.000000 0.000000
vn 1.000000 -0.000000 0.000000
vn 1.000000 -0.000000 0.000000
vn 1.000000 -0.000000 0.000000
vn 1.000000 -0.000000 0.000000
vn 1.000000 -0.000000 0.000000
vn 1.000000 -0.000000 0.000000
vn 1.000000 -0.000000 0.000000
vn 1.000000 -0.000000 0.000000
vn 1.000000 -0.000000 0.000000
vn 1.000000 -0.000000 0.000000
vn 1.000000 -0.000000 0.000000
vn 1.000000 -0.000000 0.000000
vn 1.000000 -0.000000 0.000000
vn 1.000000 -0.000000 0.000000
vn 1.000000 -0.000000 0.000000
vn 1.000000 -0.000000 0.000000
vn 1.000000 -0.000000 0.000000
vn 1.000000 -0.000000 0.000000
vn 1.000000 -0.000000 0.000000
vn 1.000000 -0.000000 0.000000
vn 1.000000 -0.000000 0.000000
vn 1.000000 -0.000000 0.000000
vn 1.000000 -0.000000 0.000000
vn 0.258181 0.966097 -0.000000
vn 0.217911 0.975969 -0.000000
vn 0.285088 0.958501 -0.000000
vn 0.354824 0.934933 -0.000000
vn 0.324556 0.945866 -0.000000
vn 0.354824 0.934933 -0.000000
vn 0.282719 0.959203 -0.000000
vn 0.217911 0.975969 -0.000000
vn 0.255810 0.966727 -0.000000
vn 0.228701 0.973497 -0.000000
vn 0.201413 0.979506 -0.000000
vn 0.161945 0.986800 -0.000000
vn 0.076548 0.997066 -0.000000
vn 0.076548 0.997066 -0.000000
vn -0.066380 0.997794 0.000000
vn -0.066380 0.997794 0.000000
vn -0.207951 0.978139 0.000000
vn -0.207951 0.978139 0.000000
vn -0.214473 0.976730 0.000000
vn -0.256310 0.966595 0.000000
vn -0.283648 0.958929 0.000000
vn -0.345275 0.938502 0.000000
vn -0.310757 0.950489 0.000000
vn -0.337616 0.941284 0.000000
vn -0.377084 0.926179 0.000000
vn -0.475544 0.879692 0.000000
vn -0.475544 0.879692 0.000000
vn -0.483523 0.875331 0.000000
vn -0.483899 0.875124 0.000000
vn 0.231072 0.972937 -0.000000
vn 0.203782 0.979016 -0.000000
vn -0.253941 0.967220 0.000000
vn -0.281277 0.959627 0.000000
vn -0.345275 0.938502 0.000000
vn -0.308386 0.951261 0.000000
vn -0.335247 0.942130 0.000000
vn 0.530161 0.847897 -0.000000
vn 0.604253 0.796793 -0.000000
vn 0.530519 0.847673 -0.000000
vn 0.604253 0.796793 -0.000000
vn 0.530161 0.847897 -0.000000
vn 0.529080 0.848572 -0.000000
vn 0.527309 0.849674 -0.000000
vn 0.525022 0.851088 -0.000000
vn 0.522238 0.852800 -0.000000
vn 0.484487 0.874798 -0.000000
vn 0.518994 0.854778 -0.000000
vn 0.515480 0.856902 -0.000000
vn 0.511938 0.859023 -0.000000
vn 0.508385 0.861130 -0.000000
vn 0.504846 0.863210 -0.000000
vn 0.501562 0.865122 -0.000000
vn 0.498729 0.866758 -0.000000
vn 0.496388 0.868101 -0.000000
vn 0.494565 0.869141 -0.000000
vn 0.493448 0.869775 -0.000000
vn 0.493077 0.869986 -0.000000
vn 0.484487 0.874798 -0.000000
vn 0.493448 0.869775 -0.000000
vn 0.494565 0.869141 -0.000000
vn 0.496388 0.868101 -0.000000
vn 0.498729 0.866758 -0.000000
vn 0.501562 0.865122 -0.000000
vn 0.504846 0.863210 -0.000000
vn 0.508385 0.861130 -0.000000
vn 0.511938 0.859023 -0.000000
vn 0.515480 0.856902 -0.000000
vn 0.518994 0.854778 -0.000000
vn 0.522238 0.852800 -0.000000
vn 0.525022 0.851088 -0.000000
vn 0.527309 0.849674 -0.000000
vn 0.529080 0.848572 -0.000000
vn -0.485029 0.874498 0.000000
vn -0.486872 0.873473 0.000000
vn -0.489236 0.872151 0.000000
vn -0.492096 0.870541 0.000000
vn -0.495408 0.868660 0.000000
vn -0.498977 0.866616 0.000000
vn -0.502557 0.864544 0.000000
vn -0.506128 0.862459 0.000000
vn -0.509672 0.860369 0.000000
vn -0.512945 0.858422 0.000000
vn -0.515756 0.856735 0.000000
vn -0.518066 0.855340 0.000000
vn -0.519857 0.854253 0.000000
vn -0.596099 0.802911 0.000000
vn -0.520950 0.853587 0.000000
vn -0.521313 0.853366 0.000000
vn -0.596099 0.802911 0.000000
vn -0.520950 0.853587 0.000000
vn -0.519857 0.854253 0.000000
vn -0.518066 0.855340 0.000000
vn -0.515756 0.856735 0.000000
vn -0.512945 0.858422 0.000000
vn -0.509672 0.860369 0.000000
vn -0.506128 0.862459 0.000000
vn -0.502557 0.864544 0.000000
vn -0.498977 0.866616 0.000000
vn -0.495408 0.868660 0.000000
vn -0.492096 0.870541 0.000000
vn -0.489236 0.872151 0.000000
vn -0.486872 0.873473 0.000000
vn -0.485029 0.874498 0.000000
vn -0.483899 0.875124 0.000000
vn -0.704477 0.709727 0.000000
vn -0.704477 0.709727 0.000000
vn 0.711675 0.702509 -0.000000
vn 0.711675 0.702509 -0.000000
vn -1.000000 0.000000 0.000000
vn -1.000000 0.000000 0.000000
vn -1.000000 0.000000 0.000000
vn -1.000000 0.000000 0.000000
vn -1.000000 0.000000 0.000000
vn -1.000000 0.000000 0.000000
vn -1.000000 0.000000 0.000000
vn -1.000000 0.000000 0.000000
vn -1.000000 0.000000 0.000000
vn -1.000000 0.000000 0.000000
vn -1.000000 0.000000 0.000000
vn -1.000000 0.000000 0.000000
vn -1.000000 0.000000 0.000000
vn -1.000000 0.000000 0.000000
vn -1.000000 0.000000 0.000000
vn -1.000000 0.000000 0.000000
vn -1.000000 0.000000 0.000000
vn -1.000000 0.000000 0.000000
vn -1.000000 0.000000 0.000000
vn -1.000000 0.000000 0.000000
vn -1.000000 0.000000 0.000000
vn -1.000000 0.000000 0.000000
vn -1.000000 0.000000 0.000000
vn -1.000000 0.000000 0.000000
vn -1.000000 0.000000 0.000000
vn -1.000000 0.000000 0.000000
vn -1.000000 0.000000 0.000000
vn -1.000000 0.000000 0.000000
vn -1.000000 0.000000 0.000000
vn -1.000000 0.000000 0.000000
vn -1.000000 0.000000 0.000000
vn -1.000000 0.000000 0.000000
vn -1.000000 0.000000 0.000000
vn -1.000000 0.000000 0.000000
vn -1.000000 0.000000 0.000000
vn -1.000000 0.000000 0.000000
vn -1.000000 0.000000 0.000000
vn -1.000000 0.000000 0.000000
vn -1.000000 0.000000 0.000000
vn -1.000000 0.000000 0.000000
vn 1.000000 -0.000000 -0.000000
vn 1.000000 -0.000000 -0.000000
vn 1.000000 -0.000000 -0.000000
vn 1.000000 -0.000000 -0.000000
vn 0.000000 1.000000 -0.000000
vn 0.000000 1.000000 -0.000000
vn 0.000000 1.000000 -0.000000
vn 0.000000 1.000000 -0.000000
vn -0.000000 -1.000000 0.000000
vn -0.000000 -1.000000 0.000000
vn -0.000000 -1.000000 0.000000
vn -0.000000 -1.000000 0.000000
vn -1.000000 0.000000 -0.000000
vn -1.000000 0.000000 -0.000000
vn -1.000000 0.000000 -0.000000
vn -1.000000 0.000000 -0.000000
vn -1.000000 0.000000 -0.000000
vn -1.000000 0.000000 -0.000000
vn -1.000000 0.000000 -0.000000
vn -1.000000 0.000000 -0.000000
vn -0.000000 -1.000000 0.000000
vn -0.000000 -1.000000 0.000000
vn -0.000000 -1.000000 0.000000
vn -0.000000 -1.000000 0.000000
vn 0.000000 1.000000 -0.000000
vn 0.000000 1.000000 -0.000000
vn 0.000000 1.000000 -0.000000
vn 0.000000 1.000000 -0.000000
vn 1.000000 -0.000000 -0.000000
vn 1.000000 -0.000000 -0.000000
vn 1.000000 -0.000000 -0.000000
vn 1.000000 -0.000000 -0.000000
vn 0.000000 -0.000000 -1.000000
vn 0.000000 -0.000000 -1.000000
vn 0.000000 -0.000000 -1.000000
vn 0.000000 -0.000000 -1.000000
vn 0.000000 -0.000000 -1.000000
vn 0.000000 -0.000000 -1.000000
vn 0.000000 -0.000000 -1.000000
vn 0.000000 -0.000000 -1.000000
vn 0.000000 -0.000000 -1.000000
vn 0.000000 -0.000000 -1.000000
vn 0.000000 -0.000000 -1.000000
vn 0.000000 -0.000000 -1.000000
vn 0.000000 -0.000000 -1.000000
vn 0.000000 -0.000000 -1.000000
vn 0.000000 -0.000000 -1.000000
vn 0.000000 -0.000000 -1.000000
vn 0.000000 -0.000000 -1.000000
vn 0.000000 -0.000000 -1.000000
vn 0.000000 -0.000000 -1.000000
vn 0.000000 -0.000000 -1.000000
vn 0.000000 -0.000000 -1.000000
vn 0.000000 -0.000000 -1.000000
vn 0.000000 -0.000000 -1.000000
vn 0.000000 -0.000000 -1.000000
vn 0.000000 -0.000000 -1.000000
vn 0.000000 -0.000000 -1.000000
vn 0.000000 -0.000000 -1.000000
vn 0.000000 -0.000000 -1.000000
vn 0.000000 -0.000000 -1.000000
vn 0.000000 -0.000000 -1.000000
vn 0.000000 -0.000000 -1.000000
vn 0.000000 -0.000000 -1.000000
vn 0.000000 -0.000000 -1.000000
vn 0.000000 -0.000000 -1.000000
vn 0.000000 -0.000000 -1.000000
vn 0.000000 -0.000000 -1.000000
vn 0.000000 -0.000000 -1.000000
vn 0.000000 -0.000000 -1.000000
vn 0.000000 -0.000000 -1.000000
vn 0.000000 -0.000000 -1.000000
vn 0.000000 -0.000000 -1.000000
vn 0.000000 -0.000000 -1.000000
vn 0.000000 -0.000000 -1.000000
vn 0.000000 -0.000000 -1.000000
vn 0.000000 -0.000000 -1.000000
vn 0.000000 -0.000000 -1.000000
vn 0.000000 -0.000000 -1.000000
vn 0.000000 -0.000000 -1.000000
vn 0.000000 -0.000000 -1.000000
vn 0.000000 -0.000000 -1.000000
vn 0.000000 -0.000000 -1.000000
vn 0.000000 -0.000000 -1.000000
vn 0.000000 -0.000000 -1.000000
vn 0.000000 -0.000000 -1.000000
vn 0.000000 -0.000000 -1.000000
vn 0.000000 -0.000000 -1.000000
vn 0.000000 -0.000000 -1.000000
vn 0.000000 -0.000000 -1.000000
vn 0.000000 -0.000000 -1.000000
vn 0.000000 -0.000000 -1.000000
usemtl Paint_-_Enamel_Glossy_(Black)
f 380/871/863 390/872/864 379/873/865
f 379/873/865 390/872/864 391/874/866
f 379/873/865 391/874/866 402/875/867
f 402/875/867 391/874/866 392/876/868
f 402/875/867 392/876/868 401/877/869
f 401/877/869 392/876/868 393/878/870
f 401/877/869 393/878/870 400/879/871
f 400/879/871 393/878/870 394/880/872
f 400/879/871 394/880/872 399/881/873
f 399/881/873 394/880/872 395/882/874
f 399/881/873 395/882/874 398/883/875
f 398/883/875 395/882/874 396/884/876
f 398/883/875 396/884/876 397/885/877
f 390/872/864 380/871/863 389/886/878
f 389/886/878 380/871/863 381/887/879
f 389/886/878 381/887/879 388/888/880
f 388/888/880 381/887/879 382/889/881
f 388/888/880 382/889/881 387/890/882
f 387/890/882 382/889/881 383/891/883
f 387/890/882 383/891/883 386/892/884
f 386/892/884 383/891/883 384/893/885
f 386/892/884 384/893/885 385/894/886
f 402/895/887 430/896/888 379/897/889
f 379/897/889 430/896/888 435/898/890
f 379/897/889 435/898/890 380/899/891
f 380/899/891 435/898/890 496/900/892
f 380/899/891 496/900/892 381/901/893
f 381/901/893 496/900/892 493/902/894
f 381/901/893 493/902/894 382/903/895
f 382/903/895 493/902/894 490/904/896
f 382/903/895 490/904/896 383/905/897
f 383/905/897 490/904/896 487/906/898
f 383/905/897 487/906/898 384/907/899
f 384/907/899 487/906/898 484/908/900
f 384/907/899 484/908/900 385/909/901
f 385/909/901 484/908/900 481/910/902
f 385/909/901 481/910/902 386/911/903
f 386/911/903 481/910/902 478/912/904
f 386/911/903 478/912/904 387/913/905
f 387/913/905 478/912/904 475/914/906
f 387/913/905 475/914/906 388/915/907
f 388/915/907 475/914/906 472/916/908
f 388/915/907 472/916/908 389/917/909
f 389/917/909 472/916/908 469/918/910
f 389/917/909 469/918/910 390/919/911
f 390/919/911 469/918/910 466/920/912
f 390/919/911 466/920/912 391/921/913
f 391/921/913 466/920/912 463/922/914
f 391/921/913 463/922/914 392/923/915
f 392/923/915 463/922/914 460/924/916
f 392/923/915 460/924/916 393/925/917
f 393/925/917 460/924/916 457/926/918
f 393/925/917 457/926/918 394/927/919
f 394/927/919 457/926/918 427/928/920
f 394/929/919 427/930/920 395/931/921
f 395/931/921 427/930/920 454/932/922
f 395/931/921 454/932/922 396/933/923
f 396/933/923 454/932/922 451/934/924
f 396/933/923 451/934/924 397/935/925
f 397/935/925 451/934/924 448/936/926
f 397/935/925 448/936/926 398/937/927
f 398/937/927 448/936/926 445/938/928
f 398/937/927 445/938/928 399/939/929
f 399/939/929 445/938/928 442/940/930
f 399/939/929 442/940/930 400/941/931
f 400/941/931 442/940/930 439/942/932
f 400/941/931 439/942/932 401/943/933
f 401/943/933 439/942/932 436/944/934
f 401/943/933 436/944/934 402/895/887
f 402/895/887 436/944/934 430/896/888
f 404/945/935 447/946/936 403/947/937
f 403/947/937 447/946/936 450/948/938
f 403/947/937 450/948/938 426/949/939
f 426/949/939 450/948/938 453/950/940
f 426/949/939 453/950/940 425/951/941
f 425/951/941 453/950/940 456/952/942
f 425/951/941 456/952/942 424/953/943
f 424/953/943 456/952/942 429/954/944
f 424/955/943 429/956/944 423/957/945
f 423/957/945 429/956/944 459/958/946
f 423/957/945 459/958/946 422/959/947
f 422/959/947 459/958/946 462/960/948
f 422/959/947 462/960/948 421/961/949
f 421/961/949 462/960/948 465/962/950
f 421/961/949 465/962/950 420/963/951
f 420/963/951 465/962/950 468/964/952
f 420/963/951 468/964/952 419/965/953
f 419/965/953 468/964/952 471/966/954
f 419/965/953 471/966/954 418/967/955
f 418/967/955 471/966/954 474/968/956
f 418/967/955 474/968/956 417/969/957
f 417/969/957 474/968/956 477/970/958
f 417/969/957 477/970/958 416/971/959
f 416/971/959 477/970/958 480/972/960
f 416/971/959 480/972/960 415/973/961
f 415/973/961 480/972/960 483/974/962
f 415/973/961 483/974/962 414/975/963
f 414/975/963 483/974/962 486/976/964
f 414/975/963 486/976/964 413/977/965
f 413/977/965 486/976/964 489/978/966
f 413/977/965 489/978/966 412/979/967
f 412/979/967 489/978/966 492/980/968
f 412/979/967 492/980/968 411/981/969
f 411/981/969 492/980/968 495/982/970
f 411/981/969 495/982/970 410/983/971
f 410/983/971 495/982/970 498/984/972
f 410/983/971 498/984/972 409/985/973
f 409/985/973 498/984/972 433/986/974
f 409/985/973 433/986/974 408/987/975
f 408/987/975 433/986/974 432/988/976
f 408/987/975 432/988/976 407/989/977
f 407/989/977 432/988/976 438/990/978
f 407/989/977 438/990/978 406/991/979
f 406/991/979 438/990/978 441/992/980
f 406/991/979 441/992/980 405/993/981
f 405/993/981 441/992/980 444/994/982
f 405/993/981 444/994/982 404/945/935
f 404/945/935 444/994/982 447/946/936
f 427/930/920 428/995/983 454/932/922
f 454/932/922 428/995/983 455/996/984
f 454/932/922 455/996/984 451/934/924
f 451/934/924 455/996/984 452/997/985
f 451/934/924 452/997/985 448/936/926
f 448/936/926 452/997/985 449/998/986
f 448/936/926 449/998/986 445/938/928
f 445/938/928 449/998/986 446/999/987
f 445/938/928 446/999/987 442/940/930
f 442/940/930 446/999/987 443/1000/988
f 442/940/930 443/1000/988 439/942/932
f 439/942/932 443/1000/988 440/1001/989
f 439/942/932 440/1001/989 436/944/934
f 436/944/934 440/1001/989 437/1002/990
f 436/944/934 437/1002/990 430/896/888
f 430/896/888 437/1002/990 431/1003/991
f 430/896/888 431/1003/991 435/898/890
f 435/898/890 431/1003/991 434/1004/992
f 435/898/890 434/1004/992 496/900/892
f 496/900/892 434/1004/992 497/1005/993
f 496/900/892 497/1005/993 493/902/894
f 493/902/894 497/1005/993 494/1006/994
f 493/902/894 494/1006/994 490/904/896
f 490/904/896 494/1006/994 491/1007/995
f 490/904/896 491/1007/995 487/906/898
f 487/906/898 491/1007/995 488/1008/996
f 487/906/898 488/1008/996 484/908/900
f 484/908/900 488/1008/996 485/1009/997
f 484/908/900 485/1009/997 481/910/902
f 481/910/902 485/1009/997 482/1010/998
f 481/910/902 482/1010/998 478/912/904
f 478/912/904 482/1010/998 479/1011/999
f 478/912/904 479/1011/999 475/914/906
f 475/914/906 479/1011/999 476/1012/1000
f 475/914/906 476/1012/1000 472/916/908
f 472/916/908 476/1012/1000 473/1013/1001
f 472/916/908 473/1013/1001 469/918/910
f 469/918/910 473/1013/1001 470/1014/1002
f 469/918/910 470/1014/1002 466/920/912
f 466/920/912 470/1014/1002 467/1015/1003
f 466/920/912 467/1015/1003 463/922/914
f 463/922/914 467/1015/1003 464/1016/1004
f 463/922/914 464/1016/1004 460/924/916
f 460/924/916 464/1016/1004 461/1017/1005
f 460/924/916 461/1017/1005 457/926/918
f 457/926/918 461/1017/1005 458/1018/1006
f 457/926/918 458/1018/1006 427/928/920
f 427/928/920 458/1018/1006 428/1019/983
f 428/995/983 429/954/944 455/996/984
f 455/996/984 429/954/944 456/952/942
f 455/996/984 456/952/942 452/997/985
f 452/997/985 456/952/942 453/950/940
f 452/997/985 453/950/940 449/998/986
f 449/998/986 453/950/940 450/948/938
f 449/998/986 450/948/938 446/999/987
f 446/999/987 450/948/938 447/946/936
f 446/999/987 447/946/936 443/1000/988
f 443/1000/988 447/946/936 444/994/982
f 443/1000/988 444/994/982 440/1001/989
f 440/1001/989 444/994/982 441/992/980
f 440/1001/989 441/992/980 437/1002/990
f 437/1002/990 441/992/980 438/990/978
f 437/1002/990 438/990/978 431/1003/991
f 431/1003/991 438/990/978 432/988/976
f 431/1003/991 432/988/976 434/1004/992
f 434/1004/992 432/988/976 433/986/974
f 434/1004/992 433/986/974 497/1005/993
f 497/1005/993 433/986/974 498/984/972
f 497/1005/993 498/984/972 494/1006/994
f 494/1006/994 498/984/972 495/982/970
f 494/1006/994 495/982/970 491/1007/995
f 491/1007/995 495/982/970 492/980/968
f 491/1007/995 492/980/968 488/1008/996
f 488/1008/996 492/980/968 489/978/966
f 488/1008/996 489/978/966 485/1009/997
f 485/1009/997 489/978/966 486/976/964
f 485/1009/997 486/976/964 482/1010/998
f 482/1010/998 486/976/964 483/974/962
f 482/1010/998 483/974/962 479/1011/999
f 479/1011/999 483/974/962 480/972/960
f 479/1011/999 480/972/960 476/1012/1000
f 476/1012/1000 480/972/960 477/970/958
f 476/1012/1000 477/970/958 473/1013/1001
f 473/1013/1001 477/970/958 474/968/956
f 473/1013/1001 474/968/956 470/1014/1002
f 470/1014/1002 474/968/956 471/966/954
f 470/1014/1002 471/966/954 467/1015/1003
f 467/1015/1003 471/966/954 468/964/952
f 467/1015/1003 468/964/952 464/1016/1004
f 464/1016/1004 468/964/952 465/962/950
f 464/1016/1004 465/962/950 461/1017/1005
f 461/1017/1005 465/962/950 462/960/948
f 461/1017/1005 462/960/948 458/1018/1006
f 458/1018/1006 462/960/948 459/958/946
f 458/1018/1006 459/958/946 428/1019/983
f 428/1019/983 459/958/946 429/956/944
f 500/1020/1007 510/1021/1008 499/1022/1009
f 499/1022/1009 510/1021/1008 511/1023/1010
f 499/1022/1009 511/1023/1010 522/1024/1011
f 522/1024/1011 511/1023/1010 512/1025/1012
f 522/1024/1011 512/1025/1012 521/1026/1013
f 521/1026/1013 512/1025/1012 513/1027/1014
f 521/1026/1013 513/1027/1014 520/1028/1015
f 520/1028/1015 513/1027/1014 514/1029/1016
f 520/1028/1015 514/1029/1016 519/1030/1017
f 519/1030/1017 514/1029/1016 515/1031/1018
f 519/1030/1017 515/1031/1018 518/1032/1019
f 518/1032/1019 515/1031/1018 516/1033/1020
f 518/1032/1019 516/1033/1020 517/1034/1021
f 510/1021/1008 500/1020/1007 509/1035/1022
f 509/1035/1022 500/1020/1007 501/1036/1023
f 509/1035/1022 501/1036/1023 508/1037/1024
f 508/1037/1024 501/1036/1023 502/1038/1025
f 508/1037/1024 502/1038/1025 507/1039/1026
f 507/1039/1026 502/1038/1025 503/1040/1027
f 507/1039/1026 503/1040/1027 506/1041/1028
f 506/1041/1028 503/1040/1027 504/1042/1029
f 506/1041/1028 504/1042/1029 505/1043/1030
f 522/1044/1031 550/1045/1032 499/1046/1033
f 499/1046/1033 550/1045/1032 555/1047/1034
f 499/1046/1033 555/1047/1034 500/1048/1035
f 500/1048/1035 555/1047/1034 616/1049/1036
f 500/1048/1035 616/1049/1036 501/1050/1037
f 501/1050/1037 616/1049/1036 613/1051/1038
f 501/1050/1037 613/1051/1038 502/1052/1039
f 502/1052/1039 613/1051/1038 610/1053/1040
f 502/1052/1039 610/1053/1040 503/1054/1041
f 503/1054/1041 610/1053/1040 607/1055/1042
f 503/1054/1041 607/1055/1042 504/1056/1043
f 504/1056/1043 607/1055/1042 604/1057/1044
f 504/1056/1043 604/1057/1044 505/1058/1045
f 505/1058/1045 604/1057/1044 601/1059/1046
f 505/1058/1045 601/1059/1046 506/1060/1047
f 506/1060/1047 601/1059/1046 598/1061/1048
f 506/1060/1047 598/1061/1048 507/1062/1049
f 507/1062/1049 598/1061/1048 595/1063/1050
f 507/1062/1049 595/1063/1050 508/1064/1051
f 508/1064/1051 595/1063/1050 592/1065/1052
f 508/1064/1051 592/1065/1052 509/1066/1053
f 509/1066/1053 592/1065/1052 589/1067/1054
f 509/1066/1053 589/1067/1054 510/1068/1055
f 510/1068/1055 589/1067/1054 586/1069/1056
f 510/1068/1055 586/1069/1056 511/1070/1057
f 511/1070/1057 586/1069/1056 583/1071/1058
f 511/1070/1057 583/1071/1058 512/1072/1059
f 512/1072/1059 583/1071/1058 580/1073/1060
f 512/1072/1059 580/1073/1060 513/1074/1061
f 513/1074/1061 580/1073/1060 577/1075/1062
f 513/1074/1061 577/1075/1062 514/1076/1063
f 514/1076/1063 577/1075/1062 574/1077/1064
f 514/1076/1063 574/1077/1064 515/1078/1065
f 515/1078/1065 574/1077/1064 571/1079/1066
f 515/1078/1065 571/1079/1066 516/1080/1067
f 516/1080/1067 571/1079/1066 568/1081/1068
f 516/1080/1067 568/1081/1068 517/1082/1069
f 517/1082/1069 568/1081/1068 565/1083/1070
f 517/1082/1069 565/1083/1070 518/1084/1071
f 518/1084/1071 565/1083/1070 562/1085/1072
f 518/1084/1071 562/1085/1072 519/1086/1073
f 519/1086/1073 562/1085/1072 559/1087/1074
f 519/1086/1073 559/1087/1074 520/1088/1075
f 520/1088/1075 559/1087/1074 547/1089/1076
f 520/1090/1075 547/1091/1076 521/1092/1077
f 521/1092/1077 547/1091/1076 556/1093/1078
f 521/1092/1077 556/1093/1078 522/1044/1031
f 522/1044/1031 556/1093/1078 550/1045/1032
f 524/1094/1079 564/1095/1080 523/1096/1081
f 523/1096/1081 564/1095/1080 567/1097/1082
f 523/1096/1081 567/1097/1082 546/1098/1083
f 546/1098/1083 567/1097/1082 570/1099/1084
f 546/1098/1083 570/1099/1084 545/1100/1085
f 545/1100/1085 570/1099/1084 573/1101/1086
f 545/1100/1085 573/1101/1086 544/1102/1087
f 544/1102/1087 573/1101/1086 576/1103/1088
f 544/1102/1087 576/1103/1088 543/1104/1089
f 543/1104/1089 576/1103/1088 579/1105/1090
f 543/1104/1089 579/1105/1090 542/1106/1091
f 542/1106/1091 579/1105/1090 582/1107/1092
f 542/1106/1091 582/1107/1092 541/1108/1093
f 541/1108/1093 582/1107/1092 585/1109/1094
f 541/1108/1093 585/1109/1094 540/1110/1095
f 540/1110/1095 585/1109/1094 588/1111/1096
f 540/1110/1095 588/1111/1096 539/1112/1097
f 539/1112/1097 588/1111/1096 591/1113/1098
f 539/1112/1097 591/1113/1098 538/1114/1099
f 538/1114/1099 591/1113/1098 594/1115/1100
f 538/1114/1099 594/1115/1100 537/1116/1101
f 537/1116/1101 594/1115/1100 597/1117/1102
f 537/1116/1101 597/1117/1102 536/1118/1103
f 536/1118/1103 597/1117/1102 600/1119/1104
f 536/1118/1103 600/1119/1104 535/1120/1105
f 535/1120/1105 600/1119/1104 603/1121/1106
f 535/1120/1105 603/1121/1106 534/1122/1107
f 534/1122/1107 603/1121/1106 606/1123/1108
f 534/1122/1107 606/1123/1108 533/1124/1109
f 533/1124/1109 606/1123/1108 609/1125/1110
f 533/1124/1109 609/1125/1110 532/1126/1111
f 532/1126/1111 609/1125/1110 612/1127/1112
f 532/1126/1111 612/1127/1112 531/1128/1113
f 531/1128/1113 612/1127/1112 615/1129/1114
f 531/1128/1113 615/1129/1114 530/1130/1115
f 530/1130/1115 615/1129/1114 618/1131/1116
f 530/1130/1115 618/1131/1116 529/1132/1117
f 529/1132/1117 618/1131/1116 553/1133/1118
f 529/1132/1117 553/1133/1118 528/1134/1119
f 528/1134/1119 553/1133/1118 552/1135/1120
f 528/1134/1119 552/1135/1120 527/1136/1121
f 527/1136/1121 552/1135/1120 558/1137/1122
f 527/1136/1121 558/1137/1122 526/1138/1123
f 526/1138/1123 558/1137/1122 549/1139/1124
f 526/1140/1123 549/1141/1124 525/1142/1125
f 525/1142/1125 549/1141/1124 561/1143/1126
f 525/1142/1125 561/1143/1126 524/1094/1079
f 524/1094/1079 561/1143/1126 564/1095/1080
f 547/1091/1076 548/1144/1127 556/1093/1078
f 556/1093/1078 548/1144/1127 557/1145/1128
f 556/1093/1078 557/1145/1128 550/1045/1032
f 550/1045/1032 557/1145/1128 551/1146/1129
f 550/1045/1032 551/1146/1129 555/1047/1034
f 555/1047/1034 551/1146/1129 554/1147/1130
f 555/1047/1034 554/1147/1130 616/1049/1036
f 616/1049/1036 554/1147/1130 617/1148/1131
f 616/1049/1036 617/1148/1131 613/1051/1038
f 613/1051/1038 617/1148/1131 614/1149/1132
f 613/1051/1038 614/1149/1132 610/1053/1040
f 610/1053/1040 614/1149/1132 611/1150/1133
f 610/1053/1040 611/1150/1133 607/1055/1042
f 607/1055/1042 611/1150/1133 608/1151/1134
f 607/1055/1042 608/1151/1134 604/1057/1044
f 604/1057/1044 608/1151/1134 605/1152/1135
f 604/1057/1044 605/1152/1135 601/1059/1046
f 601/1059/1046 605/1152/1135 602/1153/1136
f 601/1059/1046 602/1153/1136 598/1061/1048
f 598/1061/1048 602/1153/1136 599/1154/1137
f 598/1061/1048 599/1154/1137 595/1063/1050
f 595/1063/1050 599/1154/1137 596/1155/1138
f 595/1063/1050 596/1155/1138 592/1065/1052
f 592/1065/1052 596/1155/1138 593/1156/1139
f 592/1065/1052 593/1156/1139 589/1067/1054
f 589/1067/1054 593/1156/1139 590/1157/1140
f 589/1067/1054 590/1157/1140 586/1069/1056
f 586/1069/1056 590/1157/1140 587/1158/1141
f 586/1069/1056 587/1158/1141 583/1071/1058
f 583/1071/1058 587/1158/1141 584/1159/1142
f 583/1071/1058 584/1159/1142 580/1073/1060
f 580/1073/1060 584/1159/1142 581/1160/1143
f 580/1073/1060 581/1160/1143 577/1075/1062
f 577/1075/1062 581/1160/1143 578/1161/1144
f 577/1075/1062 578/1161/1144 574/1077/1064
f 574/1077/1064 578/1161/1144 575/1162/1145
f 574/1077/1064 575/1162/1145 571/1079/1066
f 571/1079/1066 575/1162/1145 572/1163/1146
f 571/1079/1066 572/1163/1146 568/1081/1068
f 568/1081/1068 572/1163/1146 569/1164/1147
f 568/1081/1068 569/1164/1147 565/1083/1070
f 565/1083/1070 569/1164/1147 566/1165/1148
f 565/1083/1070 566/1165/1148 562/1085/1072
f 562/1085/1072 566/1165/1148 563/1166/1149
f 562/1085/1072 563/1166/1149 559/1087/1074
f 559/1087/1074 563/1166/1149 560/1167/1150
f 559/1087/1074 560/1167/1150 547/1089/1076
f 547/1089/1076 560/1167/1150 548/1168/1127
f 548/1144/1127 549/1139/1124 557/1145/1128
f 557/1145/1128 549/1139/1124 558/1137/1122
f 557/1145/1128 558/1137/1122 551/1146/1129
f 551/1146/1129 558/1137/1122 552/1135/1120
f 551/1146/1129 552/1135/1120 554/1147/1130
f 554/1147/1130 552/1135/1120 553/1133/1118
f 554/1147/1130 553/1133/1118 617/1148/1131
f 617/1148/1131 553/1133/1118 618/1131/1116
f 617/1148/1131 618/1131/1116 614/1149/1132
f 614/1149/1132 618/1131/1116 615/1129/1114
f 614/1149/1132 615/1129/1114 611/1150/1133
f 611/1150/1133 615/1129/1114 612/1127/1112
f 611/1150/1133 612/1127/1112 608/1151/1134
f 608/1151/1134 612/1127/1112 609/1125/1110
f 608/1151/1134 609/1125/1110 605/1152/1135
f 605/1152/1135 609/1125/1110 606/1123/1108
f 605/1152/1135 606/1123/1108 602/1153/1136
f 602/1153/1136 606/1123/1108 603/1121/1106
f 602/1153/1136 603/1121/1106 599/1154/1137
f 599/1154/1137 603/1121/1106 600/1119/1104
f 599/1154/1137 600/1119/1104 596/1155/1138
f 596/1155/1138 600/1119/1104 597/1117/1102
f 596/1155/1138 597/1117/1102 593/1156/1139
f 593/1156/1139 597/1117/1102 594/1115/1100
f 593/1156/1139 594/1115/1100 590/1157/1140
f 590/1157/1140 594/1115/1100 591/1113/1098
f 590/1157/1140 591/1113/1098 587/1158/1141
f 587/1158/1141 591/1113/1098 588/1111/1096
f 587/1158/1141 588/1111/1096 584/1159/1142
f 584/1159/1142 588/1111/1096 585/1109/1094
f 584/1159/1142 585/1109/1094 581/1160/1143
f 581/1160/1143 585/1109/1094 582/1107/1092
f 581/1160/1143 582/1107/1092 578/1161/1144
f 578/1161/1144 582/1107/1092 579/1105/1090
f 578/1161/1144 579/1105/1090 575/1162/1145
f 575/1162/1145 579/1105/1090 576/1103/1088
f 575/1162/1145 576/1103/1088 572/1163/1146
f 572/1163/1146 576/1103/1088 573/1101/1086
f 572/1163/1146 573/1101/1086 569/1164/1147
f 569/1164/1147 573/1101/1086 570/1099/1084
f 569/1164/1147 570/1099/1084 566/1165/1148
f 566/1165/1148 570/1099/1084 567/1097/1082
f 566/1165/1148 567/1097/1082 563/1166/1149
f 563/1166/1149 567/1097/1082 564/1095/1080
f 563/1166/1149 564/1095/1080 560/1167/1150
f 560/1167/1150 564/1095/1080 561/1143/1126
f 560/1167/1150 561/1143/1126 548/1168/1127
f 548/1168/1127 561/1143/1126 549/1141/1124
f 524/1169/1151 523/1170/1152 625/1171/1153
f 625/1171/1153 523/1170/1152 546/1172/1154
f 625/1171/1153 546/1172/1154 660/1173/1155
f 660/1173/1155 546/1172/1154 545/1174/1156
f 660/1173/1155 545/1174/1156 544/1175/1157
f 544/1175/1157 543/1176/1158 660/1173/1155
f 660/1173/1155 543/1176/1158 542/1177/1159
f 660/1173/1155 542/1177/1159 541/1178/1160
f 660/1173/1155 541/1178/1160 659/1179/1161
f 659/1179/1161 541/1178/1160 540/1180/1162
f 659/1179/1161 540/1180/1162 539/1181/1163
f 539/1181/1163 538/1182/1164 659/1179/1161
f 659/1179/1161 538/1182/1164 537/1183/1165
f 659/1179/1161 537/1183/1165 536/1184/1166
f 659/1179/1161 536/1184/1166 658/1185/1167
f 658/1185/1167 536/1184/1166 535/1186/1168
f 658/1185/1167 535/1186/1168 534/1187/1169
f 534/1187/1169 533/1188/1170 658/1185/1167
f 658/1185/1167 533/1188/1170 627/1189/1171
f 658/1185/1167 627/1189/1171 657/1190/1172
f 657/1190/1172 627/1189/1171 628/1191/1173
f 657/1190/1172 628/1191/1173 656/1192/1174
f 656/1192/1174 628/1191/1173 629/1193/1175
f 656/1192/1174 629/1193/1175 655/1194/1176
f 655/1194/1176 629/1193/1175 630/1195/1177
f 655/1194/1176 630/1195/1177 654/1196/1178
f 654/1196/1178 630/1195/1177 631/1197/1179
f 654/1196/1178 631/1197/1179 653/1198/1180
f 653/1198/1180 631/1197/1179 652/1199/1181
f 652/1199/1181 631/1197/1179 632/1200/1182
f 652/1199/1181 632/1200/1182 651/1201/1183
f 651/1201/1183 632/1200/1182 633/1202/1184
f 651/1201/1183 633/1202/1184 650/1203/1185
f 650/1203/1185 633/1202/1184 634/1204/1186
f 650/1203/1185 634/1204/1186 649/1205/1187
f 649/1205/1187 634/1204/1186 635/1206/1188
f 649/1205/1187 635/1206/1188 648/1207/1189
f 648/1207/1189 635/1206/1188 636/1208/1190
f 648/1207/1189 636/1208/1190 647/1209/1191
f 647/1209/1191 636/1208/1190 637/1210/1192
f 647/1209/1191 637/1210/1192 646/1211/1193
f 646/1211/1193 637/1210/1192 426/1212/1194
f 646/1211/1193 426/1212/1194 425/1213/1195
f 533/1188/1170 532/1214/1196 627/1189/1171
f 627/1189/1171 532/1214/1196 626/1215/1197
f 626/1215/1197 532/1214/1196 531/1216/1198
f 626/1215/1197 531/1216/1198 530/1217/1199
f 530/1217/1199 529/1218/1200 626/1215/1197
f 626/1215/1197 529/1218/1200 528/1219/1201
f 626/1215/1197 528/1219/1201 527/1220/1202
f 527/1220/1202 526/1221/1203 626/1215/1197
f 626/1215/1197 526/1221/1203 625/1171/1153
f 625/1171/1153 526/1221/1203 525/1222/1204
f 625/1171/1153 525/1222/1204 524/1169/1151
f 404/1223/1205 403/1224/1206 637/1210/1192
f 637/1210/1192 403/1224/1206 426/1212/1194
f 425/1213/1195 424/1225/1207 646/1211/1193
f 646/1211/1193 424/1225/1207 423/1226/1208
f 646/1211/1193 423/1226/1208 422/1227/1209
f 646/1211/1193 422/1227/1209 645/1228/1210
f 645/1228/1210 422/1227/1209 421/1229/1211
f 645/1228/1210 421/1229/1211 420/1230/1212
f 420/1230/1212 419/1231/1213 645/1228/1210
f 645/1228/1210 419/1231/1213 418/1232/1214
f 645/1228/1210 418/1232/1214 417/1233/1215
f 645/1228/1210 417/1233/1215 644/1234/1216
f 644/1234/1216 417/1233/1215 416/1235/1217
f 644/1234/1216 416/1235/1217 643/1236/1218
f 643/1236/1218 416/1235/1217 415/1237/1219
f 643/1236/1218 415/1237/1219 414/1238/1220
f 643/1236/1218 414/1238/1220 642/1239/1221
f 642/1239/1221 414/1238/1220 413/1240/1222
f 642/1239/1221 413/1240/1222 639/1241/1223
f 639/1241/1223 413/1240/1222 412/1242/1224
f 639/1241/1223 412/1242/1224 411/1243/1225
f 639/1241/1223 411/1243/1225 638/1244/1226
f 638/1244/1226 411/1243/1225 410/1245/1227
f 638/1244/1226 410/1245/1227 409/1246/1228
f 409/1246/1228 408/1247/1229 638/1244/1226
f 638/1244/1226 408/1247/1229 407/1248/1230
f 638/1244/1226 407/1248/1230 406/1249/1231
f 638/1244/1226 406/1249/1231 637/1210/1192
f 637/1210/1192 406/1249/1231 405/1250/1232
f 637/1210/1192 405/1250/1232 404/1223/1205
f 619/1251/1233 620/1252/1234 662/1253/1235
f 662/1253/1235 620/1252/1234 625/1171/1153
f 662/1253/1235 625/1171/1153 661/1254/1236
f 661/1254/1236 625/1171/1153 660/1173/1155
f 625/1171/1153 620/1252/1234 624/1255/1237
f 624/1255/1237 620/1252/1234 621/1256/1238
f 624/1255/1237 621/1256/1238 623/1257/1239
f 623/1257/1239 621/1256/1238 622/1258/1240
f 639/1241/1223 640/1259/1241 642/1239/1221
f 642/1239/1221 640/1259/1241 641/1260/1242
f 663/1261/1243 664/1262/1244 677/1263/1245
f 677/1263/1245 664/1262/1244 665/1264/1246
f 677/1263/1245 665/1264/1246 676/1265/1247
f 676/1265/1247 665/1264/1246 666/1266/1248
f 676/1265/1247 666/1266/1248 675/1267/1249
f 675/1267/1249 666/1266/1248 667/1268/1250
f 675/1267/1249 667/1268/1250 674/1269/1251
f 674/1269/1251 667/1268/1250 668/1270/1252
f 674/1269/1251 668/1270/1252 673/1271/1253
f 673/1271/1253 668/1270/1252 672/1272/1254
f 672/1272/1254 668/1270/1252 669/1273/1255
f 672/1272/1254 669/1273/1255 671/1274/1256
f 671/1274/1256 669/1273/1255 670/1275/1257
f 642/1276/1258 641/1277/1259 681/1278/1260
f 681/1278/1260 641/1277/1259 678/1279/1261
f 681/1278/1260 678/1279/1261 679/1280/1262
f 679/1280/1262 680/1281/1263 681/1278/1260
f 681/1278/1260 680/1281/1263 642/1276/1258
f 679/1282/1262 678/1283/1261 687/1284/1264
f 687/1284/1264 678/1283/1261 682/1285/1265
f 687/1284/1264 682/1285/1265 686/1286/1266
f 686/1286/1266 682/1285/1265 683/1287/1267
f 686/1286/1266 683/1287/1267 685/1288/1268
f 685/1288/1268 683/1287/1267 684/1289/1269
f 685/1290/1270 684/1291/1271 691/1292/1272
f 691/1292/1272 684/1291/1271 688/1293/1273
f 691/1292/1272 688/1293/1273 690/1294/1274
f 690/1294/1274 688/1293/1273 689/1295/1275
f 693/1296/1276 694/1297/1277 692/1298/1278
f 692/1298/1278 694/1297/1277 695/1299/1279
f 692/1298/1278 695/1299/1279 696/1300/1280
f 692/1298/1278 696/1300/1280 700/1301/1281
f 700/1301/1281 696/1300/1280 697/1302/1282
f 700/1301/1281 697/1302/1282 699/1303/1283
f 699/1303/1283 697/1302/1282 698/1304/1284
f 699/1303/1283 698/1304/1284 689/1305/1275
f 689/1305/1275 698/1304/1284 690/1306/1274
f 700/1301/1281 701/1307/1285 692/1298/1278
f 692/1298/1278 701/1307/1285 709/1308/1286
f 709/1308/1286 701/1307/1285 708/1309/1287
f 708/1309/1287 701/1307/1285 707/1310/1288
f 707/1310/1288 701/1307/1285 706/1311/1289
f 706/1311/1289 701/1307/1285 705/1312/1290
f 705/1312/1290 701/1307/1285 704/1313/1291
f 704/1313/1291 701/1307/1285 703/1314/1292
f 703/1314/1292 701/1307/1285 702/1315/1293
f 663/1316/1294 710/1317/1295 664/1318/1244
f 664/1318/1244 710/1317/1295 731/1319/1296
f 664/1318/1244 731/1319/1296 723/1320/1297
f 723/1320/1297 731/1319/1296 734/1321/1298
f 723/1320/1297 734/1321/1298 722/1322/1299
f 722/1322/1299 734/1321/1298 737/1323/1300
f 722/1322/1299 737/1323/1300 721/1324/1301
f 721/1324/1301 737/1323/1300 740/1325/1302
f 721/1324/1301 740/1325/1302 720/1326/1303
f 720/1326/1303 740/1325/1302 743/1327/1304
f 720/1326/1303 743/1327/1304 719/1328/1305
f 719/1328/1305 743/1327/1304 718/1329/1306
f 718/1329/1306 743/1327/1304 742/1330/1307
f 718/1329/1306 742/1330/1307 741/1331/1308
f 741/1331/1308 742/1330/1307 739/1332/1309
f 741/1331/1308 739/1332/1309 738/1333/1310
f 738/1333/1310 739/1332/1309 736/1334/1311
f 738/1333/1310 736/1334/1311 735/1335/1312
f 735/1335/1312 736/1334/1311 733/1336/1313
f 735/1335/1312 733/1336/1313 732/1337/1314
f 732/1337/1314 733/1336/1313 730/1338/1315
f 732/1337/1314 730/1338/1315 729/1339/1316
f 729/1339/1316 730/1338/1315 710/1317/1295
f 729/1339/1316 710/1317/1295 724/1340/1317
f 724/1340/1317 710/1317/1295 711/1341/1318
f 724/1340/1317 711/1341/1318 725/1342/1319
f 725/1342/1319 711/1341/1318 712/1343/1320
f 725/1342/1319 712/1343/1320 726/1344/1321
f 726/1344/1321 712/1343/1320 713/1345/1322
f 726/1344/1321 713/1345/1322 714/1346/1323
f 726/1344/1321 714/1346/1323 727/1347/1324
f 727/1347/1324 714/1346/1323 715/1348/1325
f 727/1347/1324 715/1348/1325 728/1349/1326
f 728/1349/1326 715/1348/1325 716/1350/1327
f 728/1349/1326 716/1350/1327 741/1331/1308
f 741/1331/1308 716/1350/1327 718/1329/1306
f 716/1350/1327 717/1351/1328 718/1329/1306
f 742/1330/1307 743/1327/1304 740/1325/1302
f 731/1319/1296 710/1317/1295 730/1338/1315
f 732/1337/1314 729/1339/1316 725/1342/1319
f 725/1342/1319 729/1339/1316 724/1340/1317
f 734/1321/1298 731/1319/1296 733/1336/1313
f 733/1336/1313 731/1319/1296 730/1338/1315
f 735/1335/1312 732/1337/1314 726/1344/1321
f 726/1344/1321 732/1337/1314 725/1342/1319
f 737/1323/1300 734/1321/1298 736/1334/1311
f 736/1334/1311 734/1321/1298 733/1336/1313
f 738/1333/1310 735/1335/1312 727/1347/1324
f 727/1347/1324 735/1335/1312 726/1344/1321
f 740/1325/1302 737/1323/1300 739/1332/1309
f 739/1332/1309 737/1323/1300 736/1334/1311
f 741/1331/1308 738/1333/1310 728/1349/1326
f 728/1349/1326 738/1333/1310 727/1347/1324
f 742/1330/1307 740/1325/1302 739/1332/1309
f 744/1352/1329 745/1353/1330 751/1354/1331
f 751/1354/1331 745/1353/1330 750/1355/1332
f 750/1355/1332 745/1353/1330 746/1356/1333
f 750/1355/1332 746/1356/1333 749/1357/1334
f 749/1357/1334 746/1356/1333 747/1358/1335
f 749/1357/1334 747/1358/1335 748/1359/1336
f 747/1360/1337 752/1361/1338 748/1362/1339
f 748/1362/1339 752/1361/1338 753/1363/1340
f 754/1364/1341 755/1365/1342 752/1366/1343
f 752/1366/1343 755/1365/1342 753/1367/1344
f 755/1368/1345 754/1369/1346 761/1370/1347
f 761/1370/1347 754/1369/1346 756/1371/1348
f 761/1370/1347 756/1371/1348 760/1372/1349
f 760/1372/1349 756/1371/1348 757/1373/1350
f 760/1372/1349 757/1373/1350 759/1374/1351
f 759/1374/1351 757/1373/1350 758/1375/1352
f 762/1376/1353 763/1377/1354 758/1378/1355
f 758/1378/1355 763/1377/1354 759/1379/1356
f 762/1380/1357 744/1381/1358 763/1382/1359
f 763/1382/1359 744/1381/1358 751/1383/1360
f 765/1384/1361 766/1385/1362 764/1386/1363
f 764/1386/1363 766/1385/1362 767/1387/1364
f 766/1388/1365 765/1389/1366 773/1390/1367
f 773/1390/1367 765/1389/1366 768/1391/1368
f 773/1390/1367 768/1391/1368 772/1392/1369
f 772/1392/1369 768/1391/1368 769/1393/1370
f 772/1392/1369 769/1393/1370 771/1394/1371
f 771/1394/1371 769/1393/1370 770/1395/1372
f 774/1396/1373 775/1397/1374 770/1398/1375
f 770/1398/1375 775/1397/1374 771/1399/1376
f 774/1400/1377 776/1401/1378 775/1402/1379
f 775/1402/1379 776/1401/1378 777/1403/1380
f 776/1404/1381 778/1405/1382 777/1406/1383
f 777/1406/1383 778/1405/1382 783/1407/1384
f 783/1407/1384 778/1405/1382 779/1408/1385
f 783/1407/1384 779/1408/1385 782/1409/1386
f 782/1409/1386 779/1408/1385 780/1410/1387
f 782/1409/1386 780/1410/1387 781/1411/1388
f 780/1412/1389 764/1413/1390 781/1414/1391
f 781/1414/1391 764/1413/1390 767/1415/1392
f 815/1416/1393 784/1417/1394 848/1418/1395
f 848/1418/1395 784/1417/1394 785/1419/1396
f 848/1418/1395 785/1419/1396 849/1420/1397
f 849/1420/1397 785/1419/1396 786/1421/1398
f 849/1420/1397 786/1421/1398 850/1422/1399
f 850/1422/1399 786/1421/1398 787/1423/1400
f 850/1422/1399 787/1423/1400 851/1424/1401
f 851/1424/1401 787/1423/1400 788/1425/1402
f 851/1424/1401 788/1425/1402 789/1426/1403
f 851/1424/1401 789/1426/1403 852/1427/1404
f 852/1427/1404 789/1426/1403 790/1428/1405
f 852/1427/1404 790/1428/1405 853/1429/1406
f 853/1429/1406 790/1428/1405 791/1430/1407
f 853/1429/1406 791/1430/1407 854/1431/1408
f 854/1432/1408 791/1433/1407 792/1434/1409
f 854/1432/1408 792/1434/1409 793/1435/1410
f 854/1432/1408 793/1435/1410 855/1436/1411
f 855/1436/1411 793/1435/1410 794/1437/1412
f 855/1436/1411 794/1437/1412 856/1438/1413
f 856/1438/1413 794/1437/1412 795/1439/1414
f 856/1438/1413 795/1439/1414 857/1440/1415
f 857/1440/1415 795/1439/1414 796/1441/1416
f 857/1440/1415 796/1441/1416 797/1442/1417
f 857/1440/1415 797/1442/1417 858/1443/1418
f 858/1443/1418 797/1442/1417 798/1444/1419
f 858/1443/1418 798/1444/1419 859/1445/1420
f 859/1445/1420 798/1444/1419 799/1446/1421
f 859/1445/1420 799/1446/1421 860/1447/1422
f 860/1447/1422 799/1446/1421 800/1448/1423
f 860/1447/1422 800/1448/1423 801/1449/1424
f 860/1447/1422 801/1449/1424 861/1450/1425
f 861/1450/1425 801/1449/1424 802/1451/1426
f 861/1450/1425 802/1451/1426 862/1452/1427
f 862/1452/1427 802/1451/1426 803/1453/1428
f 862/1452/1427 803/1453/1428 863/1454/1429
f 863/1454/1429 803/1453/1428 804/1455/1430
f 863/1454/1429 804/1455/1430 805/1456/1431
f 863/1454/1429 805/1456/1431 864/1457/1432
f 864/1457/1432 805/1456/1431 806/1458/1433
f 864/1457/1432 806/1458/1433 865/1459/1434
f 865/1459/1434 806/1458/1433 807/1460/1435
f 865/1459/1434 807/1460/1435 866/1461/1436
f 866/1461/1436 807/1460/1435 808/1462/1437
f 866/1461/1436 808/1462/1437 809/1463/1438
f 866/1461/1436 809/1463/1438 867/1464/1439
f 867/1464/1439 809/1463/1438 810/1465/1440
f 867/1464/1439 810/1465/1440 868/1466/1441
f 868/1466/1441 810/1465/1440 811/1467/1442
f 868/1466/1441 811/1467/1442 869/1468/1443
f 869/1468/1443 811/1467/1442 812/1469/1444
f 869/1468/1443 812/1469/1444 813/1470/1445
f 869/1468/1443 813/1470/1445 870/1471/1446
f 870/1471/1446 813/1470/1445 814/1472/1447
f 870/1471/1446 814/1472/1447 871/1473/1448
f 871/1473/1448 814/1472/1447 815/1416/1393
f 871/1473/1448 815/1416/1393 848/1418/1395
f 847/1474/1449 816/1475/1450 848/1418/1395
f 848/1418/1395 816/1475/1450 817/1476/1451
f 848/1418/1395 817/1476/1451 871/1473/1448
f 871/1473/1448 817/1476/1451 818/1477/1452
f 871/1473/1448 818/1477/1452 870/1471/1446
f 870/1471/1446 818/1477/1452 819/1478/1453
f 870/1471/1446 819/1478/1453 869/1468/1443
f 869/1468/1443 819/1478/1453 820/1479/1454
f 869/1468/1443 820/1479/1454 821/1480/1455
f 869/1468/1443 821/1480/1455 868/1466/1441
f 868/1466/1441 821/1480/1455 822/1481/1456
f 868/1466/1441 822/1481/1456 867/1464/1439
f 867/1464/1439 822/1481/1456 823/1482/1457
f 867/1464/1439 823/1482/1457 866/1461/1436
f 866/1461/1436 823/1482/1457 824/1483/1458
f 866/1461/1436 824/1483/1458 825/1484/1459
f 866/1461/1436 825/1484/1459 865/1459/1434
f 865/1459/1434 825/1484/1459 826/1485/1460
f 865/1459/1434 826/1485/1460 864/1457/1432
f 864/1457/1432 826/1485/1460 827/1486/1461
f 864/1457/1432 827/1486/1461 863/1454/1429
f 863/1454/1429 827/1486/1461 828/1487/1462
f 863/1454/1429 828/1487/1462 829/1488/1463
f 863/1454/1429 829/1488/1463 862/1452/1427
f 862/1452/1427 829/1488/1463 830/1489/1464
f 862/1452/1427 830/1489/1464 861/1450/1425
f 861/1450/1425 830/1489/1464 831/1490/1465
f 861/1450/1425 831/1490/1465 860/1447/1422
f 860/1447/1422 831/1490/1465 832/1491/1466
f 860/1447/1422 832/1491/1466 833/1492/1467
f 860/1447/1422 833/1492/1467 859/1445/1420
f 859/1445/1420 833/1492/1467 834/1493/1468
f 859/1445/1420 834/1493/1468 858/1443/1418
f 858/1443/1418 834/1493/1468 835/1494/1469
f 858/1443/1418 835/1494/1469 857/1440/1415
f 857/1440/1415 835/1494/1469 836/1495/1470
f 857/1440/1415 836/1495/1470 837/1496/1471
f 857/1440/1415 837/1496/1471 856/1438/1413
f 856/1438/1413 837/1496/1471 838/1497/1472
f 856/1438/1413 838/1497/1472 855/1436/1411
f 855/1436/1411 838/1497/1472 839/1498/1473
f 855/1436/1411 839/1498/1473 854/1432/1408
f 854/1432/1408 839/1498/1473 840/1499/1474
f 854/1431/1408 840/1500/1474 841/1501/1475
f 854/1431/1408 841/1501/1475 853/1429/1406
f 853/1429/1406 841/1501/1475 842/1502/1476
f 853/1429/1406 842/1502/1476 852/1427/1404
f 852/1427/1404 842/1502/1476 843/1503/1477
f 852/1427/1404 843/1503/1477 851/1424/1401
f 851/1424/1401 843/1503/1477 844/1504/1478
f 851/1424/1401 844/1504/1478 845/1505/1479
f 851/1424/1401 845/1505/1479 850/1422/1399
f 850/1422/1399 845/1505/1479 846/1506/1480
f 850/1422/1399 846/1506/1480 849/1420/1397
f 849/1420/1397 846/1506/1480 847/1474/1449
f 849/1420/1397 847/1474/1449 848/1418/1395
f 903/1507/1481 872/1508/1482 936/1509/1483
f 936/1509/1483 872/1508/1482 873/1510/1484
f 936/1509/1483 873/1510/1484 937/1511/1485
f 937/1511/1485 873/1510/1484 874/1512/1486
f 937/1511/1485 874/1512/1486 938/1513/1487
f 938/1513/1487 874/1512/1486 875/1514/1488
f 938/1513/1487 875/1514/1488 939/1515/1489
f 939/1515/1489 875/1514/1488 876/1516/1490
f 939/1515/1489 876/1516/1490 877/1517/1491
f 939/1515/1489 877/1517/1491 940/1518/1492
f 940/1518/1492 877/1517/1491 878/1519/1493
f 940/1518/1492 878/1519/1493 941/1520/1494
f 941/1520/1494 878/1519/1493 879/1521/1495
f 941/1520/1494 879/1521/1495 942/1522/1496
f 942/1522/1496 879/1521/1495 880/1523/1497
f 942/1524/1496 880/1525/1497 881/1526/1498
f 942/1524/1496 881/1526/1498 943/1527/1499
f 943/1527/1499 881/1526/1498 882/1528/1500
f 943/1527/1499 882/1528/1500 944/1529/1501
f 944/1529/1501 882/1528/1500 883/1530/1502
f 944/1529/1501 883/1530/1502 945/1531/1503
f 945/1531/1503 883/1530/1502 884/1532/1504
f 945/1531/1503 884/1532/1504 885/1533/1505
f 945/1531/1503 885/1533/1505 946/1534/1506
f 946/1534/1506 885/1533/1505 886/1535/1507
f 946/1534/1506 886/1535/1507 947/1536/1508
f 947/1536/1508 886/1535/1507 887/1537/1509
f 947/1536/1508 887/1537/1509 948/1538/1510
f 948/1538/1510 887/1537/1509 888/1539/1511
f 948/1538/1510 888/1539/1511 889/1540/1512
f 948/1538/1510 889/1540/1512 949/1541/1513
f 949/1541/1513 889/1540/1512 890/1542/1514
f 949/1541/1513 890/1542/1514 950/1543/1515
f 950/1543/1515 890/1542/1514 891/1544/1516
f 950/1543/1515 891/1544/1516 951/1545/1517
f 951/1545/1517 891/1544/1516 892/1546/1518
f 951/1545/1517 892/1546/1518 893/1547/1519
f 951/1545/1517 893/1547/1519 952/1548/1520
f 952/1548/1520 893/1547/1519 894/1549/1521
f 952/1548/1520 894/1549/1521 953/1550/1522
f 953/1550/1522 894/1549/1521 895/1551/1523
f 953/1550/1522 895/1551/1523 954/1552/1524
f 954/1552/1524 895/1551/1523 896/1553/1525
f 954/1552/1524 896/1553/1525 897/1554/1526
f 954/1552/1524 897/1554/1526 955/1555/1527
f 955/1555/1527 897/1554/1526 898/1556/1528
f 955/1555/1527 898/1556/1528 956/1557/1529
f 956/1557/1529 898/1556/1528 899/1558/1530
f 956/1557/1529 899/1558/1530 957/1559/1531
f 957/1559/1531 899/1558/1530 900/1560/1532
f 957/1559/1531 900/1560/1532 901/1561/1533
f 957/1559/1531 901/1561/1533 958/1562/1534
f 958/1562/1534 901/1561/1533 902/1563/1535
f 958/1562/1534 902/1563/1535 959/1564/1536
f 959/1564/1536 902/1563/1535 903/1507/1481
f 959/1564/1536 903/1507/1481 936/1509/1483
f 935/1565/1537 904/1566/1538 936/1509/1483
f 936/1509/1483 904/1566/1538 905/1567/1539
f 936/1509/1483 905/1567/1539 959/1564/1536
f 959/1564/1536 905/1567/1539 906/1568/1540
f 959/1564/1536 906/1568/1540 958/1562/1534
f 958/1562/1534 906/1568/1540 907/1569/1541
f 958/1562/1534 907/1569/1541 957/1559/1531
f 957/1559/1531 907/1569/1541 908/1570/1542
f 957/1559/1531 908/1570/1542 909/1571/1543
f 957/1559/1531 909/1571/1543 956/1557/1529
f 956/1557/1529 909/1571/1543 910/1572/1544
f 956/1557/1529 910/1572/1544 955/1555/1527
f 955/1555/1527 910/1572/1544 911/1573/1545
f 955/1555/1527 911/1573/1545 954/1552/1524
f 954/1552/1524 911/1573/1545 912/1574/1546
f 954/1552/1524 912/1574/1546 913/1575/1547
f 954/1552/1524 913/1575/1547 953/1550/1522
f 953/1550/1522 913/1575/1547 914/1576/1548
f 953/1550/1522 914/1576/1548 952/1548/1520
f 952/1548/1520 914/1576/1548 915/1577/1549
f 952/1548/1520 915/1577/1549 951/1545/1517
f 951/1545/1517 915/1577/1549 916/1578/1550
f 951/1545/1517 916/1578/1550 917/1579/1551
f 951/1545/1517 917/1579/1551 950/1543/1515
f 950/1543/1515 917/1579/1551 918/1580/1552
f 950/1543/1515 918/1580/1552 949/1541/1513
f 949/1541/1513 918/1580/1552 919/1581/1553
f 949/1541/1513 919/1581/1553 948/1538/1510
f 948/1538/1510 919/1581/1553 920/1582/1554
f 948/1538/1510 920/1582/1554 921/1583/1555
f 948/1538/1510 921/1583/1555 947/1536/1508
f 947/1536/1508 921/1583/1555 922/1584/1556
f 947/1536/1508 922/1584/1556 946/1534/1506
f 946/1534/1506 922/1584/1556 923/1585/1557
f 946/1534/1506 923/1585/1557 945/1531/1503
f 945/1531/1503 923/1585/1557 924/1586/1558
f 945/1531/1503 924/1586/1558 925/1587/1559
f 945/1531/1503 925/1587/1559 944/1529/1501
f 944/1529/1501 925/1587/1559 926/1588/1560
f 944/1529/1501 926/1588/1560 943/1527/1499
f 943/1527/1499 926/1588/1560 927/1589/1561
f 943/1527/1499 927/1589/1561 942/1524/1496
f 942/1522/1496 927/1590/1561 928/1591/1562
f 942/1522/1496 928/1591/1562 929/1592/1563
f 942/1522/1496 929/1592/1563 941/1520/1494
f 941/1520/1494 929/1592/1563 930/1593/1564
f 941/1520/1494 930/1593/1564 940/1518/1492
f 940/1518/1492 930/1593/1564 931/1594/1565
f 940/1518/1492 931/1594/1565 939/1515/1489
f 939/1515/1489 931/1594/1565 932/1595/1566
f 939/1515/1489 932/1595/1566 933/1596/1567
f 939/1515/1489 933/1596/1567 938/1513/1487
f 938/1513/1487 933/1596/1567 934/1597/1568
f 938/1513/1487 934/1597/1568 937/1511/1485
f 937/1511/1485 934/1597/1568 935/1565/1537
f 937/1511/1485 935/1565/1537 936/1509/1483
f 960/1598/1569 961/1599/1570 963/1600/1571
f 963/1600/1571 961/1599/1570 962/1601/1572
f 964/1602/1573 960/1603/1574 965/1604/1575
f 965/1604/1575 960/1603/1574 963/1605/1576
f 961/1606/1577 964/1607/1578 962/1608/1579
f 962/1608/1579 964/1607/1578 965/1609/1580
f 966/1610/1581 967/1611/1582 969/1612/1583
f 969/1612/1583 967/1611/1582 968/1613/1584
f 970/1614/1585 966/1615/1586 971/1616/1587
f 971/1616/1587 966/1615/1586 969/1617/1588
f 967/1618/1589 970/1619/1590 968/1620/1591
f 968/1620/1591 970/1619/1590 971/1621/1592
f 972/1622/1593 973/1623/1594 975/1624/1595
f 975/1624/1595 973/1623/1594 974/1625/1596
f 976/1626/1597 972/1627/1598 977/1628/1599
f 977/1628/1599 972/1627/1598 975/1629/1600
f 973/1630/1601 976/1631/1602 974/1632/1603
f 974/1632/1603 976/1631/1602 977/1633/1604
f 979/1634/1605 980/1635/1606 978/1636/1607
f 978/1636/1607 980/1635/1606 981/1637/1608
f 978/1636/1607 981/1637/1608 985/1638/1609
f 985/1638/1609 981/1637/1608 982/1639/1610
f 985/1638/1609 982/1639/1610 983/1640/1611
f 983/1640/1611 984/1641/1612 985/1638/1609
f 986/1642/1613 982/1643/1614 987/1644/1615
f 987/1644/1615 982/1643/1614 981/1645/1616
f 995/1646/1617 988/1647/1618 994/1648/1619
f 994/1648/1619 988/1647/1618 989/1649/1620
f 994/1648/1619 989/1649/1620 993/1650/1621
f 993/1650/1621 989/1649/1620 990/1651/1622
f 993/1650/1621 990/1651/1622 992/1652/1623
f 992/1652/1623 990/1651/1622 991/1653/1624
f 988/1654/1625 995/1655/1626 996/1656/1627
f 996/1656/1627 995/1655/1626 997/1657/1628
f 998/1658/1629 996/1659/1630 999/1660/1631
f 999/1660/1631 996/1659/1630 997/1661/1632
f 1000/1662/1633 1001/1663/1634 1005/1664/1635
f 1005/1664/1635 1001/1663/1634 1004/1665/1636
f 1004/1665/1636 1001/1663/1634 1002/1666/1637
f 1004/1665/1636 1002/1666/1637 1003/1667/1638
f 1003/1667/1638 1002/1666/1637 998/1668/1639
f 1003/1667/1638 998/1668/1639 999/1669/1640
f 1006/1670/1641 1000/1671/1642 1007/1672/1643
f 1007/1672/1643 1000/1671/1642 1005/1673/1644
f 1006/1674/1645 1007/1675/1646 991/1676/1647
f 991/1676/1647 1007/1675/1646 992/1677/1648
f 1008/1678/1649 1009/1679/1650 1011/1680/1651
f 1011/1680/1651 1009/1679/1650 1010/1681/1652
f 1012/1682/1653 1013/1683/1654 1017/1684/1655
f 1017/1684/1655 1013/1683/1654 1016/1685/1656
f 1016/1685/1656 1013/1683/1654 1014/1686/1657
f 1016/1685/1656 1014/1686/1657 1015/1687/1658
f 1015/1687/1658 1014/1686/1657 1008/1688/1659
f 1015/1687/1658 1008/1688/1659 1011/1689/1660
f 1018/1690/1661 1012/1691/1662 1019/1692/1663
f 1019/1692/1663 1012/1691/1662 1017/1693/1664
f 1018/1694/1665 1019/1695/1666 1020/1696/1667
f 1020/1696/1667 1019/1695/1666 1021/1697/1668
f 1027/1698/1669 1022/1699/1670 1026/1700/1671
f 1026/1700/1671 1022/1699/1670 1023/1701/1672
f 1026/1700/1671 1023/1701/1672 1025/1702/1673
f 1025/1702/1673 1023/1701/1672 1024/1703/1674
f 1025/1702/1673 1024/1703/1674 1021/1704/1675
f 1021/1704/1675 1024/1703/1674 1020/1705/1676
f 1022/1706/1677 1027/1707/1678 1009/1708/1679
f 1009/1708/1679 1027/1707/1678 1010/1709/1680
f 1059/1710/1681 1028/1711/1682 1092/1712/1683
f 1092/1712/1683 1028/1711/1682 1029/1713/1684
f 1092/1712/1683 1029/1713/1684 1093/1714/1685
f 1093/1714/1685 1029/1713/1684 1030/1715/1686
f 1093/1714/1685 1030/1715/1686 1094/1716/1687
f 1094/1716/1687 1030/1715/1686 1031/1717/1688
f 1094/1716/1687 1031/1717/1688 1095/1718/1689
f 1095/1718/1689 1031/1717/1688 1032/1719/1690
f 1095/1718/1689 1032/1719/1690 1033/1720/1691
f 1095/1718/1689 1033/1720/1691 1096/1721/1692
f 1096/1721/1692 1033/1720/1691 1034/1722/1693
f 1096/1721/1692 1034/1722/1693 1097/1723/1694
f 1097/1723/1694 1034/1722/1693 1035/1724/1695
f 1097/1723/1694 1035/1724/1695 1098/1725/1696
f 1098/1725/1696 1035/1724/1695 1036/1726/1697
f 1098/1725/1696 1036/1726/1697 1037/1727/1698
f 1098/1725/1696 1037/1727/1698 1099/1728/1699
f 1099/1728/1699 1037/1727/1698 1038/1729/1700
f 1099/1728/1699 1038/1729/1700 1100/1730/1701
f 1100/1730/1701 1038/1729/1700 1039/1731/1702
f 1100/1730/1701 1039/1731/1702 1101/1732/1703
f 1101/1732/1703 1039/1731/1702 1040/1733/1704
f 1101/1732/1703 1040/1733/1704 1041/1734/1705
f 1101/1732/1703 1041/1734/1705 1102/1735/1706
f 1102/1735/1706 1041/1734/1705 1042/1736/1707
f 1102/1735/1706 1042/1736/1707 1103/1737/1708
f 1103/1737/1708 1042/1736/1707 1043/1738/1709
f 1103/1737/1708 1043/1738/1709 1104/1739/1710
f 1104/1739/1710 1043/1738/1709 1044/1740/1711
f 1104/1739/1710 1044/1740/1711 1045/1741/1712
f 1104/1739/1710 1045/1741/1712 1105/1742/1713
f 1105/1742/1713 1045/1741/1712 1046/1743/1714
f 1105/1742/1713 1046/1743/1714 1106/1744/1715
f 1106/1744/1715 1046/1743/1714 1047/1745/1716
f 1106/1744/1715 1047/1745/1716 1107/1746/1717
f 1107/1746/1717 1047/1745/1716 1048/1747/1718
f 1107/1746/1717 1048/1747/1718 1049/1748/1719
f 1107/1746/1717 1049/1748/1719 1108/1749/1720
f 1108/1749/1720 1049/1748/1719 1050/1750/1721
f 1108/1749/1720 1050/1750/1721 1109/1751/1722
f 1109/1751/1722 1050/1750/1721 1051/1752/1723
f 1109/1751/1722 1051/1752/1723 1110/1753/1724
f 1110/1753/1724 1051/1752/1723 1052/1754/1725
f 1110/1755/1724 1052/1756/1725 1053/1757/1726
f 1110/1755/1724 1053/1757/1726 1111/1758/1727
f 1111/1758/1727 1053/1757/1726 1054/1759/1728
f 1111/1758/1727 1054/1759/1728 1112/1760/1729
f 1112/1760/1729 1054/1759/1728 1055/1761/1730
f 1112/1760/1729 1055/1761/1730 1113/1762/1731
f 1113/1762/1731 1055/1761/1730 1056/1763/1732
f 1113/1762/1731 1056/1763/1732 1057/1764/1733
f 1113/1762/1731 1057/1764/1733 1114/1765/1734
f 1114/1765/1734 1057/1764/1733 1058/1766/1735
f 1114/1765/1734 1058/1766/1735 1115/1767/1736
f 1115/1767/1736 1058/1766/1735 1059/1710/1681
f 1115/1767/1736 1059/1710/1681 1092/1712/1683
f 1091/1768/1737 1060/1769/1738 1092/1712/1683
f 1092/1712/1683 1060/1769/1738 1061/1770/1739
f 1092/1712/1683 1061/1770/1739 1115/1767/1736
f 1115/1767/1736 1061/1770/1739 1062/1771/1740
f 1115/1767/1736 1062/1771/1740 1114/1765/1734
f 1114/1765/1734 1062/1771/1740 1063/1772/1741
f 1114/1765/1734 1063/1772/1741 1113/1762/1731
f 1113/1762/1731 1063/1772/1741 1064/1773/1742
f 1113/1762/1731 1064/1773/1742 1065/1774/1743
f 1113/1762/1731 1065/1774/1743 1112/1760/1729
f 1112/1760/1729 1065/1774/1743 1066/1775/1744
f 1112/1760/1729 1066/1775/1744 1111/1758/1727
f 1111/1758/1727 1066/1775/1744 1067/1776/1745
f 1111/1758/1727 1067/1776/1745 1110/1755/1724
f 1110/1753/1724 1067/1777/1745 1068/1778/1746
f 1110/1753/1724 1068/1778/1746 1069/1779/1747
f 1110/1753/1724 1069/1779/1747 1109/1751/1722
f 1109/1751/1722 1069/1779/1747 1070/1780/1748
f 1109/1751/1722 1070/1780/1748 1108/1749/1720
f 1108/1749/1720 1070/1780/1748 1071/1781/1749
f 1108/1749/1720 1071/1781/1749 1107/1746/1717
f 1107/1746/1717 1071/1781/1749 1072/1782/1750
f 1107/1746/1717 1072/1782/1750 1073/1783/1751
f 1107/1746/1717 1073/1783/1751 1106/1744/1715
f 1106/1744/1715 1073/1783/1751 1074/1784/1752
f 1106/1744/1715 1074/1784/1752 1105/1742/1713
f 1105/1742/1713 1074/1784/1752 1075/1785/1753
f 1105/1742/1713 1075/1785/1753 1104/1739/1710
f 1104/1739/1710 1075/1785/1753 1076/1786/1754
f 1104/1739/1710 1076/1786/1754 1077/1787/1755
f 1104/1739/1710 1077/1787/1755 1103/1737/1708
f 1103/1737/1708 1077/1787/1755 1078/1788/1756
f 1103/1737/1708 1078/1788/1756 1102/1735/1706
f 1102/1735/1706 1078/1788/1756 1079/1789/1757
f 1102/1735/1706 1079/1789/1757 1101/1732/1703
f 1101/1732/1703 1079/1789/1757 1080/1790/1758
f 1101/1732/1703 1080/1790/1758 1081/1791/1759
f 1101/1732/1703 1081/1791/1759 1100/1730/1701
f 1100/1730/1701 1081/1791/1759 1082/1792/1760
f 1100/1730/1701 1082/1792/1760 1099/1728/1699
f 1099/1728/1699 1082/1792/1760 1083/1793/1761
f 1099/1728/1699 1083/1793/1761 1098/1725/1696
f 1098/1725/1696 1083/1793/1761 1084/1794/1762
f 1098/1725/1696 1084/1794/1762 1085/1795/1763
f 1098/1725/1696 1085/1795/1763 1097/1723/1694
f 1097/1723/1694 1085/1795/1763 1086/1796/1764
f 1097/1723/1694 1086/1796/1764 1096/1721/1692
f 1096/1721/1692 1086/1796/1764 1087/1797/1765
f 1096/1721/1692 1087/1797/1765 1095/1718/1689
f 1095/1718/1689 1087/1797/1765 1088/1798/1766
f 1095/1718/1689 1088/1798/1766 1089/1799/1767
f 1095/1718/1689 1089/1799/1767 1094/1716/1687
f 1094/1716/1687 1089/1799/1767 1090/1800/1768
f 1094/1716/1687 1090/1800/1768 1093/1714/1685
f 1093/1714/1685 1090/1800/1768 1091/1768/1737
f 1093/1714/1685 1091/1768/1737 1092/1712/1683
f 1147/1801/1769 1116/1802/1770 1180/1803/1771
f 1180/1803/1771 1116/1802/1770 1117/1804/1772
f 1180/1803/1771 1117/1804/1772 1181/1805/1773
f 1181/1805/1773 1117/1804/1772 1118/1806/1774
f 1181/1805/1773 1118/1806/1774 1182/1807/1775
f 1182/1807/1775 1118/1806/1774 1119/1808/1776
f 1182/1807/1775 1119/1808/1776 1183/1809/1777
f 1183/1809/1777 1119/1808/1776 1120/1810/1778
f 1183/1809/1777 1120/1810/1778 1121/1811/1779
f 1183/1809/1777 1121/1811/1779 1184/1812/1780
f 1184/1812/1780 1121/1811/1779 1122/1813/1781
f 1184/1812/1780 1122/1813/1781 1185/1814/1782
f 1185/1814/1782 1122/1813/1781 1123/1815/1783
f 1185/1814/1782 1123/1815/1783 1186/1816/1784
f 1186/1816/1784 1123/1815/1783 1124/1817/1785
f 1186/1816/1784 1124/1817/1785 1125/1818/1786
f 1186/1816/1784 1125/1818/1786 1187/1819/1787
f 1187/1819/1787 1125/1818/1786 1126/1820/1788
f 1187/1819/1787 1126/1820/1788 1188/1821/1789
f 1188/1821/1789 1126/1820/1788 1127/1822/1790
f 1188/1821/1789 1127/1822/1790 1189/1823/1791
f 1189/1823/1791 1127/1822/1790 1128/1824/1792
f 1189/1823/1791 1128/1824/1792 1129/1825/1793
f 1189/1823/1791 1129/1825/1793 1190/1826/1794
f 1190/1826/1794 1129/1825/1793 1130/1827/1795
f 1190/1826/1794 1130/1827/1795 1191/1828/1796
f 1191/1828/1796 1130/1827/1795 1131/1829/1797
f 1191/1828/1796 1131/1829/1797 1192/1830/1798
f 1192/1830/1798 1131/1829/1797 1132/1831/1799
f 1192/1830/1798 1132/1831/1799 1133/1832/1800
f 1192/1830/1798 1133/1832/1800 1193/1833/1801
f 1193/1833/1801 1133/1832/1800 1134/1834/1802
f 1193/1833/1801 1134/1834/1802 1194/1835/1803
f 1194/1835/1803 1134/1834/1802 1135/1836/1804
f 1194/1835/1803 1135/1836/1804 1195/1837/1805
f 1195/1837/1805 1135/1836/1804 1136/1838/1806
f 1195/1837/1805 1136/1838/1806 1137/1839/1807
f 1195/1837/1805 1137/1839/1807 1196/1840/1808
f 1196/1840/1808 1137/1839/1807 1138/1841/1809
f 1196/1840/1808 1138/1841/1809 1197/1842/1810
f 1197/1842/1810 1138/1841/1809 1139/1843/1811
f 1197/1842/1810 1139/1843/1811 1198/1844/1812
f 1198/1845/1812 1139/1846/1811 1140/1847/1813
f 1198/1845/1812 1140/1847/1813 1141/1848/1814
f 1198/1845/1812 1141/1848/1814 1199/1849/1815
f 1199/1849/1815 1141/1848/1814 1142/1850/1816
f 1199/1849/1815 1142/1850/1816 1200/1851/1817
f 1200/1851/1817 1142/1850/1816 1143/1852/1818
f 1200/1851/1817 1143/1852/1818 1201/1853/1819
f 1201/1853/1819 1143/1852/1818 1144/1854/1820
f 1201/1853/1819 1144/1854/1820 1145/1855/1821
f 1201/1853/1819 1145/1855/1821 1202/1856/1822
f 1202/1856/1822 1145/1855/1821 1146/1857/1823
f 1202/1856/1822 1146/1857/1823 1203/1858/1824
f 1203/1858/1824 1146/1857/1823 1147/1801/1769
f 1203/1858/1824 1147/1801/1769 1180/1803/1771
f 1179/1859/1825 1148/1860/1826 1180/1803/1771
f 1180/1803/1771 1148/1860/1826 1149/1861/1827
f 1180/1803/1771 1149/1861/1827 1203/1858/1824
f 1203/1858/1824 1149/1861/1827 1150/1862/1828
f 1203/1858/1824 1150/1862/1828 1202/1856/1822
f 1202/1856/1822 1150/1862/1828 1151/1863/1829
f 1202/1856/1822 1151/1863/1829 1201/1853/1819
f 1201/1853/1819 1151/1863/1829 1152/1864/1830
f 1201/1853/1819 1152/1864/1830 1153/1865/1831
f 1201/1853/1819 1153/1865/1831 1200/1851/1817
f 1200/1851/1817 1153/1865/1831 1154/1866/1832
f 1200/1851/1817 1154/1866/1832 1199/1849/1815
f 1199/1849/1815 1154/1866/1832 1155/1867/1833
f 1199/1849/1815 1155/1867/1833 1198/1845/1812
f 1198/1845/1812 1155/1867/1833 1156/1868/1834
f 1198/1844/1812 1156/1869/1834 1157/1870/1835
f 1198/1844/1812 1157/1870/1835 1197/1842/1810
f 1197/1842/1810 1157/1870/1835 1158/1871/1836
f 1197/1842/1810 1158/1871/1836 1196/1840/1808
f 1196/1840/1808 1158/1871/1836 1159/1872/1837
f 1196/1840/1808 1159/1872/1837 1195/1837/1805
f 1195/1837/1805 1159/1872/1837 1160/1873/1838
f 1195/1837/1805 1160/1873/1838 1161/1874/1839
f 1195/1837/1805 1161/1874/1839 1194/1835/1803
f 1194/1835/1803 1161/1874/1839 1162/1875/1840
f 1194/1835/1803 1162/1875/1840 1193/1833/1801
f 1193/1833/1801 1162/1875/1840 1163/1876/1841
f 1193/1833/1801 1163/1876/1841 1192/1830/1798
f 1192/1830/1798 1163/1876/1841 1164/1877/1842
f 1192/1830/1798 1164/1877/1842 1165/1878/1843
f 1192/1830/1798 1165/1878/1843 1191/1828/1796
f 1191/1828/1796 1165/1878/1843 1166/1879/1844
f 1191/1828/1796 1166/1879/1844 1190/1826/1794
f 1190/1826/1794 1166/1879/1844 1167/1880/1845
f 1190/1826/1794 1167/1880/1845 1189/1823/1791
f 1189/1823/1791 1167/1880/1845 1168/1881/1846
f 1189/1823/1791 1168/1881/1846 1169/1882/1847
f 1189/1823/1791 1169/1882/1847 1188/1821/1789
f 1188/1821/1789 1169/1882/1847 1170/1883/1848
f 1188/1821/1789 1170/1883/1848 1187/1819/1787
f 1187/1819/1787 1170/1883/1848 1171/1884/1849
f 1187/1819/1787 1171/1884/1849 1186/1816/1784
f 1186/1816/1784 1171/1884/1849 1172/1885/1850
f 1186/1816/1784 1172/1885/1850 1173/1886/1851
f 1186/1816/1784 1173/1886/1851 1185/1814/1782
f 1185/1814/1782 1173/1886/1851 1174/1887/1852
f 1185/1814/1782 1174/1887/1852 1184/1812/1780
f 1184/1812/1780 1174/1887/1852 1175/1888/1853
f 1184/1812/1780 1175/1888/1853 1183/1809/1777
f 1183/1809/1777 1175/1888/1853 1176/1889/1854
f 1183/1809/1777 1176/1889/1854 1177/1890/1855
f 1183/1809/1777 1177/1890/1855 1182/1807/1775
f 1182/1807/1775 1177/1890/1855 1178/1891/1856
f 1182/1807/1775 1178/1891/1856 1181/1805/1773
f 1181/1805/1773 1178/1891/1856 1179/1859/1825
f 1181/1805/1773 1179/1859/1825 1180/1803/1771
f 1204/1892/1857 1205/1893/1858 1207/1894/1859
f 1207/1894/1859 1205/1893/1858 1206/1895/1860
f 1208/1896/1861 1204/1897/1862 1209/1898/1863
f 1209/1898/1863 1204/1897/1862 1207/1899/1864
f 1205/1900/1865 1208/1901/1866 1206/1902/1867
f 1206/1902/1867 1208/1901/1866 1209/1903/1868
f 1210/1904/1869 1211/1905/1870 1213/1906/1871
f 1213/1906/1871 1211/1905/1870 1212/1907/1872
f 1214/1908/1873 1210/1909/1874 1215/1910/1875
f 1215/1910/1875 1210/1909/1874 1213/1911/1876
f 1211/1912/1877 1214/1913/1878 1212/1914/1879
f 1212/1914/1879 1214/1913/1878 1215/1915/1880
f 1217/1916/1881 1218/1917/1882 1216/1918/1883
f 1216/1918/1883 1218/1917/1882 1219/1919/1884
f 1216/1918/1883 1219/1919/1884 1223/1920/1885
f 1223/1920/1885 1219/1919/1884 1220/1921/1886
f 1223/1920/1885 1220/1921/1886 1221/1922/1887
f 1221/1922/1887 1222/1923/1888 1223/1920/1885
f 1224/1924/1889 1220/1925/1890 1225/1926/1891
f 1225/1926/1891 1220/1925/1890 1219/1927/1892
f 1226/1928/1893 1227/1929/1894 1229/1930/1895
f 1229/1930/1895 1227/1929/1894 1228/1931/1896
f 1230/1932/1897 1226/1933/1898 1231/1934/1899
f 1231/1934/1899 1226/1933/1898 1229/1935/1900
f 1227/1936/1901 1230/1937/1902 1228/1938/1903
f 1228/1938/1903 1230/1937/1902 1231/1939/1904
f 1233/1940/1905 1234/1941/1906 1232/1942/1907
f 1232/1942/1907 1234/1941/1906 1239/1943/1908
f 1239/1943/1908 1234/1941/1906 1235/1944/1909
f 1239/1943/1908 1235/1944/1909 1238/1945/1910
f 1238/1945/1910 1235/1944/1909 1236/1946/1911
f 1238/1945/1910 1236/1946/1911 1237/1947/1912
f 1237/1947/1912 1236/1946/1911 692/1948/1913
f 692/1948/1913 1236/1946/1911 693/1949/1914
f 1240/1950/1915 1241/1951/1916 1250/1952/1917
f 1250/1952/1917 1241/1951/1916 1257/1953/1918
f 1250/1952/1917 1257/1953/1918 1249/1954/1919
f 1249/1954/1919 1257/1953/1918 1264/1955/1920
f 1249/1954/1919 1264/1955/1920 1248/1956/1921
f 1248/1956/1921 1264/1955/1920 1271/1957/1922
f 1248/1956/1921 1271/1957/1922 702/1958/1923
f 702/1958/1923 1271/1957/1922 703/1959/1924
f 703/1959/1924 1271/1957/1922 1270/1960/1925
f 703/1959/1924 1270/1960/1925 704/1961/1926
f 704/1961/1926 1270/1960/1925 1269/1962/1927
f 704/1961/1926 1269/1962/1927 705/1963/1928
f 705/1963/1928 1269/1962/1927 706/1964/1929
f 706/1964/1929 1269/1962/1927 1268/1965/1930
f 706/1964/1929 1268/1965/1930 1267/1966/1931
f 1267/1966/1931 1268/1965/1930 1260/1967/1932
f 1267/1966/1931 1260/1967/1932 1259/1968/1933
f 1259/1968/1933 1260/1967/1932 1252/1969/1934
f 1259/1968/1933 1252/1969/1934 1251/1970/1935
f 1251/1970/1935 1252/1969/1934 1232/1971/1936
f 1251/1970/1935 1232/1971/1936 1239/1972/1937
f 1241/1951/1916 1242/1973/1938 1257/1953/1918
f 1257/1953/1918 1242/1973/1938 1243/1974/1939
f 1257/1953/1918 1243/1974/1939 1256/1975/1940
f 1256/1975/1940 1243/1974/1939 1244/1976/1941
f 1256/1975/1940 1244/1976/1941 1255/1977/1942
f 1255/1977/1942 1244/1976/1941 1245/1978/1943
f 1255/1977/1942 1245/1978/1943 1254/1979/1944
f 1254/1979/1944 1245/1978/1943 1246/1980/1945
f 1254/1979/1944 1246/1980/1945 1253/1981/1946
f 1253/1981/1946 1246/1980/1945 1247/1982/1947
f 1253/1981/1946 1247/1982/1947 1252/1969/1934
f 1252/1969/1934 1247/1982/1947 1232/1971/1936
f 1251/1970/1935 1239/1972/1937 1258/1983/1948
f 1258/1983/1948 1239/1972/1937 1238/1984/1949
f 1258/1983/1948 1238/1984/1949 1265/1985/1950
f 1265/1985/1950 1238/1984/1949 1237/1986/1951
f 1265/1985/1950 1237/1986/1951 709/1987/1952
f 709/1987/1952 1237/1986/1951 692/1988/1953
f 709/1987/1952 708/1989/1954 1265/1985/1950
f 1265/1985/1950 708/1989/1954 1266/1990/1955
f 1265/1985/1950 1266/1990/1955 1258/1983/1948
f 1258/1983/1948 1266/1990/1955 1259/1968/1933
f 1258/1983/1948 1259/1968/1933 1251/1970/1935
f 708/1989/1954 707/1991/1956 1266/1990/1955
f 1266/1990/1955 707/1991/1956 1267/1966/1931
f 1266/1990/1955 1267/1966/1931 1259/1968/1933
f 707/1991/1956 706/1964/1929 1267/1966/1931
f 1252/1969/1934 1260/1967/1932 1253/1981/1946
f 1253/1981/1946 1260/1967/1932 1261/1992/1957
f 1253/1981/1946 1261/1992/1957 1254/1979/1944
f 1254/1979/1944 1261/1992/1957 1262/1993/1958
f 1254/1979/1944 1262/1993/1958 1255/1977/1942
f 1255/1977/1942 1262/1993/1958 1263/1994/1959
f 1255/1977/1942 1263/1994/1959 1256/1975/1940
f 1256/1975/1940 1263/1994/1959 1264/1955/1920
f 1256/1975/1940 1264/1955/1920 1257/1953/1918
f 1260/1967/1932 1268/1965/1930 1261/1992/1957
f 1261/1992/1957 1268/1965/1930 1269/1962/1927
f 1261/1992/1957 1269/1962/1927 1262/1993/1958
f 1262/1993/1958 1269/1962/1927 1270/1960/1925
f 1262/1993/1958 1270/1960/1925 1263/1994/1959
f 1263/1994/1959 1270/1960/1925 1271/1957/1922
f 1263/1994/1959 1271/1957/1922 1264/1955/1920
f 1272/1995/1960 1273/1996/1961 664/1997/1244
f 664/1997/1244 1273/1996/1961 1274/1998/1962
f 664/1997/1244 1274/1998/1962 665/1999/1246
f 665/1999/1246 1274/1998/1962 1288/2000/1963
f 665/1999/1246 1288/2000/1963 666/2001/1248
f 666/2001/1248 1288/2000/1963 1287/2002/1964
f 666/2001/1248 1287/2002/1964 667/2003/1250
f 667/2003/1250 1287/2002/1964 1290/2004/1965
f 667/2003/1250 1290/2004/1965 1293/2005/1966
f 1293/2005/1966 1290/2004/1965 1289/2006/1967
f 1293/2005/1966 1289/2006/1967 1292/2007/1968
f 1292/2007/1968 1289/2006/1967 1277/2008/1969
f 1292/2007/1968 1277/2008/1969 1291/2009/1970
f 1291/2009/1970 1277/2008/1969 1278/2010/1971
f 1291/2009/1970 1278/2010/1971 1295/2011/1972
f 1295/2011/1972 1278/2010/1971 1294/2012/1973
f 1295/2011/1972 1294/2012/1973 1299/2013/1974
f 1299/2013/1974 1294/2012/1973 1298/2014/1975
f 1299/2013/1974 1298/2014/1975 1306/2015/1976
f 1306/2015/1976 1298/2014/1975 1307/2016/1977
f 1306/2015/1976 1307/2016/1977 1302/2017/1978
f 1302/2017/1978 1307/2016/1977 1301/2018/1979
f 1302/2017/1978 1301/2018/1979 1282/2019/1980
f 1282/2019/1980 1301/2018/1979 1281/2020/1981
f 1281/2020/1981 1301/2018/1979 1280/2021/1982
f 1280/2021/1982 1301/2018/1979 620/2022/1983
f 1280/2021/1982 620/2022/1983 619/2023/1984
f 1274/1998/1962 1275/2024/1985 1288/2000/1963
f 1288/2000/1963 1275/2024/1985 1287/2002/1964
f 1275/2024/1985 1276/2025/1986 1287/2002/1964
f 1287/2002/1964 1276/2025/1986 1290/2004/1965
f 1290/2004/1965 1276/2025/1986 1289/2006/1967
f 1289/2006/1967 1276/2025/1986 1277/2008/1969
f 1278/2010/1971 1279/2026/1987 1294/2012/1973
f 1294/2012/1973 1279/2026/1987 1298/2014/1975
f 1298/2014/1975 1279/2026/1987 1285/2027/1988
f 1285/2027/1988 1279/2026/1987 622/2028/1989
f 1285/2027/1988 622/2028/1989 621/2029/1990
f 620/2022/1983 1301/2018/1979 621/2029/1990
f 621/2029/1990 1301/2018/1979 1307/2016/1977
f 621/2029/1990 1307/2016/1977 1285/2027/1988
f 1285/2027/1988 1307/2016/1977 1298/2014/1975
f 1282/2019/1980 1283/2030/1991 1302/2017/1978
f 1302/2017/1978 1283/2030/1991 1303/2031/1992
f 1302/2017/1978 1303/2031/1992 1306/2015/1976
f 1306/2015/1976 1303/2031/1992 1305/2032/1993
f 1306/2015/1976 1305/2032/1993 1299/2013/1974
f 1299/2013/1974 1305/2032/1993 1300/2033/1994
f 1299/2013/1974 1300/2033/1994 1295/2011/1972
f 1295/2011/1972 1300/2033/1994 1296/2034/1995
f 1295/2011/1972 1296/2034/1995 1291/2009/1970
f 1291/2009/1970 1296/2034/1995 1292/2007/1968
f 1283/2030/1991 1284/2035/1996 1303/2031/1992
f 1303/2031/1992 1284/2035/1996 1305/2032/1993
f 1305/2032/1993 1284/2035/1996 1304/2036/1997
f 1304/2036/1997 1284/2035/1996 670/2037/1257
f 1304/2036/1997 670/2037/1257 1286/2038/1998
f 1286/2038/1998 670/2037/1257 669/2039/1255
f 1286/2038/1998 669/2039/1255 1297/2040/1999
f 1297/2040/1999 669/2039/1255 668/2041/1252
f 1297/2040/1999 668/2041/1252 1293/2005/1966
f 1293/2005/1966 668/2041/1252 667/2003/1250
f 1297/2040/1999 1293/2005/1966 1292/2007/1968
f 1297/2040/1999 1292/2007/1968 1296/2034/1995
f 1286/2038/1998 1297/2040/1999 1296/2034/1995
f 1286/2038/1998 1296/2034/1995 1300/2033/1994
f 1304/2036/1997 1286/2038/1998 1300/2033/1994
f 1304/2036/1997 1300/2033/1994 1305/2032/1993
f 1308/2042/2000 1309/2043/2001 718/2044/1306
f 718/2044/1306 1309/2043/2001 1323/2045/2002
f 718/2044/1306 1323/2045/2002 719/2046/2003
f 719/2046/2003 1323/2045/2002 1322/2047/2004
f 719/2046/2003 1322/2047/2004 720/2048/2005
f 720/2048/2005 1322/2047/2004 1321/2049/2006
f 720/2048/2005 1321/2049/2006 721/2050/1301
f 721/2050/1301 1321/2049/2006 1320/2051/2007
f 721/2050/1301 1320/2051/2007 722/2052/2008
f 722/2052/2008 1320/2051/2007 1319/2053/2009
f 722/2052/2008 1319/2053/2009 1318/2054/2010
f 1318/2054/2010 1319/2053/2009 1314/2055/2011
f 1318/2054/2010 1314/2055/2011 1315/2056/2012
f 1309/2043/2001 1310/2057/2013 1323/2045/2002
f 1323/2045/2002 1310/2057/2013 1322/2047/2004
f 1310/2057/2013 1311/2058/2014 1322/2047/2004
f 1322/2047/2004 1311/2058/2014 1321/2049/2006
f 1311/2058/2014 1312/2059/2015 1321/2049/2006
f 1321/2049/2006 1312/2059/2015 1320/2051/2007
f 1312/2059/2015 1313/2060/2016 1320/2051/2007
f 1320/2051/2007 1313/2060/2016 1319/2053/2009
f 1313/2060/2016 1314/2055/2011 1319/2053/2009
f 1318/2054/2010 1315/2056/2012 1317/2061/2017
f 1317/2061/2017 1315/2056/2012 1316/2062/2018
f 1317/2061/2017 1316/2062/2018 1272/2063/2019
f 1272/2063/2019 664/2064/1244 1317/2061/2017
f 1317/2061/2017 664/2064/1244 723/2065/2020
f 1317/2061/2017 723/2065/2020 1318/2054/2010
f 1318/2054/2010 723/2065/2020 722/2052/2008
f 1324/2066/2021 1325/2067/2022 1337/2068/2023
f 1337/2068/2023 1325/2067/2022 1330/2069/2024
f 1337/2068/2023 1330/2069/2024 1331/2070/2025
f 1326/2071/2026 1327/2072/2027 1325/2067/2022
f 1325/2067/2022 1327/2072/2027 1328/2073/2028
f 1325/2067/2022 1328/2073/2028 1329/2074/2029
f 1329/2074/2029 1330/2069/2024 1325/2067/2022
f 1331/2070/2025 1332/2075/2030 1337/2068/2023
f 1337/2068/2023 1332/2075/2030 1336/2076/2031
f 1336/2076/2031 1332/2075/2030 1333/2077/2032
f 1336/2076/2031 1333/2077/2032 1334/2078/2033
f 1334/2078/2033 1335/2079/2034 1336/2076/2031
f 1336/2076/2031 1335/2079/2034 718/2080/1306
f 1336/2076/2031 718/2080/1306 717/2081/1328
f 1335/2079/2034 1308/2082/2035 718/2080/1306
f 1338/2083/2036 1350/2084/2037 1324/2085/2021
f 1324/2085/2021 1350/2084/2037 1351/2086/2038
f 1324/2085/2021 1351/2086/2038 1352/2087/2039
f 1352/2087/2039 1351/2086/2038 1356/2088/2040
f 1352/2087/2039 1356/2088/2040 1357/2089/2041
f 1357/2089/2041 1356/2088/2040 1361/2090/2042
f 1357/2089/2041 1361/2090/2042 1347/2091/2043
f 1347/2091/2043 1361/2090/2042 1346/2092/2044
f 1346/2092/2044 1361/2090/2042 1365/2093/2045
f 1346/2092/2044 1365/2093/2045 1345/2094/2046
f 1345/2094/2046 1365/2093/2045 1369/2095/2047
f 1345/2094/2046 1369/2095/2047 1232/2096/2048
f 1232/2096/2048 1369/2095/2047 1368/2097/2049
f 1232/2096/2048 1368/2097/2049 1367/2098/2050
f 1367/2098/2050 1368/2097/2049 1363/2099/2051
f 1367/2098/2050 1363/2099/2051 1362/2100/2052
f 1362/2100/2052 1363/2099/2051 1358/2101/2053
f 1362/2100/2052 1358/2101/2053 1342/2102/2054
f 1342/2102/2054 1358/2101/2053 1341/2103/2055
f 1341/2103/2055 1358/2101/2053 1340/2104/2056
f 1340/2104/2056 1358/2101/2053 1354/2105/2057
f 1340/2104/2056 1354/2105/2057 1339/2106/2058
f 1339/2106/2058 1354/2105/2057 1350/2084/2037
f 1339/2106/2058 1350/2084/2037 1338/2083/2036
f 1342/2102/2054 1343/2107/2059 1362/2100/2052
f 1362/2100/2052 1343/2107/2059 1366/2108/2060
f 1362/2100/2052 1366/2108/2060 1367/2098/2050
f 1367/2098/2050 1366/2108/2060 1344/2109/2061
f 1367/2098/2050 1344/2109/2061 1232/2096/2048
f 1232/2096/2048 1344/2109/2061 1233/2110/1905
f 1343/2107/2059 1344/2109/2061 1366/2108/2060
f 1347/2091/2043 1348/2111/2062 1357/2089/2041
f 1357/2089/2041 1348/2111/2062 1353/2112/2063
f 1357/2089/2041 1353/2112/2063 1352/2087/2039
f 1352/2087/2039 1353/2112/2063 1325/2113/2022
f 1352/2087/2039 1325/2113/2022 1324/2085/2021
f 1348/2111/2062 1349/2114/2064 1353/2112/2063
f 1353/2112/2063 1349/2114/2064 1325/2113/2022
f 1351/2086/2038 1350/2084/2037 1355/2115/2065
f 1355/2115/2065 1350/2084/2037 1354/2105/2057
f 1355/2115/2065 1354/2105/2057 1359/2116/2066
f 1359/2116/2066 1354/2105/2057 1358/2101/2053
f 1359/2116/2066 1358/2101/2053 1363/2099/2051
f 1351/2086/2038 1355/2115/2065 1356/2088/2040
f 1356/2088/2040 1355/2115/2065 1360/2117/2067
f 1356/2088/2040 1360/2117/2067 1361/2090/2042
f 1361/2090/2042 1360/2117/2067 1365/2093/2045
f 1360/2117/2067 1355/2115/2065 1359/2116/2066
f 1360/2117/2067 1359/2116/2066 1364/2118/2068
f 1364/2118/2068 1359/2116/2066 1363/2099/2051
f 1364/2118/2068 1363/2099/2051 1368/2097/2049
f 1369/2095/2047 1365/2093/2045 1364/2118/2068
f 1364/2118/2068 1365/2093/2045 1360/2117/2067
f 1369/2095/2047 1364/2118/2068 1368/2097/2049
f 1326/2119/2026 1325/2120/2022 1381/2121/2069
f 1381/2121/2069 1325/2120/2022 1349/2122/2070
f 1381/2121/2069 1349/2122/2070 1380/2123/2071
f 1380/2123/2071 1349/2122/2070 1348/2124/2072
f 1380/2123/2071 1348/2124/2072 1379/2125/2073
f 1379/2125/2073 1348/2124/2072 1347/2126/2074
f 1379/2125/2073 1347/2126/2074 1378/2127/2075
f 1378/2127/2075 1347/2126/2074 1346/2128/2076
f 1378/2127/2075 1346/2128/2076 1377/2129/2077
f 1377/2129/2077 1346/2128/2076 1376/2130/2078
f 1377/2129/2077 1376/2130/2078 1384/2131/2079
f 1384/2131/2079 1376/2130/2078 1383/2132/2080
f 1384/2131/2079 1383/2132/2080 1391/2133/2081
f 1391/2133/2081 1383/2132/2080 1390/2134/2082
f 1391/2133/2081 1390/2134/2082 1398/2135/2083
f 1398/2135/2083 1390/2134/2082 1397/2136/2084
f 1398/2135/2083 1397/2136/2084 1405/2137/2085
f 1405/2137/2085 1397/2136/2084 1404/2138/2086
f 1405/2137/2085 1404/2138/2086 1412/2139/2087
f 1412/2139/2087 1404/2138/2086 1411/2140/2088
f 1412/2139/2087 1411/2140/2088 1419/2141/2089
f 1419/2141/2089 1411/2140/2088 1418/2142/2090
f 1419/2141/2089 1418/2142/2090 1371/2143/2091
f 1371/2143/2091 1418/2142/2090 1370/2144/2092
f 1370/2144/2092 1418/2142/2090 1417/2145/2093
f 1370/2144/2092 1417/2145/2093 1240/2146/2094
f 1240/2146/2094 1417/2145/2093 1241/2147/2095
f 1241/2147/2095 1417/2145/2093 1242/2148/2096
f 1242/2148/2096 1417/2145/2093 1410/2149/2097
f 1242/2148/2096 1410/2149/2097 1243/2150/2098
f 1243/2150/2098 1410/2149/2097 1403/2151/2099
f 1243/2150/2098 1403/2151/2099 1244/2152/2100
f 1244/2152/2100 1403/2151/2099 1396/2153/2101
f 1244/2152/2100 1396/2153/2101 1245/2154/2102
f 1245/2154/2102 1396/2153/2101 1389/2155/2103
f 1245/2154/2102 1389/2155/2103 1246/2156/2104
f 1246/2156/2104 1389/2155/2103 1382/2157/2105
f 1246/2156/2104 1382/2157/2105 1247/2158/2106
f 1247/2158/2106 1382/2157/2105 1375/2159/2107
f 1247/2158/2106 1375/2159/2107 1232/2160/1907
f 1232/2160/1907 1375/2159/2107 1345/2161/2108
f 1345/2161/2108 1375/2159/2107 1376/2130/2078
f 1345/2161/2108 1376/2130/2078 1346/2128/2076
f 1419/2141/2089 1371/2143/2091 1420/2162/2109
f 1420/2162/2109 1371/2143/2091 1372/2163/2110
f 1420/2162/2109 1372/2163/2110 1421/2164/2111
f 1421/2164/2111 1372/2163/2110 1373/2165/2112
f 1421/2164/2111 1373/2165/2112 1422/2166/2113
f 1422/2166/2113 1373/2165/2112 1374/2167/2114
f 1422/2166/2113 1374/2167/2114 1423/2168/2115
f 1423/2168/2115 1374/2167/2114 1333/2169/2032
f 1423/2168/2115 1333/2169/2032 1332/2170/2030
f 1423/2168/2115 1332/2170/2030 1416/2171/2116
f 1416/2171/2116 1332/2170/2030 1331/2172/2025
f 1416/2171/2116 1331/2172/2025 1409/2173/2117
f 1409/2173/2117 1331/2172/2025 1330/2174/2024
f 1409/2173/2117 1330/2174/2024 1402/2175/2118
f 1402/2175/2118 1330/2174/2024 1329/2176/2029
f 1402/2175/2118 1329/2176/2029 1395/2177/2119
f 1395/2177/2119 1329/2176/2029 1328/2178/2028
f 1395/2177/2119 1328/2178/2028 1388/2179/2120
f 1388/2179/2120 1328/2178/2028 1327/2180/2027
f 1388/2179/2120 1327/2180/2027 1381/2121/2069
f 1381/2121/2069 1327/2180/2027 1326/2119/2026
f 1383/2132/2080 1376/2130/2078 1375/2159/2107
f 1383/2132/2080 1375/2159/2107 1382/2157/2105
f 1378/2127/2075 1377/2129/2077 1385/2181/2121
f 1385/2181/2121 1377/2129/2077 1384/2131/2079
f 1385/2181/2121 1384/2131/2079 1392/2182/2122
f 1392/2182/2122 1384/2131/2079 1391/2133/2081
f 1392/2182/2122 1391/2133/2081 1399/2183/2123
f 1399/2183/2123 1391/2133/2081 1398/2135/2083
f 1399/2183/2123 1398/2135/2083 1406/2184/2124
f 1406/2184/2124 1398/2135/2083 1405/2137/2085
f 1406/2184/2124 1405/2137/2085 1413/2185/2125
f 1413/2185/2125 1405/2137/2085 1412/2139/2087
f 1413/2185/2125 1412/2139/2087 1420/2162/2109
f 1420/2162/2109 1412/2139/2087 1419/2141/2089
f 1379/2125/2073 1378/2127/2075 1386/2186/2126
f 1386/2186/2126 1378/2127/2075 1385/2181/2121
f 1386/2186/2126 1385/2181/2121 1393/2187/2127
f 1393/2187/2127 1385/2181/2121 1392/2182/2122
f 1393/2187/2127 1392/2182/2122 1400/2188/2128
f 1400/2188/2128 1392/2182/2122 1399/2183/2123
f 1400/2188/2128 1399/2183/2123 1407/2189/2129
f 1407/2189/2129 1399/2183/2123 1406/2184/2124
f 1407/2189/2129 1406/2184/2124 1414/2190/2130
f 1414/2190/2130 1406/2184/2124 1413/2185/2125
f 1414/2190/2130 1413/2185/2125 1421/2164/2111
f 1421/2164/2111 1413/2185/2125 1420/2162/2109
f 1388/2179/2120 1381/2121/2069 1380/2123/2071
f 1380/2123/2071 1379/2125/2073 1387/2191/2131
f 1387/2191/2131 1379/2125/2073 1386/2186/2126
f 1387/2191/2131 1386/2186/2126 1394/2192/2132
f 1394/2192/2132 1386/2186/2126 1393/2187/2127
f 1394/2192/2132 1393/2187/2127 1401/2193/2133
f 1401/2193/2133 1393/2187/2127 1400/2188/2128
f 1401/2193/2133 1400/2188/2128 1408/2194/2134
f 1408/2194/2134 1400/2188/2128 1407/2189/2129
f 1408/2194/2134 1407/2189/2129 1415/2195/2135
f 1415/2195/2135 1407/2189/2129 1414/2190/2130
f 1415/2195/2135 1414/2190/2130 1422/2166/2113
f 1422/2166/2113 1414/2190/2130 1421/2164/2111
f 1390/2134/2082 1383/2132/2080 1382/2157/2105
f 1390/2134/2082 1382/2157/2105 1389/2155/2103
f 1395/2177/2119 1388/2179/2120 1387/2191/2131
f 1387/2191/2131 1388/2179/2120 1380/2123/2071
f 1395/2177/2119 1387/2191/2131 1394/2192/2132
f 1397/2136/2084 1390/2134/2082 1389/2155/2103
f 1397/2136/2084 1389/2155/2103 1396/2153/2101
f 1402/2175/2118 1395/2177/2119 1394/2192/2132
f 1402/2175/2118 1394/2192/2132 1401/2193/2133
f 1404/2138/2086 1397/2136/2084 1396/2153/2101
f 1404/2138/2086 1396/2153/2101 1403/2151/2099
f 1409/2173/2117 1402/2175/2118 1401/2193/2133
f 1409/2173/2117 1401/2193/2133 1408/2194/2134
f 1411/2140/2088 1404/2138/2086 1403/2151/2099
f 1411/2140/2088 1403/2151/2099 1410/2149/2097
f 1416/2171/2116 1409/2173/2117 1408/2194/2134
f 1416/2171/2116 1408/2194/2134 1415/2195/2135
f 1418/2142/2090 1411/2140/2088 1410/2149/2097
f 1418/2142/2090 1410/2149/2097 1417/2145/2093
f 1423/2168/2115 1416/2171/2116 1415/2195/2135
f 1423/2168/2115 1415/2195/2135 1422/2166/2113
f 1273/2196/2136 1272/2197/2137 1425/2198/2138
f 1425/2198/2138 1272/2197/2137 1316/2199/2139
f 1425/2198/2138 1316/2199/2139 1315/2200/2140
f 1425/2198/2138 1315/2200/2140 1430/2201/2141
f 1430/2201/2141 1315/2200/2140 1314/2202/2142
f 1430/2201/2141 1314/2202/2142 1429/2203/2143
f 1429/2203/2143 1314/2202/2142 1313/2204/2144
f 1429/2203/2143 1313/2204/2144 1428/2205/2145
f 1428/2205/2145 1313/2204/2144 1312/2206/2146
f 1428/2205/2145 1312/2206/2146 1427/2207/2147
f 1427/2207/2147 1312/2206/2146 1311/2208/2148
f 1427/2207/2147 1311/2208/2148 1310/2209/2149
f 1427/2207/2147 1310/2209/2149 1426/2210/2150
f 1426/2210/2150 1310/2209/2149 1309/2211/2151
f 1426/2210/2150 1309/2211/2151 1335/2212/2034
f 1335/2212/2034 1309/2211/2151 1308/2213/2152
f 1335/2212/2034 1334/2214/2033 1426/2210/2150
f 1426/2210/2150 1334/2214/2033 1374/2215/2153
f 1426/2210/2150 1374/2215/2153 1373/2216/2154
f 1334/2214/2033 1333/2217/2032 1374/2215/2153
f 1426/2210/2150 1373/2216/2154 1427/2207/2147
f 1427/2207/2147 1373/2216/2154 1372/2218/2155
f 1427/2207/2147 1372/2218/2155 1428/2205/2145
f 1428/2205/2145 1372/2218/2155 1371/2219/2156
f 1428/2205/2145 1371/2219/2156 1429/2203/2143
f 1429/2203/2143 1371/2219/2156 1370/2220/2157
f 1429/2203/2143 1370/2220/2157 1430/2201/2141
f 1430/2201/2141 1370/2220/2157 1424/2221/2158
f 1430/2201/2141 1424/2221/2158 1425/2198/2138
f 1370/2220/2157 1240/2222/2159 1424/2221/2158
f 1432/2223/2160 1480/2224/2161 1431/2225/2162
f 1431/2225/2162 1480/2224/2161 1479/2226/2163
f 1431/2227/2162 1479/2228/2163 1454/2229/2164
f 1454/2229/2164 1479/2228/2163 1502/2230/2165
f 1454/2229/2164 1502/2230/2165 1453/2231/2166
f 1453/2231/2166 1502/2230/2165 1501/2232/2167
f 1453/2231/2166 1501/2232/2167 1452/2233/2168
f 1452/2233/2168 1501/2232/2167 1500/2234/2169
f 1452/2233/2168 1500/2234/2169 1451/2235/2170
f 1451/2235/2170 1500/2234/2169 1499/2236/2171
f 1451/2235/2170 1499/2236/2171 1450/2237/2172
f 1450/2237/2172 1499/2236/2171 1498/2238/2173
f 1450/2237/2172 1498/2238/2173 1449/2239/2174
f 1449/2239/2174 1498/2238/2173 1497/2240/2175
f 1449/2239/2174 1497/2240/2175 1448/2241/2176
f 1448/2241/2176 1497/2240/2175 1496/2242/2177
f 1448/2241/2176 1496/2242/2177 1447/2243/2178
f 1447/2243/2178 1496/2242/2177 1495/2244/2179
f 1447/2243/2178 1495/2244/2179 1446/2245/2180
f 1446/2245/2180 1495/2244/2179 1494/2246/2181
f 1446/2245/2180 1494/2246/2181 1445/2247/2182
f 1445/2247/2182 1494/2246/2181 1493/2248/2183
f 1445/2247/2182 1493/2248/2183 1444/2249/2184
f 1444/2249/2184 1493/2248/2183 1492/2250/2185
f 1444/2249/2184 1492/2250/2185 1443/2251/2186
f 1443/2251/2186 1492/2250/2185 1491/2252/2187
f 1443/2251/2186 1491/2252/2187 1442/2253/2188
f 1442/2253/2188 1491/2252/2187 1490/2254/2189
f 1442/2253/2188 1490/2254/2189 1441/2255/2190
f 1441/2255/2190 1490/2254/2189 1489/2256/2191
f 1441/2255/2190 1489/2256/2191 1440/2257/2192
f 1440/2257/2192 1489/2256/2191 1488/2258/2193
f 1440/2257/2192 1488/2258/2193 1439/2259/2194
f 1439/2259/2194 1488/2258/2193 1487/2260/2195
f 1439/2259/2194 1487/2260/2195 1438/2261/2196
f 1438/2261/2196 1487/2260/2195 1486/2262/2197
f 1438/2261/2196 1486/2262/2197 1437/2263/2198
f 1437/2263/2198 1486/2262/2197 1485/2264/2199
f 1437/2263/2198 1485/2264/2199 1436/2265/2200
f 1436/2265/2200 1485/2264/2199 1484/2266/2201
f 1436/2265/2200 1484/2266/2201 1435/2267/2202
f 1435/2267/2202 1484/2266/2201 1483/2268/2203
f 1435/2267/2202 1483/2268/2203 1434/2269/2204
f 1434/2269/2204 1483/2268/2203 1482/2270/2205
f 1434/2269/2204 1482/2270/2205 1433/2271/2206
f 1433/2271/2206 1482/2270/2205 1481/2272/2207
f 1433/2271/2206 1481/2272/2207 1432/2223/2160
f 1432/2223/2160 1481/2272/2207 1480/2224/2161
f 1456/2273/2208 1502/2230/2165 1455/2274/2209
f 1455/2274/2209 1502/2230/2165 1479/2228/2163
f 1455/2275/2209 1479/2226/2163 1478/2276/2210
f 1478/2276/2210 1479/2226/2163 1480/2224/2161
f 1478/2276/2210 1480/2224/2161 1477/2277/2211
f 1477/2277/2211 1480/2224/2161 1481/2272/2207
f 1477/2277/2211 1481/2272/2207 1476/2278/2212
f 1476/2278/2212 1481/2272/2207 1482/2270/2205
f 1476/2278/2212 1482/2270/2205 1475/2279/2213
f 1475/2279/2213 1482/2270/2205 1483/2268/2203
f 1475/2279/2213 1483/2268/2203 1474/2280/2214
f 1474/2280/2214 1483/2268/2203 1484/2266/2201
f 1474/2280/2214 1484/2266/2201 1473/2281/2215
f 1473/2281/2215 1484/2266/2201 1485/2264/2199
f 1473/2281/2215 1485/2264/2199 1472/2282/2216
f 1472/2282/2216 1485/2264/2199 1486/2262/2197
f 1472/2282/2216 1486/2262/2197 1471/2283/2217
f 1471/2283/2217 1486/2262/2197 1487/2260/2195
f 1471/2283/2217 1487/2260/2195 1470/2284/2218
f 1470/2284/2218 1487/2260/2195 1488/2258/2193
f 1470/2284/2218 1488/2258/2193 1469/2285/2219
f 1469/2285/2219 1488/2258/2193 1489/2256/2191
f 1469/2285/2219 1489/2256/2191 1468/2286/2220
f 1468/2286/2220 1489/2256/2191 1490/2254/2189
f 1468/2286/2220 1490/2254/2189 1467/2287/2221
f 1467/2287/2221 1490/2254/2189 1491/2252/2187
f 1467/2287/2221 1491/2252/2187 1466/2288/2222
f 1466/2288/2222 1491/2252/2187 1492/2250/2185
f 1466/2288/2222 1492/2250/2185 1465/2289/2223
f 1465/2289/2223 1492/2250/2185 1493/2248/2183
f 1465/2289/2223 1493/2248/2183 1464/2290/2224
f 1464/2290/2224 1493/2248/2183 1494/2246/2181
f 1464/2290/2224 1494/2246/2181 1463/2291/2225
f 1463/2291/2225 1494/2246/2181 1495/2244/2179
f 1463/2291/2225 1495/2244/2179 1462/2292/2226
f 1462/2292/2226 1495/2244/2179 1496/2242/2177
f 1462/2292/2226 1496/2242/2177 1461/2293/2227
f 1461/2293/2227 1496/2242/2177 1497/2240/2175
f 1461/2293/2227 1497/2240/2175 1460/2294/2228
f 1460/2294/2228 1497/2240/2175 1498/2238/2173
f 1460/2294/2228 1498/2238/2173 1459/2295/2229
f 1459/2295/2229 1498/2238/2173 1499/2236/2171
f 1459/2295/2229 1499/2236/2171 1458/2296/2230
f 1458/2296/2230 1499/2236/2171 1500/2234/2169
f 1458/2296/2230 1500/2234/2169 1457/2297/2231
f 1457/2297/2231 1500/2234/2169 1501/2232/2167
f 1457/2297/2231 1501/2232/2167 1456/2273/2208
f 1456/2273/2208 1501/2232/2167 1502/2230/2165
f 1504/2298/2232 1552/2299/2233 1503/2300/2234
f 1503/2300/2234 1552/2299/2233 1553/2301/2235
f 1503/2300/2234 1553/2301/2235 1526/2302/2236
f 1526/2302/2236 1553/2301/2235 1574/2303/2237
f 1526/2302/2236 1574/2303/2237 1525/2304/2238
f 1525/2304/2238 1574/2303/2237 1573/2305/2239
f 1525/2304/2238 1573/2305/2239 1524/2306/2240
f 1524/2306/2240 1573/2305/2239 1572/2307/2241
f 1524/2306/2240 1572/2307/2241 1523/2308/2242
f 1523/2308/2242 1572/2307/2241 1571/2309/2243
f 1523/2308/2242 1571/2309/2243 1522/2310/2244
f 1522/2310/2244 1571/2309/2243 1570/2311/2245
f 1522/2310/2244 1570/2311/2245 1521/2312/2246
f 1521/2312/2246 1570/2311/2245 1569/2313/2247
f 1521/2312/2246 1569/2313/2247 1520/2314/2248
f 1520/2314/2248 1569/2313/2247 1568/2315/2249
f 1520/2314/2248 1568/2315/2249 1519/2316/2250
f 1519/2316/2250 1568/2315/2249 1567/2317/2251
f 1519/2316/2250 1567/2317/2251 1518/2318/2252
f 1518/2318/2252 1567/2317/2251 1566/2319/2253
f 1518/2318/2252 1566/2319/2253 1517/2320/2254
f 1517/2320/2254 1566/2319/2253 1565/2321/2255
f 1517/2320/2254 1565/2321/2255 1516/2322/2256
f 1516/2322/2256 1565/2321/2255 1564/2323/2257
f 1516/2322/2256 1564/2323/2257 1515/2324/2258
f 1515/2324/2258 1564/2323/2257 1551/2325/2259
f 1515/2326/2258 1551/2327/2259 1514/2328/2260
f 1514/2328/2260 1551/2327/2259 1563/2329/2261
f 1514/2328/2260 1563/2329/2261 1513/2330/2262
f 1513/2330/2262 1563/2329/2261 1562/2331/2263
f 1513/2330/2262 1562/2331/2263 1512/2332/2264
f 1512/2332/2264 1562/2331/2263 1561/2333/2265
f 1512/2332/2264 1561/2333/2265 1511/2334/2266
f 1511/2334/2266 1561/2333/2265 1560/2335/2267
f 1511/2334/2266 1560/2335/2267 1510/2336/2268
f 1510/2336/2268 1560/2335/2267 1559/2337/2269
f 1510/2336/2268 1559/2337/2269 1509/2338/2270
f 1509/2338/2270 1559/2337/2269 1558/2339/2271
f 1509/2338/2270 1558/2339/2271 1508/2340/2272
f 1508/2340/2272 1558/2339/2271 1557/2341/2273
f 1508/2340/2272 1557/2341/2273 1507/2342/2274
f 1507/2342/2274 1557/2341/2273 1556/2343/2275
f 1507/2342/2274 1556/2343/2275 1506/2344/2276
f 1506/2344/2276 1556/2343/2275 1555/2345/2277
f 1506/2344/2276 1555/2345/2277 1505/2346/2278
f 1505/2346/2278 1555/2345/2277 1554/2347/2279
f 1505/2346/2278 1554/2347/2279 1504/2298/2232
f 1504/2298/2232 1554/2347/2279 1552/2299/2233
f 1528/2348/2280 1563/2329/2261 1527/2349/2281
f 1527/2349/2281 1563/2329/2261 1551/2327/2259
f 1527/2350/2281 1551/2325/2259 1550/2351/2282
f 1550/2351/2282 1551/2325/2259 1564/2323/2257
f 1550/2351/2282 1564/2323/2257 1549/2352/2283
f 1549/2352/2283 1564/2323/2257 1565/2321/2255
f 1549/2352/2283 1565/2321/2255 1548/2353/2284
f 1548/2353/2284 1565/2321/2255 1566/2319/2253
f 1548/2353/2284 1566/2319/2253 1547/2354/2285
f 1547/2354/2285 1566/2319/2253 1567/2317/2251
f 1547/2354/2285 1567/2317/2251 1546/2355/2286
f 1546/2355/2286 1567/2317/2251 1568/2315/2249
f 1546/2355/2286 1568/2315/2249 1545/2356/2287
f 1545/2356/2287 1568/2315/2249 1569/2313/2247
f 1545/2356/2287 1569/2313/2247 1544/2357/2288
f 1544/2357/2288 1569/2313/2247 1570/2311/2245
f 1544/2357/2288 1570/2311/2245 1543/2358/2289
f 1543/2358/2289 1570/2311/2245 1571/2309/2243
f 1543/2358/2289 1571/2309/2243 1542/2359/2290
f 1542/2359/2290 1571/2309/2243 1572/2307/2241
f 1542/2359/2290 1572/2307/2241 1541/2360/2291
f 1541/2360/2291 1572/2307/2241 1573/2305/2239
f 1541/2360/2291 1573/2305/2239 1540/2361/2292
f 1540/2361/2292 1573/2305/2239 1574/2303/2237
f 1540/2361/2292 1574/2303/2237 1539/2362/2293
f 1539/2362/2293 1574/2303/2237 1553/2301/2235
f 1539/2362/2293 1553/2301/2235 1538/2363/2294
f 1538/2363/2294 1553/2301/2235 1552/2299/2233
f 1538/2363/2294 1552/2299/2233 1537/2364/2295
f 1537/2364/2295 1552/2299/2233 1554/2347/2279
f 1537/2364/2295 1554/2347/2279 1536/2365/2296
f 1536/2365/2296 1554/2347/2279 1555/2345/2277
f 1536/2365/2296 1555/2345/2277 1535/2366/2297
f 1535/2366/2297 1555/2345/2277 1556/2343/2275
f 1535/2366/2297 1556/2343/2275 1534/2367/2298
f 1534/2367/2298 1556/2343/2275 1557/2341/2273
f 1534/2367/2298 1557/2341/2273 1533/2368/2299
f 1533/2368/2299 1557/2341/2273 1558/2339/2271
f 1533/2368/2299 1558/2339/2271 1532/2369/2300
f 1532/2369/2300 1558/2339/2271 1559/2337/2269
f 1532/2369/2300 1559/2337/2269 1531/2370/2301
f 1531/2370/2301 1559/2337/2269 1560/2335/2267
f 1531/2370/2301 1560/2335/2267 1530/2371/2302
f 1530/2371/2302 1560/2335/2267 1561/2333/2265
f 1530/2371/2302 1561/2333/2265 1529/2372/2303
f 1529/2372/2303 1561/2333/2265 1562/2331/2263
f 1529/2372/2303 1562/2331/2263 1528/2348/2280
f 1528/2348/2280 1562/2331/2263 1563/2329/2261
f 1217/2373/2304 1575/2374/2305 1218/2375/2306
f 1218/2375/2306 1575/2374/2305 1225/2376/2307
f 1225/2376/2307 1575/2374/2305 1576/2377/2308
f 1225/2376/2307 1576/2377/2308 1224/2378/2309
f 1224/2378/2309 1576/2377/2308 1221/2379/2310
f 1221/2379/2310 1576/2377/2308 1222/2380/2311
f 1577/2381/2312 1578/2382/2313 1580/2383/2314
f 1580/2383/2314 1578/2382/2313 1579/2384/2315
f 1222/2385/2316 1576/2386/2317 1223/2387/2318
f 1576/2388/2319 1575/2389/2320 1223/2390/2321
f 1223/2390/2321 1575/2389/2320 1216/2391/2322
f 1575/2392/2323 1217/2393/2324 1216/2394/2325
f 979/2395/2326 1581/2396/2327 980/2397/2328
f 980/2397/2328 1581/2396/2327 987/2398/2329
f 987/2398/2329 1581/2396/2327 1582/2399/2330
f 987/2398/2329 1582/2399/2330 986/2400/2331
f 986/2400/2331 1582/2399/2330 983/2401/2332
f 983/2401/2332 1582/2399/2330 984/2402/2333
f 1583/2403/2334 1584/2404/2335 1586/2405/2336
f 1586/2405/2336 1584/2404/2335 1585/2406/2337
f 1582/2407/2338 1581/2408/2339 985/2409/2340
f 985/2409/2340 1581/2408/2339 978/2410/2341
f 984/2411/2342 1582/2412/2343 985/2413/2344
f 1581/2414/2345 979/2415/2346 978/2416/2347
f 1588/2417/2348 965/2418/2349 1587/2419/2350
f 1587/2419/2350 965/2418/2349 969/2420/2351
f 1587/2419/2350 969/2420/2351 981/2421/2352
f 981/2421/2352 969/2420/2351 968/2422/2353
f 981/2421/2352 968/2422/2353 987/2423/2354
f 987/2423/2354 968/2422/2353 659/2424/2355
f 987/2423/2354 659/2424/2355 980/2425/2356
f 980/2425/2356 659/2424/2355 1587/2419/2350
f 980/2425/2356 1587/2419/2350 981/2421/2352
f 660/2426/2357 974/2427/2358 1588/2417/2348
f 1588/2417/2348 974/2427/2358 977/2428/2359
f 1588/2417/2348 977/2428/2359 962/2429/2360
f 962/2429/2360 977/2428/2359 975/2430/2361
f 962/2429/2360 975/2430/2361 963/2431/2362
f 963/2431/2362 975/2430/2361 660/2426/2357
f 963/2431/2362 660/2426/2357 971/2432/2363
f 971/2432/2363 660/2426/2357 659/2424/2355
f 971/2432/2363 659/2424/2355 968/2422/2353
f 1504/2433/2364 1503/2434/2365 963/2431/2362
f 963/2431/2362 1503/2434/2365 1526/2435/2366
f 963/2431/2362 1526/2435/2366 965/2418/2349
f 965/2418/2349 1526/2435/2366 1525/2436/2367
f 965/2418/2349 1525/2436/2367 1524/2437/2368
f 1524/2437/2368 1523/2438/2369 965/2418/2349
f 965/2418/2349 1523/2438/2369 1522/2439/2370
f 965/2418/2349 1522/2439/2370 1521/2440/2371
f 965/2418/2349 1521/2440/2371 969/2420/2351
f 969/2420/2351 1521/2440/2371 1520/2441/2372
f 969/2420/2351 1520/2441/2372 1519/2442/2373
f 1519/2442/2373 1518/2443/2374 969/2420/2351
f 969/2420/2351 1518/2443/2374 1517/2444/2375
f 969/2420/2351 1517/2444/2375 1516/2445/2376
f 1516/2445/2376 1515/2446/2377 969/2420/2351
f 969/2420/2351 1515/2446/2377 1514/2447/2378
f 969/2420/2351 1514/2447/2378 971/2432/2363
f 971/2432/2363 1514/2447/2378 1513/2448/2379
f 971/2432/2363 1513/2448/2379 1512/2449/2380
f 1512/2449/2380 1511/2450/2381 971/2432/2363
f 971/2432/2363 1511/2450/2381 1510/2451/2382
f 971/2432/2363 1510/2451/2382 1509/2452/2383
f 971/2432/2363 1509/2452/2383 963/2431/2362
f 963/2431/2362 1509/2452/2383 1508/2453/2384
f 963/2431/2362 1508/2453/2384 1507/2454/2385
f 1507/2454/2385 1506/2455/2386 963/2431/2362
f 963/2431/2362 1506/2455/2386 1505/2456/2387
f 963/2431/2362 1505/2456/2387 1504/2433/2364
f 1588/2417/2348 962/2429/2360 965/2418/2349
f 975/2430/2361 974/2427/2358 660/2426/2357
f 994/2457/2388 1594/2458/2389 995/2459/2390
f 995/2459/2390 1594/2458/2389 1595/2460/2391
f 995/2459/2390 1595/2460/2391 997/2461/2392
f 997/2461/2392 1595/2460/2391 652/2462/2393
f 997/2461/2392 652/2462/2393 999/2463/2394
f 999/2463/2394 652/2462/2393 651/2464/2395
f 999/2463/2394 651/2464/2395 1003/2465/2396
f 1003/2465/2396 651/2464/2395 1004/2466/2397
f 1004/2466/2397 651/2464/2395 1005/2467/2398
f 1005/2467/2398 651/2464/2395 650/2468/2399
f 1005/2467/2398 650/2468/2399 1007/2469/2400
f 1007/2469/2400 650/2468/2399 1593/2470/2401
f 1007/2469/2400 1593/2470/2401 992/2471/2402
f 992/2471/2402 1593/2470/2401 1594/2458/2389
f 992/2471/2402 1594/2458/2389 993/2472/2403
f 993/2472/2403 1594/2458/2389 994/2457/2388
f 1015/2473/2404 1011/2474/2405 1597/2475/2406
f 1597/2475/2406 1011/2474/2405 1010/2476/2407
f 1597/2475/2406 1010/2476/2407 1596/2477/2408
f 1596/2477/2408 1010/2476/2407 653/2478/2409
f 1596/2477/2408 653/2478/2409 1595/2460/2391
f 1595/2460/2391 653/2478/2409 652/2462/2393
f 653/2478/2409 1010/2476/2407 654/2479/2410
f 654/2479/2410 1010/2476/2407 1027/2480/2411
f 654/2479/2410 1027/2480/2411 1026/2481/2412
f 1026/2481/2412 1025/2482/2413 654/2479/2410
f 654/2479/2410 1025/2482/2413 655/2483/2414
f 655/2483/2414 1025/2482/2413 1021/2484/2415
f 655/2483/2414 1021/2484/2415 1019/2485/2416
f 655/2483/2414 1019/2485/2416 1598/2486/2417
f 1598/2486/2417 1019/2485/2416 1017/2487/2418
f 1598/2486/2417 1017/2487/2418 1016/2488/2419
f 1598/2486/2417 1016/2488/2419 1597/2475/2406
f 1597/2475/2406 1016/2488/2419 1015/2473/2404
f 1059/2489/2420 648/2490/2421 1028/2491/2422
f 1028/2491/2422 648/2490/2421 1591/2492/2423
f 1028/2491/2422 1591/2492/2423 1029/2493/2424
f 1029/2493/2424 1591/2492/2423 1030/2494/2425
f 1030/2494/2425 1591/2492/2423 1031/2495/2426
f 1031/2495/2426 1591/2492/2423 1032/2496/2427
f 1032/2496/2427 1591/2492/2423 1033/2497/2428
f 1033/2497/2428 1591/2492/2423 1034/2498/2429
f 1034/2498/2429 1591/2492/2423 1035/2499/2430
f 1035/2499/2430 1591/2492/2423 1036/2500/2431
f 1036/2500/2431 1591/2492/2423 1037/2501/2432
f 1037/2501/2432 1591/2492/2423 1038/2502/2433
f 1038/2502/2433 1591/2492/2423 1039/2503/2434
f 1039/2503/2434 1591/2492/2423 1040/2504/2435
f 1040/2504/2435 1591/2492/2423 1041/2505/2436
f 1041/2505/2436 1591/2492/2423 1592/2506/2437
f 1041/2505/2436 1592/2506/2437 1042/2507/2438
f 1042/2507/2438 1592/2506/2437 1043/2508/2439
f 1043/2508/2439 1592/2506/2437 1044/2509/2440
f 1044/2509/2440 1592/2506/2437 649/2510/2441
f 1044/2509/2440 649/2510/2441 1045/2511/2442
f 1045/2511/2442 649/2510/2441 1046/2512/2443
f 1046/2512/2443 649/2510/2441 648/2490/2421
f 1046/2512/2443 648/2490/2421 1047/2513/2444
f 1047/2513/2444 648/2490/2421 1048/2514/2445
f 1048/2514/2445 648/2490/2421 1049/2515/2446
f 1049/2515/2446 648/2490/2421 1050/2516/2447
f 1050/2516/2447 648/2490/2421 1051/2517/2448
f 1051/2517/2448 648/2490/2421 1052/2518/2449
f 1052/2518/2449 648/2490/2421 1053/2519/2450
f 1053/2519/2450 648/2490/2421 1054/2520/2451
f 1054/2520/2451 648/2490/2421 1055/2521/2452
f 1055/2521/2452 648/2490/2421 1056/2522/2453
f 1056/2522/2453 648/2490/2421 1057/2523/2454
f 1057/2523/2454 648/2490/2421 1058/2524/2455
f 1058/2524/2455 648/2490/2421 1059/2489/2420
f 1147/2525/2456 656/2526/2457 1116/2527/2458
f 1116/2527/2458 656/2526/2457 1599/2528/2459
f 1116/2527/2458 1599/2528/2459 1117/2529/2460
f 1117/2529/2460 1599/2528/2459 1118/2530/2461
f 1118/2530/2461 1599/2528/2459 1119/2531/2462
f 1119/2531/2462 1599/2528/2459 1120/2532/2463
f 1120/2532/2463 1599/2528/2459 1121/2533/2464
f 1121/2533/2464 1599/2528/2459 1600/2534/2465
f 1121/2533/2464 1600/2534/2465 1122/2535/2466
f 1122/2535/2466 1600/2534/2465 1123/2536/2467
f 1123/2536/2467 1600/2534/2465 1124/2537/2468
f 1124/2537/2468 1600/2534/2465 1125/2538/2469
f 1125/2538/2469 1600/2534/2465 1126/2539/2470
f 1126/2539/2470 1600/2534/2465 1127/2540/2471
f 1127/2540/2471 1600/2534/2465 1128/2541/2472
f 1128/2541/2472 1600/2534/2465 1129/2542/2473
f 1129/2542/2473 1600/2534/2465 1130/2543/2474
f 1130/2543/2474 1600/2534/2465 1131/2544/2475
f 1131/2544/2475 1600/2534/2465 1132/2545/2476
f 1132/2545/2476 1600/2534/2465 657/2546/2477
f 1132/2545/2476 657/2546/2477 1133/2547/2478
f 1133/2547/2478 657/2546/2477 1134/2548/2479
f 1134/2548/2479 657/2546/2477 1135/2549/2480
f 1135/2549/2480 657/2546/2477 1136/2550/2481
f 1136/2550/2481 657/2546/2477 1137/2551/2482
f 1137/2551/2482 657/2546/2477 1138/2552/2483
f 1138/2552/2483 657/2546/2477 1139/2553/2484
f 1139/2553/2484 657/2546/2477 1140/2554/2485
f 1140/2554/2485 657/2546/2477 1141/2555/2486
f 1141/2555/2486 657/2546/2477 1142/2556/2487
f 1142/2556/2487 657/2546/2477 1143/2557/2488
f 1143/2557/2488 657/2546/2477 656/2526/2457
f 1143/2557/2488 656/2526/2457 1144/2558/2489
f 1144/2558/2489 656/2526/2457 1145/2559/2490
f 1145/2559/2490 656/2526/2457 1146/2560/2491
f 1146/2560/2491 656/2526/2457 1147/2525/2456
f 646/2561/2492 1589/2562/2493 647/2563/2494
f 647/2563/2494 1589/2562/2493 1590/2564/2495
f 647/2563/2494 1590/2564/2495 648/2490/2421
f 648/2490/2421 1590/2564/2495 1591/2492/2423
f 649/2510/2441 1592/2506/2437 650/2468/2399
f 650/2468/2399 1592/2506/2437 1593/2470/2401
f 655/2483/2414 1598/2486/2417 656/2526/2457
f 656/2526/2457 1598/2486/2417 1599/2528/2459
f 657/2546/2477 1600/2534/2465 658/2565/2496
f 658/2565/2496 1600/2534/2465 1601/2566/2497
f 658/2565/2496 1601/2566/2497 659/2567/2498
f 659/2567/2498 1601/2566/2497 1587/2568/2499
f 1432/2569/2500 1431/2570/2501 1212/2571/2502
f 1212/2571/2502 1431/2570/2501 1454/2572/2503
f 1212/2571/2502 1454/2572/2503 1453/2573/2504
f 1453/2573/2504 1452/2574/2505 1212/2571/2502
f 1212/2571/2502 1452/2574/2505 1451/2575/2506
f 1212/2571/2502 1451/2575/2506 1450/2576/2507
f 1450/2576/2507 1449/2577/2508 1212/2571/2502
f 1212/2571/2502 1449/2577/2508 1209/2578/2509
f 1212/2571/2502 1209/2578/2509 1589/2579/2510
f 1589/2579/2510 1209/2578/2509 1602/2580/2511
f 1602/2580/2511 1209/2578/2509 1207/2581/2512
f 1602/2580/2511 1207/2581/2512 1219/2582/2513
f 1219/2582/2513 1207/2581/2512 1225/2583/2514
f 1225/2583/2514 1207/2581/2512 1206/2584/2515
f 1225/2583/2514 1206/2584/2515 645/2585/2516
f 645/2585/2516 1206/2584/2515 1215/2586/2517
f 645/2585/2516 1215/2586/2517 646/2587/2518
f 646/2587/2518 1215/2586/2517 1213/2588/2519
f 646/2587/2518 1213/2588/2519 1229/2589/2520
f 1229/2589/2520 1213/2588/2519 1231/2590/2521
f 1231/2590/2521 1213/2588/2519 1212/2571/2502
f 1231/2590/2521 1212/2571/2502 1589/2579/2510
f 1449/2577/2508 1448/2591/2522 1209/2578/2509
f 1209/2578/2509 1448/2591/2522 1447/2592/2523
f 1209/2578/2509 1447/2592/2523 1446/2593/2524
f 1446/2593/2524 1445/2594/2525 1209/2578/2509
f 1209/2578/2509 1445/2594/2525 1444/2595/2526
f 1209/2578/2509 1444/2595/2526 1206/2584/2515
f 1206/2584/2515 1444/2595/2526 1443/2596/2527
f 1206/2584/2515 1443/2596/2527 1442/2597/2528
f 1442/2597/2528 1441/2598/2529 1206/2584/2515
f 1206/2584/2515 1441/2598/2529 1440/2599/2530
f 1206/2584/2515 1440/2599/2530 1439/2600/2531
f 1439/2600/2531 1438/2601/2532 1206/2584/2515
f 1206/2584/2515 1438/2601/2532 1437/2602/2533
f 1206/2584/2515 1437/2602/2533 1215/2586/2517
f 1215/2586/2517 1437/2602/2533 1436/2603/2534
f 1215/2586/2517 1436/2603/2534 1435/2604/2535
f 1435/2604/2535 1434/2605/2536 1215/2586/2517
f 1215/2586/2517 1434/2605/2536 1433/2606/2537
f 1215/2586/2517 1433/2606/2537 1432/2569/2500
f 1215/2586/2517 1432/2569/2500 1212/2571/2502
f 1225/2583/2514 645/2585/2516 1218/2607/2538
f 1218/2607/2538 645/2585/2516 1602/2580/2511
f 1218/2607/2538 1602/2580/2511 1219/2582/2513
f 1229/2589/2520 1228/2608/2539 646/2587/2518
f 646/2587/2518 1228/2608/2539 1589/2579/2510
f 1589/2579/2510 1228/2608/2539 1231/2590/2521
f 1603/2609/2540 662/2610/2541 1588/2611/2542
f 1588/2611/2542 662/2610/2541 661/2612/2543
f 1588/2611/2542 661/2612/2543 660/2613/2544
f 1604/2614/2545 1284/2615/2546 1603/2609/2540
f 1603/2609/2540 1284/2615/2546 1283/2616/2547
f 1603/2609/2540 1283/2616/2547 1282/2617/2548
f 1605/2618/2549 901/2619/2550 1604/2614/2545
f 1604/2614/2545 901/2619/2550 900/2620/2551
f 1604/2614/2545 900/2620/2551 899/2621/2552
f 1606/2622/2553 674/2623/2554 1605/2618/2549
f 1605/2618/2549 674/2623/2554 673/2624/2555
f 1605/2618/2549 673/2624/2555 672/2625/2556
f 1607/2626/2557 772/2627/2558 1606/2622/2553
f 1606/2622/2553 772/2627/2558 771/2628/2559
f 1606/2622/2553 771/2628/2559 775/2629/2560
f 1608/2630/2561 693/2631/2562 1607/2626/2557
f 1607/2626/2557 693/2631/2562 767/2632/2563
f 1607/2626/2557 767/2632/2563 766/2633/2564
f 693/2631/2562 1608/2630/2561 694/2634/2565
f 694/2634/2565 1608/2630/2561 1609/2635/2566
f 694/2634/2565 1609/2635/2566 753/2636/2567
f 753/2636/2567 1609/2635/2566 748/2637/2568
f 748/2637/2568 1609/2635/2566 1610/2638/2569
f 748/2637/2568 1610/2638/2569 749/2639/2570
f 749/2639/2570 1610/2638/2569 750/2640/2571
f 750/2640/2571 1610/2638/2569 751/2641/2572
f 751/2641/2572 1610/2638/2569 1611/2642/2573
f 751/2641/2572 1611/2642/2573 763/2643/2574
f 763/2643/2574 1611/2642/2573 696/2644/2575
f 763/2643/2574 696/2644/2575 759/2645/2576
f 759/2645/2576 696/2644/2575 760/2646/2577
f 760/2646/2577 696/2644/2575 695/2647/2578
f 760/2646/2577 695/2647/2578 761/2648/2579
f 761/2648/2579 695/2647/2578 755/2649/2580
f 755/2649/2580 695/2647/2578 753/2636/2567
f 753/2636/2567 695/2647/2578 694/2634/2565
f 696/2644/2575 1611/2642/2573 697/2650/2581
f 697/2650/2581 1611/2642/2573 1612/2651/2582
f 697/2650/2581 1612/2651/2582 698/2652/2583
f 698/2652/2583 1612/2651/2582 800/2653/2584
f 698/2652/2583 800/2653/2584 799/2654/2585
f 1613/2655/2586 804/2656/2587 1612/2651/2582
f 1612/2651/2582 804/2656/2587 803/2657/2588
f 1612/2651/2582 803/2657/2588 802/2658/2589
f 1614/2659/2590 690/2660/2591 1613/2655/2586
f 1613/2655/2586 690/2660/2591 785/2661/2592
f 1613/2655/2586 785/2661/2592 784/2662/2593
f 1602/2663/2594 643/2664/2595 1614/2659/2590
f 1614/2659/2590 643/2664/2595 642/2665/2596
f 1614/2659/2590 642/2665/2596 680/2666/2597
f 645/2667/2598 644/2668/2599 1602/2663/2594
f 1602/2663/2594 644/2668/2599 643/2664/2595
f 680/2666/2597 679/2669/2600 1614/2659/2590
f 1614/2659/2590 679/2669/2600 687/2670/2601
f 1614/2659/2590 687/2670/2601 686/2671/2602
f 686/2671/2602 685/2672/2603 1614/2659/2590
f 1614/2659/2590 685/2672/2603 691/2673/2604
f 1614/2659/2590 691/2673/2604 690/2660/2591
f 785/2661/2592 690/2660/2591 786/2674/2605
f 786/2674/2605 690/2660/2591 698/2652/2583
f 786/2674/2605 698/2652/2583 787/2675/2606
f 787/2675/2606 698/2652/2583 788/2676/2607
f 788/2676/2607 698/2652/2583 789/2677/2608
f 789/2677/2608 698/2652/2583 790/2678/2609
f 790/2678/2609 698/2652/2583 791/2679/2610
f 791/2679/2610 698/2652/2583 792/2680/2611
f 792/2680/2611 698/2652/2583 793/2681/2612
f 793/2681/2612 698/2652/2583 794/2682/2613
f 794/2682/2613 698/2652/2583 795/2683/2614
f 795/2683/2614 698/2652/2583 796/2684/2615
f 796/2684/2615 698/2652/2583 797/2685/2616
f 797/2685/2616 698/2652/2583 798/2686/2617
f 798/2686/2617 698/2652/2583 799/2654/2585
f 693/2631/2562 1236/2687/2618 767/2632/2563
f 767/2632/2563 1236/2687/2618 1235/2688/2619
f 767/2632/2563 1235/2688/2619 1234/2689/2620
f 767/2632/2563 1234/2689/2620 781/2690/2621
f 781/2690/2621 1234/2689/2620 1233/2691/2622
f 781/2690/2621 1233/2691/2622 782/2692/2623
f 782/2692/2623 1233/2691/2622 1324/2693/2624
f 782/2692/2623 1324/2693/2624 1337/2694/2625
f 1344/2695/2626 1343/2696/2627 1233/2691/2622
f 1233/2691/2622 1343/2696/2627 1342/2697/2628
f 1233/2691/2622 1342/2697/2628 1341/2698/2629
f 1341/2698/2629 1340/2699/2630 1233/2691/2622
f 1233/2691/2622 1340/2699/2630 1339/2700/2631
f 1233/2691/2622 1339/2700/2631 1338/2701/2632
f 1338/2701/2632 1324/2693/2624 1233/2691/2622
f 782/2692/2623 1337/2694/2625 783/2702/2633
f 783/2702/2633 1337/2694/2625 1336/2703/2634
f 783/2702/2633 1336/2703/2634 777/2704/2635
f 777/2704/2635 1336/2703/2634 717/2705/2636
f 777/2704/2635 717/2705/2636 663/2706/2637
f 663/2706/2637 717/2705/2636 716/2707/2638
f 663/2706/2637 716/2707/2638 715/2708/2639
f 715/2708/2639 714/2709/2640 663/2706/2637
f 663/2706/2637 714/2709/2640 713/2710/2641
f 663/2706/2637 713/2710/2641 712/2711/2642
f 712/2711/2642 711/2712/2643 663/2706/2637
f 663/2706/2637 711/2712/2643 710/2713/2644
f 777/2704/2635 663/2706/2637 775/2629/2560
f 775/2629/2560 663/2706/2637 677/2714/2645
f 775/2629/2560 677/2714/2645 676/2715/2646
f 775/2629/2560 676/2715/2646 1606/2622/2553
f 1606/2622/2553 676/2715/2646 675/2716/2647
f 1606/2622/2553 675/2716/2647 674/2623/2554
f 671/2717/2648 873/2718/2649 672/2625/2556
f 672/2625/2556 873/2718/2649 872/2719/2650
f 672/2625/2556 872/2719/2650 903/2720/2651
f 670/2721/2652 886/2722/2653 671/2717/2648
f 671/2717/2648 886/2722/2653 885/2723/2654
f 671/2717/2648 885/2723/2654 884/2724/2655
f 1284/2615/2546 1604/2614/2545 670/2721/2652
f 670/2721/2652 1604/2614/2545 888/2725/2656
f 670/2721/2652 888/2725/2656 887/2726/2657
f 1282/2617/2548 1281/2727/2658 1603/2609/2540
f 1603/2609/2540 1281/2727/2658 1280/2728/2659
f 1603/2609/2540 1280/2728/2659 619/2729/2660
f 619/2729/2660 662/2610/2541 1603/2609/2540
f 766/2633/2564 773/2730/2661 1607/2626/2557
f 1607/2626/2557 773/2730/2661 772/2627/2558
f 784/2662/2593 815/2731/2662 1613/2655/2586
f 1613/2655/2586 815/2731/2662 814/2732/2663
f 1613/2655/2586 814/2732/2663 813/2733/2664
f 813/2733/2664 812/2734/2665 1613/2655/2586
f 1613/2655/2586 812/2734/2665 811/2735/2666
f 1613/2655/2586 811/2735/2666 810/2736/2667
f 810/2736/2667 809/2737/2668 1613/2655/2586
f 1613/2655/2586 809/2737/2668 808/2738/2669
f 1613/2655/2586 808/2738/2669 807/2739/2670
f 807/2739/2670 806/2740/2671 1613/2655/2586
f 1613/2655/2586 806/2740/2671 805/2741/2672
f 1613/2655/2586 805/2741/2672 804/2656/2587
f 802/2658/2589 801/2742/2673 1612/2651/2582
f 1612/2651/2582 801/2742/2673 800/2653/2584
f 672/2625/2556 903/2720/2651 1605/2618/2549
f 1605/2618/2549 903/2720/2651 902/2743/2674
f 1605/2618/2549 902/2743/2674 901/2619/2550
f 899/2621/2552 898/2744/2675 1604/2614/2545
f 1604/2614/2545 898/2744/2675 897/2745/2676
f 1604/2614/2545 897/2745/2676 896/2746/2677
f 896/2746/2677 895/2747/2678 1604/2614/2545
f 1604/2614/2545 895/2747/2678 894/2748/2679
f 1604/2614/2545 894/2748/2679 893/2749/2680
f 893/2749/2680 892/2750/2681 1604/2614/2545
f 1604/2614/2545 892/2750/2681 891/2751/2682
f 1604/2614/2545 891/2751/2682 890/2752/2683
f 890/2752/2683 889/2753/2684 1604/2614/2545
f 1604/2614/2545 889/2753/2684 888/2725/2656
f 887/2726/2657 886/2722/2653 670/2721/2652
f 884/2724/2655 883/2754/2685 671/2717/2648
f 671/2717/2648 883/2754/2685 882/2755/2686
f 671/2717/2648 882/2755/2686 881/2756/2687
f 881/2756/2687 880/2757/2688 671/2717/2648
f 671/2717/2648 880/2757/2688 879/2758/2689
f 671/2717/2648 879/2758/2689 878/2759/2690
f 878/2759/2690 877/2760/2691 671/2717/2648
f 671/2717/2648 877/2760/2691 876/2761/2692
f 671/2717/2648 876/2761/2692 875/2762/2693
f 875/2762/2693 874/2763/2694 671/2717/2648
f 671/2717/2648 874/2763/2694 873/2718/2649
f 638/2764/2695 1615/2765/2696 639/2766/2697
f 639/2766/2697 1615/2765/2696 1616/2767/2698
f 639/2766/2697 1616/2767/2698 640/2768/2699
f 640/2768/2699 1616/2767/2698 818/2769/2700
f 640/2768/2699 818/2769/2700 817/2770/2701
f 1616/2767/2698 1617/2771/2702 818/2769/2700
f 818/2769/2700 1617/2771/2702 819/2772/2703
f 819/2772/2703 1617/2771/2702 820/2773/2704
f 820/2773/2704 1617/2771/2702 821/2774/2705
f 821/2774/2705 1617/2771/2702 822/2775/2706
f 822/2775/2706 1617/2771/2702 823/2776/2707
f 823/2776/2707 1617/2771/2702 824/2777/2708
f 824/2777/2708 1617/2771/2702 825/2778/2709
f 825/2778/2709 1617/2771/2702 826/2779/2710
f 826/2779/2710 1617/2771/2702 827/2780/2711
f 827/2780/2711 1617/2771/2702 828/2781/2712
f 828/2781/2712 1617/2771/2702 829/2782/2713
f 829/2782/2713 1617/2771/2702 830/2783/2714
f 830/2783/2714 1617/2771/2702 831/2784/2715
f 831/2784/2715 1617/2771/2702 832/2785/2716
f 832/2785/2716 1617/2771/2702 684/2786/2717
f 832/2785/2716 684/2786/2717 683/2787/2718
f 684/2786/2717 1617/2771/2702 688/2788/2719
f 688/2788/2719 1617/2771/2702 1618/2789/2720
f 688/2788/2719 1618/2789/2720 689/2790/2721
f 689/2790/2721 1618/2789/2720 762/2791/2722
f 689/2790/2721 762/2791/2722 758/2792/2723
f 762/2791/2722 1618/2789/2720 744/2793/2724
f 744/2793/2724 1618/2789/2720 1619/2794/2725
f 744/2793/2724 1619/2794/2725 745/2795/2726
f 745/2795/2726 1619/2794/2725 746/2796/2727
f 746/2796/2727 1619/2794/2725 747/2797/2728
f 747/2797/2728 1619/2794/2725 1620/2798/2729
f 747/2797/2728 1620/2798/2729 752/2799/2730
f 752/2799/2730 1620/2798/2729 700/2800/2731
f 752/2799/2730 700/2800/2731 754/2801/2732
f 754/2801/2732 700/2800/2731 699/2802/2733
f 754/2801/2732 699/2802/2733 756/2803/2734
f 756/2803/2734 699/2802/2733 757/2804/2735
f 757/2804/2735 699/2802/2733 758/2792/2723
f 758/2792/2723 699/2802/2733 689/2790/2721
f 700/2800/2731 1620/2798/2729 701/2805/2736
f 701/2805/2736 1620/2798/2729 1621/2806/2737
f 701/2805/2736 1621/2806/2737 702/2807/2738
f 702/2807/2738 1621/2806/2737 1622/2808/2739
f 702/2807/2738 1622/2808/2739 764/2809/2740
f 764/2809/2740 1622/2808/2739 765/2810/2741
f 765/2810/2741 1622/2808/2739 768/2811/2742
f 768/2811/2742 1622/2808/2739 1623/2812/2743
f 768/2811/2742 1623/2812/2743 769/2813/2744
f 769/2813/2744 1623/2812/2743 770/2814/2745
f 770/2814/2745 1623/2812/2743 774/2815/2746
f 774/2815/2746 1623/2812/2743 1624/2816/2747
f 774/2815/2746 1624/2816/2747 1276/2817/2748
f 1276/2817/2748 1624/2816/2747 1277/2818/2749
f 1277/2818/2749 1624/2816/2747 904/2819/2750
f 1277/2818/2749 904/2819/2750 935/2820/2751
f 1625/2821/2752 916/2822/2753 1624/2816/2747
f 1624/2816/2747 916/2822/2753 915/2823/2754
f 1624/2816/2747 915/2823/2754 914/2824/2755
f 1626/2825/2756 624/2826/2757 1625/2821/2752
f 1625/2821/2752 624/2826/2757 623/2827/2758
f 1625/2821/2752 623/2827/2758 622/2828/2759
f 1626/2825/2756 625/2829/2760 624/2826/2757
f 1279/2830/2761 920/2831/2762 622/2828/2759
f 622/2828/2759 920/2831/2762 919/2832/2763
f 622/2828/2759 919/2832/2763 1625/2821/2752
f 1625/2821/2752 919/2832/2763 918/2833/2764
f 1625/2821/2752 918/2833/2764 917/2834/2765
f 1278/2835/2766 923/2836/2767 1279/2830/2761
f 1279/2830/2761 923/2836/2767 922/2837/2768
f 1279/2830/2761 922/2837/2768 921/2838/2769
f 1277/2818/2749 934/2839/2770 1278/2835/2766
f 1278/2835/2766 934/2839/2770 933/2840/2771
f 1278/2835/2766 933/2840/2771 932/2841/2772
f 1276/2817/2748 1275/2842/2773 774/2815/2746
f 774/2815/2746 1275/2842/2773 1274/2843/2774
f 774/2815/2746 1274/2843/2774 776/2844/2775
f 776/2844/2775 1274/2843/2774 1273/2845/2776
f 776/2844/2775 1273/2845/2776 1425/2846/2138
f 1425/2846/2138 1424/2847/2158 776/2844/2775
f 776/2844/2775 1424/2847/2158 778/2848/2777
f 778/2848/2777 1424/2847/2158 1240/2849/2778
f 778/2848/2777 1240/2849/2778 1250/2850/2779
f 778/2848/2777 1250/2850/2779 779/2851/2780
f 779/2851/2780 1250/2850/2779 1249/2852/2781
f 779/2851/2780 1249/2852/2781 780/2853/2782
f 780/2853/2782 1249/2852/2781 1248/2854/2783
f 780/2853/2782 1248/2854/2783 764/2809/2740
f 764/2809/2740 1248/2854/2783 702/2807/2738
f 683/2787/2718 682/2855/2784 832/2785/2716
f 832/2785/2716 682/2855/2784 678/2856/2785
f 832/2785/2716 678/2856/2785 833/2857/2786
f 833/2857/2786 678/2856/2785 834/2858/2787
f 834/2858/2787 678/2856/2785 835/2859/2788
f 835/2859/2788 678/2856/2785 836/2860/2789
f 836/2860/2789 678/2856/2785 837/2861/2790
f 837/2861/2790 678/2856/2785 838/2862/2791
f 838/2862/2791 678/2856/2785 839/2863/2792
f 839/2863/2792 678/2856/2785 840/2864/2793
f 840/2864/2793 678/2856/2785 841/2865/2794
f 841/2865/2794 678/2856/2785 641/2866/2795
f 841/2865/2794 641/2866/2795 842/2867/2796
f 842/2867/2796 641/2866/2795 843/2868/2797
f 843/2868/2797 641/2866/2795 844/2869/2798
f 844/2869/2798 641/2866/2795 845/2870/2799
f 845/2870/2799 641/2866/2795 846/2871/2800
f 846/2871/2800 641/2866/2795 847/2872/2801
f 847/2872/2801 641/2866/2795 816/2873/2802
f 816/2873/2802 641/2866/2795 640/2768/2699
f 816/2873/2802 640/2768/2699 817/2770/2701
f 935/2820/2751 934/2839/2770 1277/2818/2749
f 932/2841/2772 931/2874/2803 1278/2835/2766
f 1278/2835/2766 931/2874/2803 930/2875/2804
f 1278/2835/2766 930/2875/2804 929/2876/2805
f 929/2876/2805 928/2877/2806 1278/2835/2766
f 1278/2835/2766 928/2877/2806 927/2878/2807
f 1278/2835/2766 927/2878/2807 926/2879/2808
f 926/2879/2808 925/2880/2809 1278/2835/2766
f 1278/2835/2766 925/2880/2809 924/2881/2810
f 1278/2835/2766 924/2881/2810 923/2836/2767
f 921/2838/2769 920/2831/2762 1279/2830/2761
f 917/2834/2765 916/2822/2753 1625/2821/2752
f 914/2824/2755 913/2882/2811 1624/2816/2747
f 1624/2816/2747 913/2882/2811 912/2883/2812
f 1624/2816/2747 912/2883/2812 911/2884/2813
f 911/2884/2813 910/2885/2814 1624/2816/2747
f 1624/2816/2747 910/2885/2814 909/2886/2815
f 1624/2816/2747 909/2886/2815 908/2887/2816
f 908/2887/2816 907/2888/2817 1624/2816/2747
f 1624/2816/2747 907/2888/2817 906/2889/2818
f 1624/2816/2747 906/2889/2818 905/2890/2819
f 905/2890/2819 904/2819/2750 1624/2816/2747
f 1456/2891/2820 1455/2892/2821 1211/2893/2822
f 1211/2893/2822 1455/2892/2821 1478/2894/2823
f 1211/2893/2822 1478/2894/2823 1214/2895/2824
f 1214/2895/2824 1478/2894/2823 1477/2896/2825
f 1214/2895/2824 1477/2896/2825 1476/2897/2826
f 1476/2897/2826 1475/2898/2827 1214/2895/2824
f 1214/2895/2824 1475/2898/2827 1474/2899/2828
f 1214/2895/2824 1474/2899/2828 1473/2900/2829
f 1214/2895/2824 1473/2900/2829 1205/2901/2830
f 1205/2901/2830 1473/2900/2829 1472/2902/2831
f 1205/2901/2830 1472/2902/2831 1471/2903/2832
f 1471/2903/2832 1470/2904/2833 1205/2901/2830
f 1205/2901/2830 1470/2904/2833 1469/2905/2834
f 1205/2901/2830 1469/2905/2834 1468/2906/2835
f 1468/2906/2835 1467/2907/2836 1205/2901/2830
f 1205/2901/2830 1467/2907/2836 1208/2908/2837
f 1208/2908/2837 1467/2907/2836 1466/2909/2838
f 1208/2908/2837 1466/2909/2838 1465/2910/2839
f 1465/2910/2839 1464/2911/2840 1208/2908/2837
f 1208/2908/2837 1464/2911/2840 1463/2912/2841
f 1208/2908/2837 1463/2912/2841 1462/2913/2842
f 1462/2913/2842 1461/2914/2843 1208/2908/2837
f 1208/2908/2837 1461/2914/2843 1211/2893/2822
f 1208/2908/2837 1211/2893/2822 1627/2915/2844
f 1627/2915/2844 1211/2893/2822 1230/2916/2845
f 1627/2915/2844 1230/2916/2845 1227/2917/2846
f 1461/2914/2843 1460/2918/2847 1211/2893/2822
f 1211/2893/2822 1460/2918/2847 1459/2919/2848
f 1211/2893/2822 1459/2919/2848 1458/2920/2849
f 1458/2920/2849 1457/2921/2850 1211/2893/2822
f 1211/2893/2822 1457/2921/2850 1456/2891/2820
f 1204/2922/2851 1224/2923/2852 1205/2901/2830
f 1205/2901/2830 1224/2923/2852 638/2924/2853
f 1205/2901/2830 638/2924/2853 1214/2895/2824
f 1214/2895/2824 638/2924/2853 637/2925/2854
f 1214/2895/2824 637/2925/2854 1210/2926/2855
f 1210/2926/2855 637/2925/2854 1226/2927/2856
f 1210/2926/2855 1226/2927/2856 1230/2916/2845
f 1208/2908/2837 1615/2928/2857 1204/2922/2851
f 1204/2922/2851 1615/2928/2857 1220/2929/2858
f 1204/2922/2851 1220/2929/2858 1224/2923/2852
f 1211/2893/2822 1210/2926/2855 1230/2916/2845
f 1224/2923/2852 1221/2930/2859 638/2924/2853
f 638/2924/2853 1221/2930/2859 1615/2928/2857
f 1615/2928/2857 1221/2930/2859 1220/2929/2858
f 1627/2915/2844 1227/2917/2846 637/2925/2854
f 637/2925/2854 1227/2917/2846 1226/2927/2856
f 1627/2915/2844 1615/2928/2857 1208/2908/2837
f 990/2931/2860 1635/2932/2861 991/2933/2862
f 991/2933/2862 1635/2932/2861 1636/2934/2863
f 991/2933/2862 1636/2934/2863 1006/2935/2864
f 1006/2935/2864 1636/2934/2863 634/2936/2865
f 1006/2935/2864 634/2936/2865 1000/2937/2866
f 1000/2937/2866 634/2936/2865 633/2938/2867
f 1000/2937/2866 633/2938/2867 1001/2939/2868
f 1001/2939/2868 633/2938/2867 1002/2940/2869
f 1002/2940/2869 633/2938/2867 998/2941/2870
f 998/2941/2870 633/2938/2867 996/2942/2871
f 996/2942/2871 633/2938/2867 632/2943/2872
f 996/2942/2871 632/2943/2872 1634/2944/2873
f 1634/2944/2873 632/2943/2872 1633/2945/2874
f 1633/2945/2874 632/2943/2872 631/2946/2875
f 1633/2945/2874 631/2946/2875 1632/2947/2876
f 1632/2947/2876 631/2946/2875 630/2948/2877
f 1632/2947/2876 630/2948/2877 1009/2949/2878
f 1009/2949/2878 630/2948/2877 1022/2950/2879
f 1022/2950/2879 630/2948/2877 1023/2951/2880
f 1023/2951/2880 630/2948/2877 629/2952/2881
f 1023/2951/2880 629/2952/2881 1024/2953/2882
f 1024/2953/2882 629/2952/2881 1020/2954/2883
f 1020/2954/2883 629/2952/2881 1018/2955/2884
f 1018/2955/2884 629/2952/2881 628/2956/2885
f 1018/2955/2884 628/2956/2885 1630/2957/2886
f 1630/2957/2886 628/2956/2885 1148/2958/2887
f 1630/2957/2886 1148/2958/2887 1179/2959/2888
f 990/2931/2860 989/2960/2889 1635/2932/2861
f 1635/2932/2861 989/2960/2889 988/2961/2890
f 1635/2932/2861 988/2961/2890 996/2942/2871
f 1009/2949/2878 1008/2962/2891 1632/2947/2876
f 1632/2947/2876 1008/2962/2891 1014/2963/2892
f 1632/2947/2876 1014/2963/2892 1631/2964/2893
f 1631/2964/2893 1014/2963/2892 1013/2965/2894
f 1631/2964/2893 1013/2965/2894 1012/2966/2895
f 1012/2966/2895 1018/2955/2884 1631/2964/2893
f 1631/2964/2893 1018/2955/2884 1630/2957/2886
f 1091/2967/2896 1638/2968/2897 1060/2969/2898
f 1060/2969/2898 1638/2968/2897 636/2970/2899
f 1060/2969/2898 636/2970/2899 1061/2971/2900
f 1061/2971/2900 636/2970/2899 1062/2972/2901
f 1062/2972/2901 636/2970/2899 1063/2973/2902
f 1063/2973/2902 636/2970/2899 1064/2974/2903
f 1064/2974/2903 636/2970/2899 1065/2975/2904
f 1065/2975/2904 636/2970/2899 635/2976/2905
f 1065/2975/2904 635/2976/2905 1066/2977/2906
f 1066/2977/2906 635/2976/2905 1067/2978/2907
f 1067/2978/2907 635/2976/2905 1068/2979/2908
f 1068/2979/2908 635/2976/2905 1069/2980/2909
f 1069/2980/2909 635/2976/2905 1070/2981/2910
f 1070/2981/2910 635/2976/2905 1071/2982/2911
f 1071/2982/2911 635/2976/2905 1072/2983/2912
f 1072/2983/2912 635/2976/2905 1073/2984/2913
f 1073/2984/2913 635/2976/2905 1074/2985/2914
f 1074/2985/2914 635/2976/2905 1075/2986/2915
f 1075/2986/2915 635/2976/2905 1076/2987/2916
f 1076/2987/2916 635/2976/2905 1637/2988/2917
f 1076/2987/2916 1637/2988/2917 1077/2989/2918
f 1077/2989/2918 1637/2988/2917 1078/2990/2919
f 1078/2990/2919 1637/2988/2917 1079/2991/2920
f 1079/2991/2920 1637/2988/2917 1080/2992/2921
f 1080/2992/2921 1637/2988/2917 1081/2993/2922
f 1081/2993/2922 1637/2988/2917 1082/2994/2923
f 1082/2994/2923 1637/2988/2917 1083/2995/2924
f 1083/2995/2924 1637/2988/2917 1084/2996/2925
f 1084/2996/2925 1637/2988/2917 1085/2997/2926
f 1085/2997/2926 1637/2988/2917 1086/2998/2927
f 1086/2998/2927 1637/2988/2917 1087/2999/2928
f 1087/2999/2928 1637/2988/2917 1638/2968/2897
f 1087/2999/2928 1638/2968/2897 1088/3000/2929
f 1088/3000/2929 1638/2968/2897 1089/3001/2930
f 1089/3001/2930 1638/2968/2897 1090/3002/2931
f 1090/3002/2931 1638/2968/2897 1091/2967/2896
f 1179/2959/2888 1178/3003/2932 1630/2957/2886
f 1630/2957/2886 1178/3003/2932 1177/3004/2933
f 1630/2957/2886 1177/3004/2933 1176/3005/2934
f 1176/3005/2934 1175/3006/2935 1630/2957/2886
f 1630/2957/2886 1175/3006/2935 1174/3007/2936
f 1630/2957/2886 1174/3007/2936 1173/3008/2937
f 1173/3008/2937 1172/3009/2938 1630/2957/2886
f 1630/2957/2886 1172/3009/2938 1171/3010/2939
f 1630/2957/2886 1171/3010/2939 1170/3011/2940
f 1170/3011/2940 1169/3012/2941 1630/2957/2886
f 1630/2957/2886 1169/3012/2941 1168/3013/2942
f 1630/2957/2886 1168/3013/2942 1167/3014/2943
f 1167/3014/2943 1166/3015/2944 1630/2957/2886
f 1630/2957/2886 1166/3015/2944 1629/3016/2945
f 1629/3016/2945 1166/3015/2944 1165/3017/2946
f 1629/3016/2945 1165/3017/2946 1164/3018/2947
f 1629/3016/2945 1164/3018/2947 627/3019/2948
f 627/3019/2948 1164/3018/2947 1163/3020/2949
f 627/3019/2948 1163/3020/2949 1162/3021/2950
f 627/3019/2948 1162/3021/2950 628/2956/2885
f 628/2956/2885 1162/3021/2950 1161/3022/2951
f 628/2956/2885 1161/3022/2951 1160/3023/2952
f 1160/3023/2952 1159/3024/2953 628/2956/2885
f 628/2956/2885 1159/3024/2953 1158/3025/2954
f 628/2956/2885 1158/3025/2954 1157/3026/2955
f 1157/3026/2955 1156/3027/2956 628/2956/2885
f 628/2956/2885 1156/3027/2956 1155/3028/2957
f 628/2956/2885 1155/3028/2957 1154/3029/2958
f 1154/3029/2958 1153/3030/2959 628/2956/2885
f 628/2956/2885 1153/3030/2959 1152/3031/2960
f 628/2956/2885 1152/3031/2960 1151/3032/2961
f 1151/3032/2961 1150/3033/2962 628/2956/2885
f 628/2956/2885 1150/3033/2962 1149/3034/2963
f 628/2956/2885 1149/3034/2963 1148/2958/2887
f 626/3035/2964 1628/3036/2965 627/3019/2948
f 627/3019/2948 1628/3036/2965 1629/3016/2945
f 1634/2944/2873 1635/2932/2861 996/2942/2871
f 634/2936/2865 1636/2934/2863 635/2976/2905
f 635/2976/2905 1636/2934/2863 1637/2988/2917
f 1627/3037/2966 637/3038/2967 1638/2968/2897
f 1638/2968/2897 637/3038/2967 636/2970/2899
f 1628/3039/2968 964/3040/2969 1626/3041/2970
f 1626/3041/2970 964/3040/2969 961/3042/2971
f 1626/3041/2970 961/3042/2971 976/3043/2972
f 976/3043/2972 961/3042/2971 972/3044/2973
f 972/3044/2973 961/3042/2971 960/3045/2974
f 972/3044/2973 960/3045/2974 625/3046/2975
f 625/3046/2975 960/3045/2974 970/3047/2976
f 625/3046/2975 970/3047/2976 626/3048/2977
f 626/3048/2977 970/3047/2976 967/3049/2978
f 626/3048/2977 967/3049/2978 986/3050/2979
f 986/3050/2979 967/3049/2978 982/3051/2980
f 982/3051/2980 967/3049/2978 966/3052/2981
f 982/3051/2980 966/3052/2981 1628/3039/2968
f 1628/3039/2968 966/3052/2981 964/3040/2969
f 982/3051/2980 1628/3039/2968 983/3053/2982
f 983/3053/2982 1628/3039/2968 626/3048/2977
f 983/3053/2982 626/3048/2977 986/3050/2979
f 972/3044/2973 625/3046/2975 973/3054/2983
f 973/3054/2983 625/3046/2975 1626/3041/2970
f 973/3054/2983 1626/3041/2970 976/3043/2972
f 1528/3055/2984 1527/3056/2985 966/3052/2981
f 966/3052/2981 1527/3056/2985 1550/3057/2986
f 966/3052/2981 1550/3057/2986 1549/3058/2987
f 1549/3058/2987 1548/3059/2988 966/3052/2981
f 966/3052/2981 1548/3059/2988 1547/3060/2989
f 966/3052/2981 1547/3060/2989 1546/3061/2990
f 1546/3061/2990 1545/3062/2991 966/3052/2981
f 966/3052/2981 1545/3062/2991 964/3040/2969
f 1545/3062/2991 1544/3063/2992 964/3040/2969
f 964/3040/2969 1544/3063/2992 1543/3064/2993
f 964/3040/2969 1543/3064/2993 1542/3065/2994
f 1542/3065/2994 1541/3066/2995 964/3040/2969
f 964/3040/2969 1541/3066/2995 1540/3067/2996
f 964/3040/2969 1540/3067/2996 1539/3068/2997
f 964/3040/2969 1539/3068/2997 960/3045/2974
f 960/3045/2974 1539/3068/2997 1538/3069/2998
f 960/3045/2974 1538/3069/2998 1537/3070/2999
f 1537/3070/2999 1536/3071/3000 960/3045/2974
f 960/3045/2974 1536/3071/3000 1535/3072/3001
f 960/3045/2974 1535/3072/3001 1534/3073/3002
f 1534/3073/3002 1533/3074/3003 960/3045/2974
f 960/3045/2974 1533/3074/3003 970/3047/2976
f 1533/3074/3003 1532/3075/3004 970/3047/2976
f 970/3047/2976 1532/3075/3004 1531/3076/3005
f 970/3047/2976 1531/3076/3005 1530/3077/3006
f 1530/3077/3006 1529/3078/3007 970/3047/2976
f 970/3047/2976 1529/3078/3007 1528/3055/2984
f 970/3047/2976 1528/3055/2984 966/3052/2981
f 1639/3079/3008 1640/3080/3009 1578/3081/3010
f 1578/3081/3010 1640/3080/3009 1579/3082/3011
f 1641/3083/3012 1639/3084/3013 1577/3085/3014
f 1577/3085/3014 1639/3084/3013 1578/3086/3015
f 1640/3087/3016 1642/3088/3017 1579/3089/3018
f 1579/3089/3018 1642/3088/3017 1580/3090/3019
f 1642/3091/3020 1641/3092/3021 1580/3093/3022
f 1580/3093/3022 1641/3092/3021 1577/3094/3023
f 1643/3095/3024 1644/3096/3025 1586/3097/3026
f 1586/3097/3026 1644/3096/3025 1583/3098/3027
f 1645/3099/3028 1643/3100/3029 1585/3101/3030
f 1585/3101/3030 1643/3100/3029 1586/3102/3031
f 1644/3103/3032 1646/3104/3033 1583/3105/3034
f 1583/3105/3034 1646/3104/3033 1584/3106/3035
f 1646/3107/3036 1645/3108/3037 1584/3109/3038
f 1584/3109/3038 1645/3108/3037 1585/3110/3039
f 1643/3111/3040 1587/3112/3041 1644/3113/3042
f 1644/3113/3042 1587/3112/3041 1601/3114/3043
f 1644/3113/3042 1601/3114/3043 1646/3115/3044
f 1646/3115/3044 1601/3114/3043 1629/3116/3045
f 1646/3115/3044 1629/3116/3045 1628/3117/3046
f 1645/3118/3047 1626/3119/3048 1643/3111/3040
f 1643/3111/3040 1626/3119/3048 1588/3120/3049
f 1643/3111/3040 1588/3120/3049 1587/3112/3041
f 1626/3119/3048 1645/3118/3047 1628/3117/3046
f 1628/3117/3046 1645/3118/3047 1646/3115/3044
f 1639/3121/3050 1602/3122/3051 1640/3123/3052
f 1640/3123/3052 1602/3122/3051 1614/3124/3053
f 1640/3123/3052 1614/3124/3053 1642/3125/3054
f 1642/3125/3054 1614/3124/3053 1616/3126/3055
f 1642/3125/3054 1616/3126/3055 1615/3127/3056
f 1641/3128/3057 1627/3129/3058 1639/3121/3050
f 1639/3121/3050 1627/3129/3058 1589/3130/3059
f 1639/3121/3050 1589/3130/3059 1602/3122/3051
f 1627/3129/3058 1641/3128/3057 1615/3127/3056
f 1615/3127/3056 1641/3128/3057 1642/3125/3054
f 1588/3120/3049 1626/3119/3048 1603/3131/3060
f 1603/3131/3060 1626/3119/3048 1625/3132/3061
f 1603/3131/3060 1625/3132/3061 1604/3133/3062
f 1604/3133/3062 1625/3132/3061 1624/3134/3063
f 1604/3133/3062 1624/3134/3063 1605/3135/3064
f 1605/3135/3064 1624/3134/3063 1623/3136/3065
f 1605/3135/3064 1623/3136/3065 1606/3137/3066
f 1606/3137/3066 1623/3136/3065 1622/3138/3067
f 1606/3137/3066 1622/3138/3067 1607/3139/3068
f 1607/3139/3068 1622/3138/3067 1621/3140/3069
f 1607/3139/3068 1621/3140/3069 1608/3141/3070
f 1608/3141/3070 1621/3140/3069 1620/3142/3071
f 1608/3141/3070 1620/3142/3071 1609/3143/3072
f 1609/3143/3072 1620/3142/3071 1610/3144/3073
f 1610/3144/3073 1620/3142/3071 1619/3145/3074
f 1610/3144/3073 1619/3145/3074 1611/3146/3075
f 1611/3146/3075 1619/3145/3074 1618/3147/3076
f 1611/3146/3075 1618/3147/3076 1612/3148/3077
f 1612/3148/3077 1618/3147/3076 1617/3149/3078
f 1612/3148/3077 1617/3149/3078 1613/3150/3079
f 1613/3150/3079 1617/3149/3078 1616/3126/3055
f 1613/3150/3079 1616/3126/3055 1614/3124/3053
f 1589/3130/3059 1627/3129/3058 1590/3151/3080
f 1590/3151/3080 1627/3129/3058 1638/3152/3081
f 1590/3151/3080 1638/3152/3081 1591/3153/3082
f 1591/3153/3082 1638/3152/3081 1637/3154/3083
f 1591/3153/3082 1637/3154/3083 1592/3155/3084
f 1592/3155/3084 1637/3154/3083 1636/3156/3085
f 1592/3155/3084 1636/3156/3085 1593/3157/3086
f 1593/3157/3086 1636/3156/3085 1635/3158/3087
f 1593/3157/3086 1635/3158/3087 1594/3159/3088
f 1594/3159/3088 1635/3158/3087 1634/3160/3089
f 1594/3159/3088 1634/3160/3089 1595/3161/3090
f 1595/3161/3090 1634/3160/3089 1633/3162/3091
f 1595/3161/3090 1633/3162/3091 1596/3163/3092
f 1596/3163/3092 1633/3162/3091 1597/3164/3093
f 1597/3164/3093 1633/3162/3091 1632/3165/3094
f 1597/3164/3093 1632/3165/3094 1598/3166/3095
f 1598/3166/3095 1632/3165/3094 1631/3167/3096
f 1598/3166/3095 1631/3167/3096 1599/3168/3097
f 1599/3168/3097 1631/3167/3096 1630/3169/3098
f 1599/3168/3097 1630/3169/3098 1600/3170/3099
f 1600/3170/3099 1630/3169/3098 1629/3116/3045
f 1600/3170/3099 1629/3116/3045 1601/3114/3043
# 1646 vertices
# 3170 texture params
# 3099 normals
# 3360 facets

# 2 groups
