# WaveFront *.obj file (generated by Autodesk ATF)

mtllib tvc stage 2.mtl

g Body1

v 3.898610 0.253319 0.617013
v 3.898610 0.248208 0.655836
v 3.898610 0.233223 0.692013
v 3.898610 0.209385 0.723079
v 3.898610 0.178319 0.746917
v 3.898610 0.142142 0.761902
v 3.898610 0.103319 0.767013
v 3.898610 0.064497 0.761902
v 3.898610 0.028319 0.746917
v 3.898610 -0.002747 0.723079
v 3.898610 -0.026584 0.692013
v 3.898610 -0.041570 0.655836
v 3.898610 -0.046681 0.617013
v 3.898610 -0.041570 0.578190
v 3.898610 -0.026584 0.542013
v 3.898610 -0.002747 0.510947
v 3.898610 0.028319 0.487109
v 3.898610 0.064497 0.472124
v 3.898610 0.103319 0.467013
v 3.898610 0.142142 0.472124
v 3.898610 0.178319 0.487109
v 3.898610 0.209385 0.510947
v 3.898610 0.233223 0.542013
v 3.898610 0.248208 0.578190
v 3.039745 -0.046681 0.617013
v 3.039951 -0.043841 0.645854
v 3.040545 -0.035260 0.674421
v 3.041456 -0.021128 0.700683
v 3.042512 -0.002753 0.723073
v 3.043599 0.019634 0.741450
v 3.044601 0.045892 0.755585
v 3.045348 0.074456 0.764169
v 3.045753 0.103295 0.767013
v 3.045791 0.132137 0.764178
v 3.045483 0.160710 0.755600
v 3.044884 0.186980 0.741467
v 3.044142 0.209378 0.723087
v 3.043368 0.227761 0.700692
v 3.042675 0.241897 0.674426
v 3.042214 0.250479 0.645855
v 3.042052 0.253319 0.617013
v 3.042214 0.250479 0.588171
v 3.042675 0.241897 0.559601
v 3.043368 0.227761 0.533334
v 3.044142 0.209378 0.510940
v 3.044884 0.186980 0.492559
v 3.045483 0.160710 0.478426
v 3.045791 0.132137 0.469848
v 3.045753 0.103295 0.467013
v 3.045348 0.074456 0.469858
v 3.044601 0.045892 0.478442
v 3.043599 0.019634 0.492576
v 3.042512 -0.002753 0.510953
v 3.041456 -0.021128 0.533343
v 3.040545 -0.035260 0.559605
v 3.039951 -0.043841 0.588172
v -3.094822 -0.046681 0.617013
v -3.095028 -0.043841 0.588172
v -3.095622 -0.035260 0.559605
v -3.096532 -0.021128 0.533343
v -3.097589 -0.002753 0.510953
v -3.098675 0.019634 0.492576
v -3.099678 0.045892 0.478442
v -3.100424 0.074456 0.469858
v -3.100829 0.103295 0.467013
v -3.100867 0.132137 0.469848
v -3.100560 0.160710 0.478426
v -3.099961 0.186980 0.492559
v -3.099218 0.209378 0.510940
v -3.098445 0.227761 0.533334
v -3.097752 0.241897 0.559601
v -3.097290 0.250479 0.588171
v -3.097128 0.253319 0.617013
v -3.097290 0.250479 0.645855
v -3.097752 0.241897 0.674426
v -3.098445 0.227761 0.700692
v -3.099218 0.209378 0.723087
v -3.099961 0.186980 0.741467
v -3.100560 0.160710 0.755600
v -3.100867 0.132137 0.764178
v -3.100829 0.103295 0.767013
v -3.100424 0.074456 0.764169
v -3.099678 0.045892 0.755585
v -3.098675 0.019634 0.741450
v -3.097589 -0.002753 0.723073
v -3.096532 -0.021128 0.700683
v -3.095622 -0.035260 0.674421
v -3.095028 -0.043841 0.645854
v -3.953710 -0.046681 0.617013
v -3.953710 -0.041570 0.655836
v -3.953710 -0.026584 0.692013
v -3.953710 -0.002747 0.723079
v -3.953710 0.028319 0.746917
v -3.953710 0.064497 0.761902
v -3.953710 0.103319 0.767013
v -3.953710 0.142142 0.761902
v -3.953710 0.178319 0.746917
v -3.953710 0.209385 0.723079
v -3.953710 0.233223 0.692013
v -3.953710 0.248208 0.655836
v -3.953710 0.253319 0.617013
v -3.953710 0.248208 0.578190
v -3.953710 0.233223 0.542013
v -3.953710 0.209385 0.510947
v -3.953710 0.178319 0.487109
v -3.953710 0.142142 0.472124
v -3.953710 0.103319 0.467013
v -3.953710 0.064497 0.472124
v -3.953710 0.028319 0.487109
v -3.953710 -0.002747 0.510947
v -3.953710 -0.026584 0.542013
v -3.953710 -0.041570 0.578190
v -0.037604 2.281118 0.783682
v -0.076427 2.281118 0.778571
v -0.112604 2.281118 0.763586
v -0.143670 2.281118 0.739748
v -0.167508 2.281118 0.708682
v -0.182493 2.281118 0.672505
v -0.187604 2.281118 0.633682
v -0.182493 2.281118 0.594859
v -0.167508 2.281118 0.558682
v -0.143670 2.281118 0.527616
v -0.112604 2.281118 0.503778
v -0.076427 2.281118 0.488793
v -0.037604 2.281118 0.483682
v 0.001219 2.281118 0.488793
v 0.037396 2.281118 0.503778
v 0.068462 2.281118 0.527616
v 0.092299 2.281118 0.558682
v 0.107285 2.281118 0.594859
v 0.112396 2.281118 0.633682
v 0.107285 2.281118 0.672505
v 0.092299 2.281118 0.708682
v 0.068462 2.281118 0.739748
v 0.037396 2.281118 0.763586
v 0.001219 2.281118 0.778571
v -0.037604 2.681118 0.783682
v 0.001219 2.681118 0.778571
v 0.037396 2.681118 0.763586
v 0.068462 2.681118 0.739748
v 0.092299 2.681118 0.708682
v 0.107285 2.681118 0.672505
v 0.112396 2.681118 0.633682
v 0.107285 2.681118 0.594859
v 0.092299 2.681118 0.558682
v 0.068462 2.681118 0.527616
v 0.037396 2.681118 0.503778
v 0.001219 2.681118 0.488793
v -0.037604 2.681118 0.483682
v -0.076427 2.681118 0.488793
v -0.112604 2.681118 0.503778
v -0.143670 2.681118 0.527616
v -0.167508 2.681118 0.558682
v -0.182493 2.681118 0.594859
v -0.187604 2.681118 0.633682
v -0.182493 2.681118 0.672505
v -0.167508 2.681118 0.708682
v -0.143670 2.681118 0.739748
v -0.112604 2.681118 0.763586
v -0.076427 2.681118 0.778571
v -0.037604 -2.038882 0.783682
v 0.001219 -2.038882 0.778571
v 0.037396 -2.038882 0.763586
v 0.068462 -2.038882 0.739748
v 0.092299 -2.038882 0.708682
v 0.107285 -2.038882 0.672505
v 0.112396 -2.038882 0.633682
v 0.107285 -2.038882 0.594859
v 0.092299 -2.038882 0.558682
v 0.068462 -2.038882 0.527616
v 0.037396 -2.038882 0.503778
v 0.001219 -2.038882 0.488793
v -0.037604 -2.038882 0.483682
v -0.076427 -2.038882 0.488793
v -0.112604 -2.038882 0.503778
v -0.143670 -2.038882 0.527616
v -0.167508 -2.038882 0.558682
v -0.182493 -2.038882 0.594859
v -0.187604 -2.038882 0.633682
v -0.182493 -2.038882 0.672505
v -0.167508 -2.038882 0.708682
v -0.143670 -2.038882 0.739748
v -0.112604 -2.038882 0.763586
v -0.076427 -2.038882 0.778571
v -0.037604 -2.438882 0.483682
v 0.001219 -2.438882 0.488793
v 0.037396 -2.438882 0.503778
v 0.068462 -2.438882 0.527616
v 0.092299 -2.438882 0.558682
v 0.107285 -2.438882 0.594859
v 0.112396 -2.438882 0.633682
v 0.107285 -2.438882 0.672505
v 0.092299 -2.438882 0.708682
v 0.068462 -2.438882 0.739748
v 0.037396 -2.438882 0.763586
v 0.001219 -2.438882 0.778571
v -0.037604 -2.438882 0.783682
v -0.076427 -2.438882 0.778571
v -0.112604 -2.438882 0.763586
v -0.143670 -2.438882 0.739748
v -0.167508 -2.438882 0.708682
v -0.182493 -2.438882 0.672505
v -0.187604 -2.438882 0.633682
v -0.182493 -2.438882 0.594859
v -0.167508 -2.438882 0.558682
v -0.143670 -2.438882 0.527616
v -0.112604 -2.438882 0.503778
v -0.076427 -2.438882 0.488793
v 2.778792 -0.959489 0.161497
v 2.684726 -1.121899 0.158765
v 2.577841 -1.276174 0.156170
v 2.458834 -1.421304 0.153729
v 3.139449 -1.421304 0.153729
v 3.239607 -1.273607 0.156213
v 3.329472 -1.119430 0.158807
v 3.408625 -0.959489 0.161497
v 2.881959 -0.735310 0.565325
v 3.497999 -0.735310 0.565325
v 2.771653 -0.972945 0.961384
v 3.402482 -0.972945 0.961384
v 2.446764 -1.434760 0.953615
v 2.567474 -1.289809 0.956054
v 2.676010 -1.135531 0.958649
v 3.322123 -1.132992 0.958692
v 3.231011 -1.287171 0.956098
v 3.129572 -1.434760 0.953615
v 2.213704 -1.658939 0.549788
v 2.943795 -1.658939 0.549788
v 2.331938 1.795271 0.247970
v 2.468928 1.652124 0.245562
v 2.593204 1.497811 0.242966
v 2.703860 1.333456 0.240201
v 3.344430 1.333456 0.240201
v 3.252881 1.494529 0.242911
v 3.150171 1.648725 0.245504
v 3.036812 1.795271 0.247970
v 2.059513 2.019450 0.651798
v 2.199993 1.912547 0.459225
v 2.826933 2.019450 0.651798
v 2.345848 1.781815 1.047857
v 2.207452 1.906382 0.840244
v 3.047928 1.781815 1.047857
v 2.712044 1.320000 1.040088
v 2.603212 1.484130 1.042849
v 2.480853 1.638439 1.045445
v 3.159865 1.635141 1.045389
v 3.261193 1.480947 1.042795
v 3.351410 1.320000 1.040088
v 2.831137 1.095821 0.636260
v 3.453835 1.095821 0.636260
v -1.069651 2.681118 0.992084
v -0.607836 2.681118 0.984315
v -0.607836 2.281118 0.984315
v -1.069651 2.281118 0.992084
v -1.069651 -2.038882 0.992084
v -0.607836 -2.038882 0.984315
v -0.607836 -2.438882 0.984315
v -1.069651 -2.438882 0.992084
v -1.307287 2.681118 0.596025
v -1.307287 2.281118 0.596025
v -1.307287 -2.038882 0.596025
v -1.307287 -2.438882 0.596025
v -0.383657 2.681118 0.580488
v -0.383657 2.281118 0.580488
v -1.083107 2.681118 0.192197
v -1.083107 2.281118 0.192197
v -1.083107 -2.038882 0.192197
v -1.083107 -2.438882 0.192197
v -0.621292 2.681118 0.184429
v -0.621292 2.281118 0.184429
v -0.621292 -2.038882 0.184429
v -0.621292 -2.438882 0.184429
v -0.383657 -2.038882 0.580488
v -0.383657 -2.438882 0.580488
v 0.549988 2.681118 1.005810
v 1.011803 2.681118 0.998041
v 1.011803 2.281118 0.998041
v 0.549988 2.281118 1.005810
v 0.549988 -2.038882 1.005810
v 1.011803 -2.038882 0.998041
v 1.011803 -2.438882 0.998041
v 0.549988 -2.438882 1.005810
v 0.312353 2.681118 0.609751
v 0.312353 2.281118 0.609751
v 0.312353 -2.038882 0.609751
v 0.312353 -2.438882 0.609751
v 1.235983 2.681118 0.594213
v 1.235983 2.281118 0.594213
v 0.536532 2.681118 0.205923
v 0.536532 2.281118 0.205923
v 0.536532 -2.038882 0.205923
v 0.536532 -2.438882 0.205923
v 0.998347 2.681118 0.198154
v 0.998347 2.281118 0.198154
v 0.998347 -2.038882 0.198154
v 0.998347 -2.438882 0.198154
v 1.235983 -2.038882 0.594213
v 1.235983 -2.438882 0.594213
v -2.291064 1.882310 0.753989
v -2.530519 1.644675 1.150048
v -3.208152 1.644675 1.150048
v -3.016192 1.882310 0.753989
v -2.518710 1.658131 0.350161
v -3.198458 1.658131 0.350161
v -2.836707 1.196316 0.342392
v -2.743269 1.358656 0.345123
v -2.637039 1.512930 0.347718
v -3.298107 1.510391 0.347676
v -3.387474 1.356214 0.345082
v -3.466146 1.196316 0.342392
v -2.944434 0.958680 0.738451
v -3.559525 0.958680 0.738451
v -2.647181 1.499301 1.147602
v -2.751796 1.345031 1.145007
v -2.843688 1.182860 1.142279
v -3.472161 1.182860 1.142279
v -3.394677 1.342655 1.144967
v -3.306539 1.496830 1.147561
v -2.833288 -0.960592 1.084916
v -2.739094 -1.123016 1.082184
v -2.632074 -1.277291 1.079588
v -2.512929 -1.422407 1.077147
v -3.193721 -1.422407 1.077147
v -3.293984 -1.274718 1.079632
v -3.383950 -1.120541 1.082225
v -3.463202 -0.960592 1.084916
v -2.941902 -0.722957 0.688857
v -3.557317 -0.722957 0.688857
v -2.840323 -0.947136 0.285029
v -3.469261 -0.947136 0.285029
v -2.524827 -1.408951 0.277260
v -2.642293 -1.263660 0.279705
v -2.747686 -1.109388 0.282300
v -3.391204 -1.106981 0.282340
v -3.302473 -1.261157 0.279747
v -3.203477 -1.408951 0.277260
v -2.283436 -1.646586 0.673319
v -3.010251 -1.646586 0.673319
v 3.642037 0.121118 5.705920
v 3.641990 0.136497 5.707434
v 3.641858 0.151733 5.712010
v 3.641656 0.165742 5.719548
v 3.641426 0.177686 5.729352
v 3.641195 0.187490 5.741296
v 3.640993 0.195028 5.755305
v 3.640860 0.199604 5.770541
v 3.640814 0.201118 5.785920
v 3.640860 0.199604 5.801300
v 3.640993 0.195028 5.816536
v 3.641195 0.187490 5.830545
v 3.641426 0.177686 5.842489
v 3.641656 0.165742 5.852292
v 3.641858 0.151733 5.859830
v 3.641990 0.136497 5.864406
v 3.642037 0.121118 5.865920
v 3.641990 0.105739 5.864406
v 3.641858 0.090502 5.859830
v 3.641656 0.076494 5.852292
v 3.641426 0.064549 5.842489
v 3.641195 0.054746 5.830545
v 3.640993 0.047208 5.816536
v 3.640860 0.042632 5.801300
v 3.640814 0.041118 5.785920
v 3.640860 0.042632 5.770541
v 3.640993 0.047208 5.755305
v 3.641195 0.054746 5.741296
v 3.641426 0.064549 5.729352
v 3.641656 0.076494 5.719548
v 3.641858 0.090502 5.712010
v 3.641990 0.105739 5.707434
v 3.044442 0.041118 5.785920
v 3.044494 0.042632 5.801300
v 3.044644 0.047208 5.816536
v 3.044871 0.054746 5.830545
v 3.045132 0.064549 5.842489
v 3.045392 0.076493 5.852292
v 3.045619 0.090502 5.859830
v 3.045769 0.105738 5.864406
v 3.045821 0.121118 5.865920
v 3.045769 0.136497 5.864406
v 3.045619 0.151734 5.859830
v 3.045392 0.165742 5.852292
v 3.045132 0.177686 5.842489
v 3.044871 0.187490 5.830545
v 3.044644 0.195028 5.816536
v 3.044494 0.199604 5.801300
v 3.044442 0.201118 5.785920
v 3.044494 0.199604 5.770541
v 3.044644 0.195028 5.755304
v 3.044871 0.187490 5.741296
v 3.045132 0.177686 5.729352
v 3.045392 0.165742 5.719548
v 3.045619 0.151734 5.712010
v 3.045769 0.136497 5.707434
v 3.045821 0.121118 5.705920
v 3.045769 0.105738 5.707434
v 3.045619 0.090502 5.712010
v 3.045392 0.076493 5.719548
v 3.045132 0.064549 5.729352
v 3.044871 0.054746 5.741296
v 3.044644 0.047208 5.755304
v 3.044494 0.042632 5.770541
v 3.343239 0.041118 5.785920
v 3.343239 0.121118 5.705920
v 3.343239 0.141823 5.708646
v 3.343239 0.161118 5.716638
v 3.343239 0.177686 5.729352
v 3.343239 0.190400 5.745920
v 3.343239 0.198392 5.765215
v 3.343239 0.201118 5.785920
v 3.343239 0.198392 5.806626
v 3.343239 0.190400 5.825920
v 3.343239 0.177686 5.842489
v 3.343239 0.161118 5.855202
v 3.343239 0.141823 5.863194
v 3.343239 0.121118 5.865920
v 3.343239 0.100412 5.863194
v 3.343239 0.081118 5.855202
v 3.343239 0.064549 5.842489
v 3.343239 0.051836 5.825920
v 3.343239 0.043844 5.806626
v 3.343239 0.043844 5.765215
v 3.343239 0.051836 5.745920
v 3.343239 0.064549 5.729352
v 3.343239 0.081118 5.716638
v 3.343239 0.100412 5.708646
v -3.372707 -0.616418 3.692053
v -3.465770 -0.660157 3.690364
v -3.569406 -0.686591 3.687639
v -3.463715 -0.959460 2.525993
v -3.334241 -0.907255 2.519310
v -3.221726 -0.825689 2.504436
v -3.133180 -0.719845 2.482298
v -3.074117 -0.596313 2.454274
v -3.048216 -0.462791 2.422110
v -3.057092 -0.327593 2.387810
v -3.093084 -0.069138 3.692053
v -3.091968 -0.150126 3.692053
v -3.101884 -0.230369 3.692053
v -3.122742 -0.308654 3.692053
v -3.154168 -0.383204 3.692053
v -3.195611 -0.452548 3.692053
v -3.246551 -0.515519 3.692053
v -3.305938 -0.570536 3.692053
v -3.132159 -1.503397 2.081378
v -2.951506 -1.523230 2.048244
v -2.795376 -1.550364 2.004428
v -2.552354 -1.608604 1.917689
v -2.293002 -1.695996 1.802710
v -2.057753 -1.815901 1.667451
v -2.266179 -1.661082 1.577026
v -2.461229 -1.478489 1.522074
v -2.635552 -1.272642 1.510484
v -2.783429 -1.050319 1.551729
v -2.846156 -0.935772 1.595703
v -2.900609 -0.821865 1.656937
v -2.946222 -0.711771 1.736056
v -2.983312 -0.608107 1.833752
v -3.012150 -0.514425 1.949578
v -3.033378 -0.434525 2.081820
v -3.048074 -0.371135 2.229218
v -3.450290 -0.988612 2.440456
v -3.428527 -1.033984 2.360421
v -3.398406 -1.093324 2.288320
v -3.359828 -1.164307 2.225499
v -3.313399 -1.243394 2.173448
v -3.259298 -1.328235 2.132171
v -3.315321 -1.068183 2.274344
v -2.740658 -1.132863 1.617644
v -3.150613 -1.335786 2.104294
v -2.750139 -1.154396 1.700073
v -2.770552 -1.182097 1.778585
v -2.801376 -1.215292 1.851360
v -2.841928 -1.253225 1.916667
v -2.891222 -1.294990 1.973006
v -2.948135 -1.339621 2.019019
v -3.011305 -1.386063 2.053673
v -3.079275 -1.433232 2.076107
v -2.937915 -1.478544 2.037307
v -2.876668 -1.431454 2.001842
v -2.820925 -1.387425 1.955143
v -2.771995 -1.347487 1.898245
v -2.730977 -1.312542 1.832494
v -2.698848 -1.283416 1.759375
v -2.676314 -1.260756 1.680599
v -2.663932 -1.245112 1.597963
v -2.677169 -1.552533 1.950818
v -2.629199 -1.514863 1.894074
v -2.587546 -1.483769 1.828972
v -2.553158 -1.459966 1.756923
v -2.526767 -1.443951 1.679547
v -2.508987 -1.436110 1.598538
v -2.386690 -1.625494 1.790896
v -2.356715 -1.613544 1.716400
v -2.333743 -1.610481 1.638593
v -2.813234 -1.011748 1.656311
v -2.819937 -1.040748 1.737257
v -2.838288 -1.074872 1.814309
v -2.867807 -1.113294 1.885660
v -2.907838 -1.155116 1.949589
v -2.957391 -1.199336 2.004612
v -3.015327 -1.244911 2.049387
v -3.080239 -1.290757 2.082895
v -2.910945 -0.815874 1.763350
v -2.914254 -0.859343 1.838060
v -2.930050 -0.906016 1.909155
v -2.957904 -0.954768 1.974956
v -2.997202 -1.004442 2.033869
v -3.046960 -1.053852 2.084518
v -3.106031 -1.101815 2.125659
v -3.172972 -1.147194 2.156351
v -3.246212 -1.188895 2.175817
v -2.949293 -0.723730 1.838064
v -2.951625 -0.774976 1.907500
v -2.966673 -0.828445 1.973589
v -2.994028 -0.882860 2.034778
v -3.033090 -0.936928 2.089588
v -3.082885 -0.989369 2.136745
v -3.142270 -1.038926 2.175096
v -3.209798 -1.084436 2.203766
v -3.283892 -1.124799 2.222034
v -2.980949 -0.637931 1.927403
v -2.982805 -0.696915 1.989936
v -2.997484 -0.757183 2.049480
v -3.024589 -0.817311 2.104645
v -3.063529 -0.875879 2.154110
v -3.113342 -0.931514 2.196734
v -3.172893 -0.982890 2.231483
v -3.240743 -1.028815 2.257570
v -3.006044 -0.561321 2.030367
v -3.007877 -0.627567 2.084392
v -3.022532 -0.694251 2.135863
v -3.049617 -0.759818 2.183594
v -3.088548 -0.822733 2.226452
v -3.138375 -0.881541 2.263462
v -3.197975 -0.934854 2.293734
v -3.265923 -0.981452 2.316592
v -3.340664 -1.020220 2.331471
v -3.025115 -0.496170 2.145938
v -3.027252 -0.568804 2.189943
v -3.042135 -0.641160 2.231895
v -3.069373 -0.711578 2.270838
v -3.108385 -0.778425 2.305862
v -3.158230 -0.840179 2.336177
v -3.217802 -0.895398 2.361067
v -3.285692 -0.942838 2.379979
v -3.360368 -0.981375 2.392456
v -3.038810 -0.444420 2.273037
v -3.041412 -0.522237 2.305664
v -3.056648 -0.599218 2.336789
v -3.084126 -0.673620 2.365710
v -3.123266 -0.743738 2.391760
v -3.173136 -0.807997 2.414360
v -3.232642 -0.864912 2.432982
v -3.300396 -0.913221 2.447219
v -3.374887 -0.951789 2.456728
v -1.858369 -1.933500 1.554260
v -1.632270 -2.037022 1.467527
v -1.632270 -2.037022 1.229013
v -1.630693 -2.037643 1.229013
v -1.629116 -2.038263 1.229013
v -1.627538 -2.038882 1.229013
v -1.627538 -2.038882 0.017013
v -2.008823 -1.847283 0.017013
v -2.348566 -1.589092 0.017013
v -2.635275 -1.273044 0.017013
v -2.859249 -0.909831 0.017013
v -3.012913 -0.511741 0.017013
v -3.091066 -0.092241 0.017013
v -3.091066 0.334477 0.017013
v -3.012913 0.753977 0.017013
v -2.859249 1.152067 0.017013
v -2.635275 1.515279 0.017013
v -2.348566 1.831327 0.017013
v -2.008823 2.089518 0.017013
v -1.627538 2.281118 0.017013
v -1.627538 2.281118 1.229013
v -1.629116 2.280499 1.229013
v -1.630693 2.279879 1.229013
v -1.632270 2.279257 1.229013
v -1.632270 2.279257 1.263860
v -1.862279 2.173671 1.279881
v -2.077904 2.044636 1.306389
v -2.275378 1.895631 1.346844
v -2.451363 1.730987 1.404527
v -2.603886 1.556050 1.481918
v -2.737944 1.366737 1.586837
v -2.849621 1.171188 1.721932
v -2.933789 0.985540 1.881591
v -2.992696 0.821319 2.055944
v -3.034459 0.672340 2.252301
v -3.062368 0.542205 2.469503
v -3.079498 0.435502 2.702913
v -3.089051 0.355458 2.947459
v -3.093722 0.303584 3.197400
v -3.095459 0.280040 3.446482
v -3.095212 0.283449 3.692053
v -3.100465 0.165934 3.692053
v -3.099755 0.048305 3.692053
v -3.026123 -1.629041 1.889645
v -2.887020 -1.772398 1.713984
v -2.723498 -1.916043 1.570026
v -2.544802 -2.048152 1.458864
v -2.342401 -2.171984 1.369609
v -2.119487 -2.281312 1.301161
v -1.881030 -2.371112 1.251429
v -1.632270 -2.437864 1.217959
v -1.632270 -2.430287 1.221614
v -1.632270 -2.422725 1.225299
v -1.632270 -2.415177 1.229013
v -1.632270 -2.283737 1.299753
v -1.632270 -2.157485 1.379384
v -3.591082 -0.616418 3.692053
v -3.632785 -0.455682 1.071733
v -3.632785 -0.455682 0.271733
v -3.691067 -0.056712 0.271733
v -3.687396 0.346475 0.271733
v -3.621860 0.744318 0.271733
v -3.621860 0.744318 1.071733
v -3.687396 0.346475 1.071733
v -3.691067 -0.056712 1.071733
v -3.659506 -0.321046 3.692053
v -3.693321 -0.019743 3.692053
v -3.692076 0.283449 3.692053
v -3.692186 0.281979 3.406656
v -3.689780 0.316984 3.117607
v -3.683303 0.389918 2.830682
v -3.669598 0.499702 2.554383
v -3.644497 0.643375 2.296187
v -3.603327 0.815506 2.062857
v -3.542162 1.008445 1.859786
v -3.453030 1.224731 1.682096
v -3.328990 1.459655 1.532401
v -3.173763 1.691425 1.420564
v -2.997335 1.902763 1.344680
v -2.794225 2.099088 1.294275
v -2.565780 2.276058 1.264267
v -2.315761 2.428669 1.249688
v -2.048659 2.553022 1.245366
v -1.769181 2.646617 1.246589
v -1.632270 2.680099 1.229013
v -1.630693 2.680440 1.229013
v -1.629116 2.680779 1.229013
v -1.627538 2.681118 1.229013
v -1.627538 2.681118 0.017013
v -2.080127 2.540259 0.017013
v -2.499901 2.320105 0.017013
v -2.873100 2.027872 0.017013
v -3.187492 1.673140 0.017013
v -3.432772 1.267535 0.017013
v -3.600900 0.824352 0.017013
v -3.686364 0.358119 0.017013
v -3.686364 -0.115883 0.017013
v -3.600900 -0.582116 0.017013
v -3.432772 -1.025299 0.017013
v -3.187492 -1.430904 0.017013
v -2.873100 -1.785637 0.017013
v -2.499901 -2.077869 0.017013
v -2.080127 -2.298023 0.017013
v -1.627538 -2.438882 0.017013
v -1.627538 -2.438882 1.229013
v -1.629116 -2.438544 1.229013
v -1.630693 -2.438204 1.229013
v -1.632270 -2.437864 1.229013
v 3.444183 -0.373282 6.257013
v 3.353242 -0.362807 6.257013
v 3.267063 -0.331931 6.257013
v 3.190162 -0.282270 6.257013
v 3.126565 -0.216426 6.257013
v 3.079603 -0.137847 6.257013
v 3.051736 -0.050650 6.257013
v 3.044424 0.040600 6.257013
v 3.044424 0.040600 1.227413
v 3.051736 -0.050650 1.227413
v 3.079603 -0.137847 1.227413
v 3.126565 -0.216426 1.227413
v 3.190162 -0.282270 1.227413
v 3.267063 -0.331931 1.227413
v 3.353242 -0.362807 1.227413
v 3.444183 -0.373282 1.227413
v 3.353242 -0.362807 4.580480
v 3.353242 -0.362807 2.903946
v 3.267063 -0.331931 4.580480
v 3.267063 -0.331931 2.903946
v 3.190162 -0.282270 4.580480
v 3.190162 -0.282270 2.903946
v 3.126565 -0.216426 4.580480
v 3.126565 -0.216426 2.903946
v 3.079603 -0.137847 4.580480
v 3.079603 -0.137847 2.903946
v 3.051736 -0.050650 4.580480
v 3.051736 -0.050650 2.903946
v 2.685490 -1.120695 1.227413
v 2.873267 -0.756879 1.227413
v 2.994166 -0.365720 1.227413
v 3.045666 0.094274 6.257013
v 3.045666 0.147962 6.257013
v 3.044424 0.201635 6.257013
v 3.044424 0.201635 1.227413
v 2.994166 0.607956 1.227413
v 2.873267 0.999115 1.227413
v 2.685490 1.362930 1.227413
v 2.685490 1.362930 1.231413
v 2.465529 1.655985 1.231413
v 2.202171 1.910752 1.231413
v 1.901986 2.120877 1.231413
v 1.572462 2.281118 1.231413
v 1.572462 2.281118 0.017013
v 1.953746 2.089518 0.017013
v 2.293489 1.831327 0.017013
v 2.580198 1.515279 0.017013
v 2.804173 1.152067 0.017013
v 2.957836 0.753977 0.017013
v 3.035990 0.334477 0.017013
v 3.035990 -0.092241 0.017013
v 2.957836 -0.511741 0.017013
v 2.804173 -0.909831 0.017013
v 2.580198 -1.273044 0.017013
v 2.293489 -1.589092 0.017013
v 1.953746 -1.847283 0.017013
v 1.572462 -2.038882 0.017013
v 1.572462 -2.038882 1.228213
v 1.901986 -1.878641 1.228213
v 2.202171 -1.668516 1.228213
v 2.465529 -1.413749 1.228213
v 2.685490 -1.120695 1.228213
v 3.594932 -0.373282 6.257013
v 3.636789 -0.044567 6.257013
v 3.636789 0.286803 6.257013
v 3.594932 0.615518 6.257013
v 3.444183 0.615518 6.257013
v 3.353242 0.605043 6.257013
v 3.267063 0.574166 6.257013
v 3.190162 0.524506 6.257013
v 3.126565 0.458662 6.257013
v 3.079603 0.380083 6.257013
v 3.051736 0.292885 6.257013
v 3.444183 0.615518 1.227413
v 3.353242 0.605043 1.227413
v 3.267063 0.574166 1.227413
v 3.190162 0.524506 1.227413
v 3.126565 0.458662 1.227413
v 3.079603 0.380083 1.227413
v 3.051736 0.292885 1.227413
v 3.051736 0.292885 4.580480
v 3.051736 0.292885 2.903946
v 3.079603 0.380083 4.580480
v 3.079603 0.380083 2.903946
v 3.126565 0.458662 4.580480
v 3.126565 0.458662 2.903946
v 3.190162 0.524506 4.580480
v 3.190162 0.524506 2.903946
v 3.267063 0.574166 4.580480
v 3.267063 0.574166 2.903946
v 3.353242 0.605043 4.580480
v 3.353242 0.605043 2.903946
v 3.577709 -0.455682 0.271733
v 3.577709 -0.455682 1.071733
v 3.635990 -0.056712 1.071733
v 3.632320 0.346475 1.071733
v 3.566784 0.744318 1.071733
v 3.566784 0.744318 0.271733
v 3.632320 0.346475 0.271733
v 3.635990 -0.056712 0.271733
v 1.572462 2.681118 1.231413
v 1.972683 2.561272 1.231413
v 2.348746 2.379292 1.231413
v 2.691074 2.139810 1.231413
v 2.990950 1.848924 1.231413
v 2.990950 1.848924 1.227413
v 3.264340 1.475757 1.227413
v 3.467784 1.060298 1.227413
v 3.594932 0.615518 1.227413
v 3.594932 -0.373282 1.227413
v 3.472429 -0.805886 1.227413
v 3.277715 -1.211150 1.227413
v 3.016532 -1.577123 1.227413
v 3.016532 -1.577123 1.228213
v 2.713578 -1.878776 1.228213
v 2.365570 -2.127101 1.228213
v 1.981786 -2.315478 1.228213
v 1.572462 -2.438882 1.228213
v 1.572462 -2.438882 0.017013
v 2.025050 -2.298023 0.017013
v 2.444824 -2.077869 0.017013
v 2.818023 -1.785637 0.017013
v 3.132416 -1.430904 0.017013
v 3.377695 -1.025299 0.017013
v 3.545823 -0.582116 0.017013
v 3.631288 -0.115883 0.017013
v 3.631288 0.358119 0.017013
v 3.545823 0.824352 0.017013
v 3.377695 1.267535 0.017013
v 3.132416 1.673140 0.017013
v 2.818023 2.027872 0.017013
v 2.444824 2.320105 0.017013
v 2.025050 2.540259 0.017013
v 1.572462 2.681118 0.017013
v 2.685490 1.848924 1.231413
v 2.685490 1.848924 1.227413
v 2.685490 -1.577123 1.228213
v 2.685490 -1.577123 1.227413
v 1.567730 2.681118 1.231413
v 1.567730 2.281118 1.231413
v 1.567730 -2.038882 1.229013
v 1.567730 -2.438882 1.229013
v 1.567730 -2.438882 1.228213
v 1.567730 -2.038882 1.228213
v 1.567730 2.681118 1.229013
v 1.567730 2.281118 1.229013
v -1.632270 2.668905 1.234808
v -1.632270 2.657744 1.240667
v -1.632270 2.646617 1.246589
v -1.632270 2.523914 1.245783
v -1.632270 2.401344 1.251546
v -3.953710 0.744318 0.271733
v -3.953710 -0.455682 0.271733
v -3.953710 -0.455682 1.071733
v -3.953710 0.744318 1.071733
v 3.898610 -0.455682 0.271733
v 3.898610 0.744318 0.271733
v 3.898610 0.744318 1.071733
v 3.898610 -0.455682 1.071733
vt -4.550000 -0.039270 0.000000
vt -3.693604 -0.029030 0.000000
vt -4.550000 0.000000 0.000000
vt -3.693442 0.000000 0.000000
vt -3.693604 0.029030 0.000000
vt -3.694065 -0.058916 0.000000
vt -4.550000 -0.078540 0.000000
vt -3.694758 -0.088798 0.000000
vt -4.550000 -0.117810 0.000000
vt -3.695532 -0.117820 0.000000
vt -3.696274 -0.146844 0.000000
vt -4.550000 -0.157080 0.000000
vt -3.696873 -0.176728 0.000000
vt -4.550000 -0.196350 0.000000
vt -3.697181 -0.206614 0.000000
vt -4.550000 -0.235619 0.000000
vt -3.697143 -0.235643 0.000000
vt -3.696737 -0.264672 0.000000
vt -4.550000 -0.274889 0.000000
vt -3.695991 -0.294552 0.000000
vt -4.550000 -0.314159 0.000000
vt -3.694989 -0.324425 0.000000
vt -4.550000 -0.353429 0.000000
vt -3.693902 -0.353438 0.000000
vt -3.692845 -0.382451 0.000000
vt -4.550000 -0.392699 0.000000
vt -3.691935 -0.412328 0.000000
vt -4.550000 -0.431969 0.000000
vt -3.691341 -0.442210 0.000000
vt -4.550000 -0.471239 0.000000
vt -3.691135 -0.471239 0.000000
vt -3.691135 0.471239 0.000000
vt -4.550000 0.471239 0.000000
vt -3.691341 0.442210 0.000000
vt -4.550000 0.431969 0.000000
vt -3.691935 0.412328 0.000000
vt -4.550000 0.392699 0.000000
vt -3.692845 0.382451 0.000000
vt -4.550000 0.353429 0.000000
vt -3.693902 0.353438 0.000000
vt -3.694989 0.324425 0.000000
vt -4.550000 0.314159 0.000000
vt -3.695991 0.294552 0.000000
vt -4.550000 0.274889 0.000000
vt -3.696737 0.264672 0.000000
vt -4.550000 0.235619 0.000000
vt -3.697143 0.235643 0.000000
vt -3.697181 0.206614 0.000000
vt -4.550000 0.196350 0.000000
vt -3.696873 0.176728 0.000000
vt -4.550000 0.157080 0.000000
vt -3.696274 0.146844 0.000000
vt -4.550000 0.117810 0.000000
vt -3.695532 0.117820 0.000000
vt -3.694758 0.088798 0.000000
vt -4.550000 0.078540 0.000000
vt -3.694065 0.058916 0.000000
vt -4.550000 0.039270 0.000000
vt 2.443638 -0.442210 0.000000
vt 2.443432 -0.471239 0.000000
vt 3.302320 -0.471239 0.000000
vt 3.302320 0.471239 0.000000
vt 2.443432 0.471239 0.000000
vt 2.443638 0.442210 0.000000
vt 3.302320 0.431969 0.000000
vt 2.444232 0.412328 0.000000
vt 3.302320 0.392699 0.000000
vt 2.445142 0.382451 0.000000
vt 3.302320 0.353429 0.000000
vt 2.446199 0.353438 0.000000
vt 2.447286 0.324425 0.000000
vt 3.302320 0.314159 0.000000
vt 2.448288 0.294552 0.000000
vt 3.302320 0.274889 0.000000
vt 2.449034 0.264672 0.000000
vt 3.302320 0.235619 0.000000
vt 2.449439 0.235643 0.000000
vt 2.449477 0.206614 0.000000
vt 3.302320 0.196350 0.000000
vt 2.449170 0.176728 0.000000
vt 3.302320 0.157080 0.000000
vt 2.448571 0.146844 0.000000
vt 3.302320 0.117810 0.000000
vt 2.447828 0.117820 0.000000
vt 2.447055 0.088798 0.000000
vt 3.302320 0.078540 0.000000
vt 2.446362 0.058916 0.000000
vt 3.302320 0.039270 0.000000
vt 2.445900 0.029030 0.000000
vt 3.302320 0.000000 0.000000
vt 2.445738 0.000000 0.000000
vt 2.445900 -0.029030 0.000000
vt 3.302320 -0.039270 0.000000
vt 2.446362 -0.058916 0.000000
vt 3.302320 -0.078540 0.000000
vt 2.447055 -0.088798 0.000000
vt 3.302320 -0.117810 0.000000
vt 2.447828 -0.117820 0.000000
vt 2.448571 -0.146844 0.000000
vt 3.302320 -0.157080 0.000000
vt 2.449170 -0.176728 0.000000
vt 3.302320 -0.196350 0.000000
vt 2.449477 -0.206614 0.000000
vt 3.302320 -0.235619 0.000000
vt 2.449439 -0.235643 0.000000
vt 2.449034 -0.264672 0.000000
vt 3.302320 -0.274889 0.000000
vt 2.448288 -0.294552 0.000000
vt 3.302320 -0.314159 0.000000
vt 2.447286 -0.324425 0.000000
vt 3.302320 -0.353429 0.000000
vt 2.446199 -0.353438 0.000000
vt 2.445142 -0.382451 0.000000
vt 3.302320 -0.392699 0.000000
vt 2.444232 -0.412328 0.000000
vt 3.302320 -0.431969 0.000000
vt 1.970000 0.431969 0.000000
vt 2.370000 0.431969 0.000000
vt 1.970000 0.471239 0.000000
vt 2.370000 0.471239 0.000000
vt 1.970000 -0.471239 0.000000
vt 2.370000 -0.471239 0.000000
vt 1.970000 -0.431969 0.000000
vt 2.370000 -0.431969 0.000000
vt 1.970000 -0.392699 0.000000
vt 2.370000 -0.392699 0.000000
vt 1.970000 -0.353429 0.000000
vt 2.370000 -0.353429 0.000000
vt 1.970000 -0.314159 0.000000
vt 2.370000 -0.314159 0.000000
vt 1.970000 -0.274889 0.000000
vt 2.370000 -0.274889 0.000000
vt 1.970000 -0.235619 0.000000
vt 2.370000 -0.235619 0.000000
vt 1.970000 -0.196350 0.000000
vt 2.370000 -0.196350 0.000000
vt 1.970000 -0.157080 0.000000
vt 2.370000 -0.157080 0.000000
vt 1.970000 -0.117810 0.000000
vt 2.370000 -0.117810 0.000000
vt 1.970000 -0.078540 0.000000
vt 2.370000 -0.078540 0.000000
vt 1.970000 -0.039270 0.000000
vt 2.370000 -0.039270 0.000000
vt 1.970000 -0.000000 0.000000
vt 2.370000 0.000000 0.000000
vt 1.970000 0.039270 0.000000
vt 2.370000 0.039270 0.000000
vt 1.970000 0.078540 0.000000
vt 2.370000 0.078540 0.000000
vt 1.970000 0.117810 0.000000
vt 2.370000 0.117810 0.000000
vt 1.970000 0.157080 0.000000
vt 2.370000 0.157080 0.000000
vt 1.970000 0.196350 0.000000
vt 2.370000 0.196350 0.000000
vt 1.970000 0.235619 0.000000
vt 2.370000 0.235619 0.000000
vt 1.970000 0.274889 0.000000
vt 2.370000 0.274889 0.000000
vt 1.970000 0.314159 0.000000
vt 2.370000 0.314159 0.000000
vt 1.970000 0.353429 0.000000
vt 2.370000 0.353429 0.000000
vt 1.970000 0.392699 0.000000
vt 2.370000 0.392699 0.000000
vt -2.350000 -0.431969 0.000000
vt -2.750000 -0.431969 0.000000
vt -2.350000 -0.471239 0.000000
vt -2.750000 -0.471239 0.000000
vt -2.350000 0.471239 0.000000
vt -2.750000 0.471239 0.000000
vt -2.350000 0.431969 0.000000
vt -2.750000 0.431969 0.000000
vt -2.350000 0.392699 0.000000
vt -2.750000 0.392699 0.000000
vt -2.350000 0.353429 0.000000
vt -2.750000 0.353429 0.000000
vt -2.350000 0.314159 0.000000
vt -2.750000 0.314159 0.000000
vt -2.350000 0.274889 0.000000
vt -2.750000 0.274889 0.000000
vt -2.350000 0.235619 0.000000
vt -2.750000 0.235619 0.000000
vt -2.350000 0.196350 0.000000
vt -2.750000 0.196350 0.000000
vt -2.350000 0.157080 0.000000
vt -2.750000 0.157080 0.000000
vt -2.350000 0.117810 0.000000
vt -2.750000 0.117810 0.000000
vt -2.350000 0.078540 0.000000
vt -2.750000 0.078540 0.000000
vt -2.350000 0.039270 0.000000
vt -2.750000 0.039270 0.000000
vt -2.350000 0.000000 0.000000
vt -2.750000 0.000000 0.000000
vt -2.350000 -0.039270 0.000000
vt -2.750000 -0.039270 0.000000
vt -2.350000 -0.078540 0.000000
vt -2.750000 -0.078540 0.000000
vt -2.350000 -0.117810 0.000000
vt -2.750000 -0.117810 0.000000
vt -2.350000 -0.157080 0.000000
vt -2.750000 -0.157080 0.000000
vt -2.350000 -0.196350 0.000000
vt -2.750000 -0.196350 0.000000
vt -2.350000 -0.235619 0.000000
vt -2.750000 -0.235619 0.000000
vt -2.350000 -0.274889 0.000000
vt -2.750000 -0.274889 0.000000
vt -2.350000 -0.314159 0.000000
vt -2.750000 -0.314159 0.000000
vt -2.350000 -0.353429 0.000000
vt -2.750000 -0.353429 0.000000
vt -2.350000 -0.392699 0.000000
vt -2.750000 -0.392699 0.000000
vt -0.461880 3.442335 0.000000
vt -0.461880 2.812502 0.000000
vt -0.301917 3.363182 0.000000
vt -0.299447 2.718436 0.000000
vt -0.147718 3.273317 0.000000
vt -0.145151 2.611551 0.000000
vt -0.000000 3.173158 0.000000
vt -0.000000 2.492544 0.000000
vt -0.000000 2.812502 0.000000
vt -0.000000 3.442335 0.000000
vt -0.461880 2.915669 0.000000
vt -0.461880 3.531708 0.000000
vt -0.461880 2.805363 0.000000
vt -0.000000 2.915669 0.000000
vt -0.461880 3.436192 0.000000
vt -0.000000 3.531708 0.000000
vt -0.461880 2.480474 0.000000
vt -0.316909 2.601184 0.000000
vt -0.461880 3.163282 0.000000
vt -0.314270 3.264721 0.000000
vt -0.162609 2.709719 0.000000
vt -0.160069 3.355833 0.000000
vt -0.000000 2.805363 0.000000
vt -0.000000 3.436192 0.000000
vt -0.000000 2.247414 0.000000
vt -0.000000 2.977505 0.000000
vt -0.461880 2.492544 0.000000
vt -0.461880 3.173158 0.000000
vt -0.461880 2.247414 0.000000
vt -0.000000 2.480474 0.000000
vt -0.461880 2.977505 0.000000
vt -0.000000 3.163282 0.000000
vt -0.461880 2.365648 0.000000
vt -0.318713 2.502638 0.000000
vt -0.461880 3.070522 0.000000
vt -0.315314 3.183881 0.000000
vt -0.164378 2.626914 0.000000
vt -0.161096 3.286591 0.000000
vt -0.000000 2.737570 0.000000
vt -0.000000 3.378140 0.000000
vt -0.461880 2.093223 0.000000
vt -0.241625 2.233703 0.000000
vt -0.461880 2.860642 0.000000
vt -0.000000 3.070522 0.000000
vt -0.000000 2.365648 0.000000
vt -0.461880 2.379557 0.000000
vt -0.219764 2.241162 0.000000
vt -0.461880 3.081638 0.000000
vt -0.000000 2.860642 0.000000
vt -0.000000 2.093223 0.000000
vt -0.461880 3.385120 0.000000
vt -0.461880 2.745754 0.000000
vt -0.300910 3.294903 0.000000
vt -0.297727 2.636922 0.000000
vt -0.146695 3.193575 0.000000
vt -0.143396 2.514563 0.000000
vt -0.000000 3.081638 0.000000
vt -0.000000 2.379557 0.000000
vt -0.461880 2.737570 0.000000
vt -0.000000 2.864847 0.000000
vt -0.461880 3.378140 0.000000
vt -0.000000 3.487545 0.000000
vt -0.000000 2.745754 0.000000
vt -0.000000 3.385120 0.000000
vt -0.461880 2.864847 0.000000
vt -0.461880 3.487545 0.000000
vt -0.000000 2.560000 0.000000
vt -0.461880 2.560000 0.000000
vt -0.000000 2.160000 0.000000
vt -0.461880 2.160000 0.000000
vt -0.000000 -2.160000 0.000000
vt -0.461880 -2.160000 0.000000
vt -0.000000 -2.560000 0.000000
vt -0.461880 -2.560000 0.000000
vt -0.000000 2.560000 0.000000
vt -0.461880 2.560000 0.000000
vt -0.000000 2.160000 0.000000
vt -0.461880 2.160000 0.000000
vt -0.000000 -2.160000 0.000000
vt -0.461880 -2.160000 0.000000
vt -0.000000 -2.560000 0.000000
vt -0.461880 -2.560000 0.000000
vt -0.000000 2.560000 0.000000
vt -0.461880 2.560000 0.000000
vt -0.000000 2.160000 0.000000
vt -0.461880 2.160000 0.000000
vt -0.000000 2.560000 0.000000
vt -0.461880 2.560000 0.000000
vt -0.000000 2.160000 0.000000
vt -0.461880 2.160000 0.000000
vt -0.000000 -2.160000 0.000000
vt -0.461880 -2.160000 0.000000
vt -0.000000 -2.560000 0.000000
vt -0.461880 -2.560000 0.000000
vt -0.000000 2.560000 0.000000
vt -0.461880 2.560000 0.000000
vt -0.000000 2.160000 0.000000
vt -0.461880 2.160000 0.000000
vt -0.000000 2.560000 0.000000
vt -0.461880 2.560000 0.000000
vt -0.000000 2.160000 0.000000
vt -0.461880 2.160000 0.000000
vt -0.000000 -2.160000 0.000000
vt -0.461880 -2.160000 0.000000
vt -0.000000 -2.560000 0.000000
vt -0.461880 -2.560000 0.000000
vt 0.000000 -2.160000 0.000000
vt -0.461880 -2.160000 0.000000
vt 0.000000 -2.560000 0.000000
vt -0.461880 -2.560000 0.000000
vt -0.000000 -2.160000 0.000000
vt -0.461880 -2.160000 0.000000
vt -0.000000 -2.560000 0.000000
vt -0.461880 -2.560000 0.000000
vt -0.000000 2.560000 0.000000
vt -0.461880 2.560000 0.000000
vt -0.000000 2.160000 0.000000
vt -0.461880 2.160000 0.000000
vt -0.000000 -2.160000 0.000000
vt -0.461880 -2.160000 0.000000
vt -0.000000 -2.560000 0.000000
vt -0.461880 -2.560000 0.000000
vt -0.000000 2.560000 0.000000
vt -0.461880 2.560000 0.000000
vt -0.000000 2.160000 0.000000
vt -0.461880 2.160000 0.000000
vt -0.000000 -2.160000 0.000000
vt -0.461880 -2.160000 0.000000
vt -0.000000 -2.560000 0.000000
vt -0.461880 -2.560000 0.000000
vt -0.000000 2.560000 0.000000
vt -0.461880 2.560000 0.000000
vt -0.000000 2.160000 0.000000
vt -0.461880 2.160000 0.000000
vt -0.000000 2.560000 0.000000
vt -0.461880 2.560000 0.000000
vt -0.000000 2.160000 0.000000
vt -0.461880 2.160000 0.000000
vt -0.000000 -2.160000 0.000000
vt -0.461880 -2.160000 0.000000
vt -0.000000 -2.560000 0.000000
vt -0.461880 -2.560000 0.000000
vt -0.000000 2.560000 0.000000
vt -0.461880 2.560000 0.000000
vt -0.000000 2.160000 0.000000
vt -0.461880 2.160000 0.000000
vt -0.000000 2.560000 0.000000
vt -0.461880 2.560000 0.000000
vt -0.000000 2.160000 0.000000
vt -0.461880 2.160000 0.000000
vt -0.000000 -2.160000 0.000000
vt -0.461880 -2.160000 0.000000
vt -0.000000 -2.560000 0.000000
vt -0.461880 -2.560000 0.000000
vt 0.000000 -2.160000 0.000000
vt -0.461880 -2.160000 0.000000
vt 0.000000 -2.560000 0.000000
vt -0.461880 -2.560000 0.000000
vt -0.000000 -2.160000 0.000000
vt -0.461880 -2.160000 0.000000
vt -0.000000 -2.560000 0.000000
vt -0.461880 -2.560000 0.000000
vt -0.461880 2.257354 0.000000
vt -0.000000 2.496809 0.000000
vt -0.461880 2.982482 0.000000
vt -0.000000 3.174442 0.000000
vt -0.000000 2.257354 0.000000
vt -0.000000 2.982482 0.000000
vt -0.461880 2.485000 0.000000
vt -0.461880 3.164748 0.000000
vt -0.461880 3.432436 0.000000
vt -0.461880 2.802997 0.000000
vt -0.301959 3.353764 0.000000
vt -0.299517 2.709559 0.000000
vt -0.147761 3.264397 0.000000
vt -0.145222 2.603329 0.000000
vt -0.000000 3.164748 0.000000
vt -0.000000 2.485000 0.000000
vt -0.000000 2.802997 0.000000
vt -0.000000 3.432436 0.000000
vt -0.461880 2.910724 0.000000
vt -0.461880 3.525815 0.000000
vt -0.461880 2.496809 0.000000
vt -0.316486 2.613471 0.000000
vt -0.461880 3.174442 0.000000
vt -0.314014 3.272829 0.000000
vt -0.162194 2.718086 0.000000
vt -0.159818 3.360967 0.000000
vt -0.000000 2.809978 0.000000
vt -0.000000 3.438451 0.000000
vt -0.461880 2.809978 0.000000
vt -0.000000 2.910724 0.000000
vt -0.461880 3.438451 0.000000
vt -0.000000 3.525815 0.000000
vt -0.461880 3.429492 0.000000
vt -0.461880 2.799578 0.000000
vt -0.301908 3.350241 0.000000
vt -0.299433 2.705384 0.000000
vt -0.147709 3.260274 0.000000
vt -0.145136 2.598364 0.000000
vt -0.000000 3.160011 0.000000
vt -0.000000 2.479219 0.000000
vt -0.000000 2.799578 0.000000
vt -0.000000 3.429492 0.000000
vt -0.461880 2.908192 0.000000
vt -0.461880 3.523607 0.000000
vt -0.461880 2.806614 0.000000
vt -0.000000 2.908192 0.000000
vt -0.461880 3.435551 0.000000
vt -0.000000 3.523607 0.000000
vt -0.461880 2.491117 0.000000
vt -0.316569 2.608583 0.000000
vt -0.461880 3.169767 0.000000
vt -0.314065 3.268763 0.000000
vt -0.162275 2.713976 0.000000
vt -0.159868 3.357494 0.000000
vt -0.000000 2.806614 0.000000
vt -0.000000 3.435551 0.000000
vt -0.000000 2.249727 0.000000
vt -0.000000 2.976541 0.000000
vt -0.461880 2.479219 0.000000
vt -0.461880 3.160011 0.000000
vt -0.461880 2.249727 0.000000
vt -0.000000 2.491117 0.000000
vt -0.461880 2.976541 0.000000
vt -0.000000 3.169767 0.000000
vt -0.359954 0.141144 0.000000
vt -0.360000 0.125664 0.000000
vt -0.061202 0.125664 0.000000
vt -0.359954 0.110184 0.000000
vt -0.061202 0.104720 0.000000
vt -0.359821 0.094247 0.000000
vt -0.061202 0.083776 0.000000
vt -0.359619 0.078310 0.000000
vt -0.061202 0.062832 0.000000
vt -0.359389 0.062832 0.000000
vt -0.359158 0.047353 0.000000
vt -0.061202 0.041888 0.000000
vt -0.358957 0.031417 0.000000
vt -0.061202 0.020944 0.000000
vt -0.358824 0.015480 0.000000
vt -0.061202 -0.000000 0.000000
vt -0.358777 -0.000000 0.000000
vt -0.358824 -0.015480 0.000000
vt -0.061202 -0.020944 0.000000
vt -0.358957 -0.031417 0.000000
vt -0.061202 -0.041888 0.000000
vt -0.359158 -0.047353 0.000000
vt -0.061202 -0.062832 0.000000
vt -0.359389 -0.062832 0.000000
vt -0.359619 -0.078310 0.000000
vt -0.061202 -0.083776 0.000000
vt -0.359821 -0.094247 0.000000
vt -0.061202 -0.104720 0.000000
vt -0.359954 -0.110184 0.000000
vt -0.061202 -0.125664 0.000000
vt -0.360000 -0.125664 0.000000
vt -0.359954 -0.141144 0.000000
vt -0.061202 -0.146608 0.000000
vt -0.359821 -0.157081 0.000000
vt -0.061202 -0.167552 0.000000
vt -0.359619 -0.173017 0.000000
vt -0.061202 -0.188496 0.000000
vt -0.359389 -0.188496 0.000000
vt -0.359158 -0.203974 0.000000
vt -0.061202 -0.209440 0.000000
vt -0.358957 -0.219911 0.000000
vt -0.061202 -0.230383 0.000000
vt -0.358824 -0.235848 0.000000
vt -0.061202 -0.251327 0.000000
vt -0.358777 -0.251327 0.000000
vt -0.061202 0.251327 0.000000
vt -0.358777 0.251327 0.000000
vt -0.358824 0.235848 0.000000
vt -0.061202 0.230383 0.000000
vt -0.358957 0.219911 0.000000
vt -0.061202 0.209440 0.000000
vt -0.359158 0.203974 0.000000
vt -0.061202 0.188496 0.000000
vt -0.359389 0.188496 0.000000
vt -0.359619 0.173017 0.000000
vt -0.061202 0.167552 0.000000
vt -0.359821 0.157081 0.000000
vt -0.061202 0.146608 0.000000
vt 0.237543 0.235847 0.000000
vt 0.237595 0.251327 0.000000
vt 0.237595 -0.251327 0.000000
vt 0.237543 -0.235847 0.000000
vt 0.237393 -0.219910 0.000000
vt 0.237165 -0.203974 0.000000
vt 0.236905 -0.188496 0.000000
vt 0.236645 -0.173017 0.000000
vt 0.236417 -0.157081 0.000000
vt 0.236268 -0.141144 0.000000
vt 0.236215 -0.125664 0.000000
vt 0.236268 -0.110184 0.000000
vt 0.236417 -0.094247 0.000000
vt 0.236645 -0.078310 0.000000
vt 0.236905 -0.062832 0.000000
vt 0.237165 -0.047354 0.000000
vt 0.237393 -0.031417 0.000000
vt 0.237543 -0.015480 0.000000
vt 0.237595 -0.000000 0.000000
vt 0.237543 0.015480 0.000000
vt 0.237393 0.031417 0.000000
vt 0.237165 0.047354 0.000000
vt 0.236905 0.062832 0.000000
vt 0.236645 0.078310 0.000000
vt 0.236417 0.094247 0.000000
vt 0.236268 0.110184 0.000000
vt 0.236215 0.125664 0.000000
vt 0.236268 0.141144 0.000000
vt 0.236417 0.157081 0.000000
vt 0.236645 0.173017 0.000000
vt 0.236905 0.188496 0.000000
vt 0.237165 0.203974 0.000000
vt 0.237393 0.219910 0.000000
vt -0.106745 -2.335447 0.000000
vt -0.141194 -1.138242 0.000000
vt -0.209232 -2.345330 0.000000
vt -0.282389 -1.138242 0.000000
vt -0.289818 -2.354678 0.000000
vt -0.370147 -2.366358 0.000000
vt -0.423584 -1.138242 0.000000
vt -0.450268 -2.380112 0.000000
vt -0.564780 -1.138241 0.000000
vt -0.529929 -2.395585 0.000000
vt -0.609459 -2.412506 0.000000
vt -0.705975 -1.138241 0.000000
vt -0.688893 -2.430527 0.000000
vt -0.768009 -2.449226 0.000000
vt -0.847168 -1.138241 0.000000
vt -0.847168 -2.468306 0.000000
vt -0.000000 -2.328887 0.000000
vt -0.000001 -1.138242 0.000000
vt -0.130310 0.113329 0.000000
vt -0.086115 -0.027810 0.000000
vt -0.000000 -0.000000 0.000000
vt -0.086115 -0.150385 0.000000
vt -0.000029 -0.213980 0.000000
vt -0.086115 -0.351193 0.000000
vt -0.000018 -0.326623 0.000000
vt -0.000008 -0.443327 0.000000
vt -0.086115 -0.451597 0.000000
vt -0.086115 -0.552001 0.000000
vt -0.172230 -0.451597 0.000000
vt -0.172230 -0.552001 0.000000
vt -0.258345 -0.451597 0.000000
vt -0.258345 -0.552001 0.000000
vt -0.344460 -0.451597 0.000000
vt -0.344460 -0.552001 0.000000
vt -0.430576 -0.451597 0.000000
vt -0.430576 -0.552001 0.000000
vt -0.516691 -0.451597 0.000000
vt -0.516691 -0.552001 0.000000
vt -0.602806 -0.451597 0.000000
vt -0.602806 -0.552001 0.000000
vt -0.688921 -0.451597 0.000000
vt -0.688921 -0.552001 0.000000
vt -0.775036 -0.451597 0.000000
vt -0.775036 -0.552001 0.000000
vt -0.861151 -0.522905 0.000000
vt -0.861151 -0.630583 0.000000
vt -0.239478 0.222946 0.000000
vt -0.172230 0.087579 0.000000
vt -0.172230 -0.027810 0.000000
vt -0.413800 0.402793 0.000000
vt -0.344460 0.292837 0.000000
vt -0.258345 0.087579 0.000000
vt -0.430576 0.292837 0.000000
vt -0.622241 0.597122 0.000000
vt -0.602806 0.498096 0.000000
vt -0.688921 0.498096 0.000000
vt -0.602806 0.292837 0.000000
vt -0.688921 0.292837 0.000000
vt -0.602806 0.087579 0.000000
vt -0.688921 0.087579 0.000000
vt -0.602806 -0.027810 0.000000
vt -0.688921 -0.027810 0.000000
vt -0.602806 -0.150385 0.000000
vt -0.688921 -0.150385 0.000000
vt -0.602806 -0.351193 0.000000
vt -0.688921 -0.351193 0.000000
vt -0.861113 0.769230 0.000000
vt -0.775036 0.498096 0.000000
vt -0.775036 0.292837 0.000000
vt -0.775036 0.087579 0.000000
vt -0.775036 -0.027810 0.000000
vt -0.775036 -0.150385 0.000000
vt -0.775036 -0.351193 0.000000
vt -0.861151 0.553873 0.000000
vt -0.861151 0.338517 0.000000
vt -0.861151 0.123162 0.000000
vt -0.861151 -0.092194 0.000000
vt -0.861151 -0.199872 0.000000
vt -0.861151 -0.307550 0.000000
vt -0.861151 -0.415227 0.000000
vt -0.775036 -0.652404 0.000000
vt -0.861151 -0.738261 0.000000
vt -0.775036 -0.752808 0.000000
vt -0.861151 -0.845938 0.000000
vt -0.775036 -0.853212 0.000000
vt -0.861151 -0.953616 0.000000
vt -0.717627 -0.953616 0.000000
vt -0.688921 -0.853212 0.000000
vt -0.574102 -0.953616 0.000000
vt -0.602806 -0.853212 0.000000
vt -0.516691 -0.853212 0.000000
vt -0.602806 -0.752808 0.000000
vt -0.516691 -0.752808 0.000000
vt -0.602806 -0.652404 0.000000
vt -0.516691 -0.652404 0.000000
vt -0.430576 -0.953616 0.000000
vt -0.430576 -0.853212 0.000000
vt -0.430576 -0.752808 0.000000
vt -0.430576 -0.652404 0.000000
vt -0.344460 -0.853212 0.000000
vt -0.287050 -0.953616 0.000000
vt -0.258345 -0.853212 0.000000
vt -0.172230 -0.853212 0.000000
vt -0.258345 -0.752808 0.000000
vt -0.172230 -0.752808 0.000000
vt -0.258345 -0.652404 0.000000
vt -0.172230 -0.652404 0.000000
vt -0.143524 -0.953616 0.000000
vt -0.086115 -0.853212 0.000000
vt -0.086115 -0.752808 0.000000
vt -0.086115 -0.652404 0.000000
vt -0.000000 -0.953616 0.000000
vt -0.000000 -0.820430 0.000000
vt -0.000000 -0.690371 0.000000
vt -0.000000 -0.564583 0.000000
vt -0.516691 -0.027810 0.000000
vt -0.516691 0.087579 0.000000
vt -0.516691 0.292837 0.000000
vt -0.430576 -0.027810 0.000000
vt -0.430576 0.087579 0.000000
vt -0.516691 -0.150385 0.000000
vt -0.516691 -0.351193 0.000000
vt -0.344460 -0.027810 0.000000
vt -0.344460 0.087579 0.000000
vt -0.430576 -0.150385 0.000000
vt -0.430576 -0.351193 0.000000
vt -0.258345 -0.027810 0.000000
vt -0.344460 -0.150385 0.000000
vt -0.344460 -0.351193 0.000000
vt -0.172230 -0.150385 0.000000
vt -0.258345 -0.150385 0.000000
vt -0.258345 -0.351193 0.000000
vt -0.172230 -0.351193 0.000000
vt -0.688921 -0.652404 0.000000
vt -0.688921 -0.752808 0.000000
vt -0.344460 -0.652404 0.000000
vt -0.344460 -0.752808 0.000000
vt 0.628841 2.942688 0.000000
vt 3.675040 2.968060 0.000000
vt 0.600000 2.945536 0.000000
vt 0.000000 2.991252 0.000000
vt 0.571159 2.942688 0.000000
vt 0.542592 2.934087 0.000000
vt 0.516330 2.919926 0.000000
vt 0.493940 2.901520 0.000000
vt 0.475563 2.879107 0.000000
vt 0.461429 2.852830 0.000000
vt 0.452844 2.824256 0.000000
vt 0.450000 2.795413 0.000000
vt 0.000000 2.563930 0.000000
vt 0.452835 2.766572 0.000000
vt 0.461413 2.737997 0.000000
vt 0.475546 2.711720 0.000000
vt 0.493927 2.689309 0.000000
vt 0.516321 2.670910 0.000000
vt 0.542587 2.656757 0.000000
vt 0.571158 2.648162 0.000000
vt 0.600000 2.645318 0.000000
vt 3.180387 2.594937 0.000000
vt 3.429469 2.618545 0.000000
vt 0.657408 2.934087 0.000000
vt 0.683670 2.919926 0.000000
vt 0.706060 2.901520 0.000000
vt 3.675040 2.850416 0.000000
vt 0.724437 2.879107 0.000000
vt 0.738571 2.852830 0.000000
vt 0.747156 2.824256 0.000000
vt 0.750000 2.795413 0.000000
vt 3.675040 2.732771 0.000000
vt 0.747165 2.766572 0.000000
vt 0.738587 2.737997 0.000000
vt 0.724454 2.711720 0.000000
vt 0.706073 2.689309 0.000000
vt 3.675040 2.615127 0.000000
vt 0.683679 2.670910 0.000000
vt 0.657413 2.656757 0.000000
vt 0.628842 2.648162 0.000000
vt 0.328110 1.472264 0.000000
vt 0.325379 1.659625 0.000000
vt 0.000000 1.709287 0.000000
vt 0.721438 1.920676 0.000000
vt 0.000000 2.136608 0.000000
vt 2.038930 2.066294 0.000000
vt 2.235288 2.221045 0.000000
vt 1.864578 1.891784 0.000000
vt 1.125266 1.674785 0.000000
vt 1.704919 1.687878 0.000000
vt 1.127994 1.488338 0.000000
vt 1.569823 1.462588 0.000000
vt 1.130589 1.301892 0.000000
vt 1.464905 1.230510 0.000000
vt 1.133035 1.115445 0.000000
vt 1.387514 0.998318 0.000000
vt 0.736976 0.777791 0.000000
vt 1.329831 0.757212 0.000000
vt 1.289376 0.509708 0.000000
vt 0.000000 0.427322 0.000000
vt 1.262868 0.258297 0.000000
vt 0.000000 0.000000 0.000000
vt 1.212000 0.005084 0.000000
vt 1.212000 0.003390 0.000000
vt 1.212000 0.001695 0.000000
vt 1.212000 0.000000 0.000000
vt 0.000000 0.854643 0.000000
vt 0.333148 1.097542 0.000000
vt 0.000000 1.281965 0.000000
vt 0.330705 1.284903 0.000000
vt 0.671844 3.641492 0.000000
vt 0.268016 3.887727 0.000000
vt 0.000000 3.845895 0.000000
vt 0.265287 4.074613 0.000000
vt 0.000000 4.273217 0.000000
vt 0.262691 4.261499 0.000000
vt 0.260247 4.448385 0.000000
vt 0.000000 4.700538 0.000000
vt 0.656306 4.787420 0.000000
vt 0.000000 5.127860 0.000000
vt 1.650438 5.069730 0.000000
vt 1.537247 5.301307 0.000000
vt 1.060134 4.466347 0.000000
vt 1.505061 4.542627 0.000000
vt 1.560013 4.809958 0.000000
vt 1.493470 4.272728 0.000000
vt 1.062575 4.278535 0.000000
vt 1.065171 4.090723 0.000000
vt 1.534715 4.005569 0.000000
vt 1.067903 3.902911 0.000000
vt 1.578690 3.874953 0.000000
vt 1.639924 3.748684 0.000000
vt 1.719043 3.629501 0.000000
vt 1.816739 3.519391 0.000000
vt 0.000000 3.418573 0.000000
vt 1.932565 3.421364 0.000000
vt 2.064807 3.338687 0.000000
vt 2.212205 3.273614 0.000000
vt 2.370797 3.229147 0.000000
vt 1.450514 5.550097 0.000000
vt 1.212000 5.550097 0.000000
vt 0.000000 5.555182 0.000000
vt 1.212000 5.551792 0.000000
vt 1.212000 5.553487 0.000000
vt 1.212000 5.555182 0.000000
vt 2.452490 2.354158 0.000000
vt 2.685900 2.462236 0.000000
vt 2.930446 2.542852 0.000000
vt 1.246847 0.005084 0.000000
vt 2.259292 -1.318018 0.000000
vt 2.853310 -1.200917 0.000000
vt 2.024043 -1.137213 0.000000
vt 2.689788 -0.997475 0.000000
vt 1.824659 -0.973951 0.000000
vt 2.511092 -0.824772 0.000000
vt 1.598560 -0.838877 0.000000
vt 2.308691 -0.672094 0.000000
vt 1.598560 -0.689580 0.000000
vt 2.085777 -0.543088 0.000000
vt 1.598560 -0.540283 0.000000
vt 1.847320 -0.440427 0.000000
vt 1.598560 -0.390987 0.000000
vt 1.598560 -0.382574 0.000000
vt 1.598560 -0.374162 0.000000
vt 1.598560 -0.365750 0.000000
vt 2.992413 -1.427762 0.000000
vt 2.518644 -1.462462 0.000000
vt 2.761666 -1.566950 0.000000
vt 2.917796 -1.618491 0.000000
vt 3.098449 -1.657108 0.000000
vt -2.818816 0.318337 0.000000
vt -2.715180 0.344914 0.000000
vt -2.840492 0.388696 0.000000
vt -2.622117 0.388696 0.000000
vt -0.325379 2.451911 0.000000
vt -0.000000 2.373258 0.000000
vt -0.721438 2.707337 0.000000
vt -0.000000 2.847909 0.000000
vt -2.045844 2.857082 0.000000
vt -1.054720 2.930646 0.000000
vt -2.279174 3.034103 0.000000
vt -2.537370 3.179971 0.000000
vt -1.054720 3.334250 0.000000
vt -2.813669 3.290615 0.000000
vt -3.100593 3.363838 0.000000
vt -3.389643 3.398925 0.000000
vt -1.054720 3.737854 0.000000
vt -3.675040 3.700816 0.000000
vt -3.675040 4.004180 0.000000
vt -1.054720 4.141458 0.000000
vt -3.675040 4.307544 0.000000
vt -0.000000 4.271864 0.000000
vt -3.670626 4.380991 0.000000
vt -0.671844 4.419313 0.000000
vt -2.508980 4.673766 0.000000
vt -1.067903 4.675008 0.000000
vt -2.423443 4.705861 0.000000
vt -2.343408 4.756183 0.000000
vt -1.065212 4.853550 0.000000
vt -2.271307 4.822731 0.000000
vt -2.208486 4.903523 0.000000
vt -2.156435 4.995236 0.000000
vt -1.062619 5.032091 0.000000
vt -2.115158 5.095867 0.000000
vt -1.060134 5.210632 0.000000
vt -2.064365 5.312370 0.000000
vt -0.656306 5.500465 0.000000
vt -1.872632 5.476806 0.000000
vt -1.696971 5.676609 0.000000
vt -0.000000 5.695819 0.000000
vt -1.553012 5.894327 0.000000
vt -0.000000 6.170470 0.000000
vt -1.441851 6.116624 0.000000
vt -1.352596 6.353984 0.000000
vt -0.000000 6.645122 0.000000
vt -1.284148 6.602360 0.000000
vt -1.234416 6.857269 0.000000
vt -0.000000 7.119774 0.000000
vt -1.200946 7.114934 0.000000
vt -1.212000 7.119774 0.000000
vt -1.212000 7.118160 0.000000
vt -0.328069 2.273673 0.000000
vt -0.330662 2.095434 0.000000
vt -0.000000 1.898606 0.000000
vt -0.333148 1.917195 0.000000
vt -0.736976 1.628123 0.000000
vt -1.133035 1.933778 0.000000
vt -1.403551 1.875740 0.000000
vt -1.327666 1.600304 0.000000
vt -0.000000 1.423955 0.000000
vt -1.277262 1.317679 0.000000
vt -0.000000 0.949303 0.000000
vt -1.247254 1.028554 0.000000
vt -1.232674 0.735482 0.000000
vt -1.515388 2.154832 0.000000
vt -1.130548 2.111403 0.000000
vt -1.127954 2.289027 0.000000
vt -1.665083 2.420614 0.000000
vt -1.125266 2.466651 0.000000
vt -1.842773 2.654629 0.000000
vt -0.260247 5.194011 0.000000
vt -0.000000 5.221167 0.000000
vt -0.262734 5.016091 0.000000
vt -0.000000 4.746516 0.000000
vt -0.265327 4.838171 0.000000
vt -0.268016 4.660251 0.000000
vt -0.254720 4.141458 0.000000
vt -0.000000 3.797213 0.000000
vt -0.254720 3.737854 0.000000
vt -0.000000 3.322561 0.000000
vt -0.254720 3.334250 0.000000
vt -0.254720 2.930646 0.000000
vt -3.675040 3.397452 0.000000
vt -0.000000 0.474652 0.000000
vt -1.228353 0.440694 0.000000
vt -1.229576 0.145803 0.000000
vt -0.000000 0.000000 0.000000
vt -1.212000 0.004840 0.000000
vt -1.212000 0.003227 0.000000
vt -1.212000 0.001613 0.000000
vt -1.212000 0.000000 0.000000
vt -1.212000 7.116547 0.000000
vt -1.212000 7.114934 0.000000
vt -2.123612 1.822464 0.000000
vt -1.905237 1.822464 0.000000
vt -2.192036 2.117837 0.000000
vt -1.838468 1.868346 0.000000
vt -1.779081 1.923363 0.000000
vt -1.728141 1.986334 0.000000
vt -1.686698 2.055678 0.000000
vt -1.655272 2.130228 0.000000
vt -1.634414 2.208513 0.000000
vt -1.624498 2.288756 0.000000
vt -1.625614 2.369744 0.000000
vt -2.225851 2.419139 0.000000
vt -1.632285 2.487187 0.000000
vt -1.632995 2.604817 0.000000
vt -1.627742 2.722331 0.000000
vt -2.224606 2.722331 0.000000
vt -6.240000 0.229358 0.000000
vt -4.563467 0.229358 0.000000
vt -6.240000 0.321102 0.000000
vt -2.886933 0.229358 0.000000
vt -1.210400 0.321102 0.000000
vt -1.210400 0.229358 0.000000
vt -1.210400 0.137615 0.000000
vt -2.886933 0.137615 0.000000
vt -1.210400 0.045872 0.000000
vt -2.886933 0.045872 0.000000
vt -1.210400 -0.045872 0.000000
vt -2.886933 -0.045872 0.000000
vt -1.210400 -0.137615 0.000000
vt -2.886933 -0.137615 0.000000
vt -1.210400 -0.229358 0.000000
vt -2.886933 -0.229358 0.000000
vt -1.210400 -0.321102 0.000000
vt -4.563467 -0.229358 0.000000
vt -6.240000 -0.321102 0.000000
vt -6.240000 -0.229358 0.000000
vt -6.240000 -0.137615 0.000000
vt -4.563467 -0.137615 0.000000
vt -6.240000 -0.045872 0.000000
vt -4.563467 -0.045872 0.000000
vt -6.240000 0.045872 0.000000
vt -4.563467 0.045872 0.000000
vt -6.240000 0.137615 0.000000
vt -4.563467 0.137615 0.000000
vt 0.571159 2.612493 0.000000
vt 0.000000 2.563930 0.000000
vt 0.600000 2.609646 0.000000
vt 1.210400 2.287107 0.000000
vt 0.628841 2.612493 0.000000
vt 1.210400 2.697057 0.000000
vt 0.657408 2.621094 0.000000
vt 0.683670 2.635256 0.000000
vt 0.706060 2.653661 0.000000
vt 0.724437 2.676074 0.000000
vt 0.738571 2.702351 0.000000
vt 5.753528 2.699090 0.000000
vt 5.738291 2.703668 0.000000
vt 0.542592 2.621094 0.000000
vt 0.516330 2.635256 0.000000
vt 0.493940 2.653661 0.000000
vt 0.475563 2.676074 0.000000
vt 0.461429 2.702351 0.000000
vt 0.452844 2.730926 0.000000
vt 0.450000 2.759768 0.000000
vt 0.452835 2.788610 0.000000
vt 0.000000 2.991252 0.000000
vt 0.461413 2.817185 0.000000
vt 0.475546 2.843462 0.000000
vt 0.493927 2.865872 0.000000
vt 0.516321 2.884271 0.000000
vt 0.542587 2.898425 0.000000
vt 0.571158 2.907019 0.000000
vt 0.600000 2.909864 0.000000
vt 1.210400 2.858125 0.000000
vt 0.628842 2.907019 0.000000
vt 0.657413 2.898425 0.000000
vt 0.683679 2.884271 0.000000
vt 0.706073 2.865872 0.000000
vt 0.724454 2.843462 0.000000
vt 0.738587 2.817185 0.000000
vt 5.712339 2.834165 0.000000
vt 5.724283 2.843972 0.000000
vt 5.738291 2.851513 0.000000
vt 0.747165 2.788610 0.000000
vt 5.694997 2.808207 0.000000
vt 5.702535 2.822218 0.000000
vt 0.750000 2.759768 0.000000
vt 5.688907 2.777591 0.000000
vt 5.690421 2.792970 0.000000
vt 0.747156 2.730926 0.000000
vt 5.694997 2.746974 0.000000
vt 5.690421 2.762211 0.000000
vt 5.712339 2.721017 0.000000
vt 5.702535 2.732964 0.000000
vt 0.941636 1.449601 0.000000
vt 1.210400 1.467208 0.000000
vt 0.944371 1.638284 0.000000
vt 1.210400 1.877157 0.000000
vt 0.548312 1.900413 0.000000
vt 0.000000 2.136608 0.000000
vt 0.000000 1.709287 0.000000
vt 1.211200 1.467208 0.000000
vt 0.939041 1.260918 0.000000
vt 1.211200 1.100406 0.000000
vt 0.936602 1.072235 0.000000
vt 1.211200 0.733604 0.000000
vt 0.532775 0.748595 0.000000
vt 0.000000 0.427322 0.000000
vt 0.000000 0.854643 0.000000
vt 0.136716 1.090311 0.000000
vt 0.000000 1.281965 0.000000
vt 0.139157 1.278047 0.000000
vt 0.141752 1.465782 0.000000
vt 0.144484 1.653517 0.000000
vt 1.028432 4.431481 0.000000
vt 1.214400 4.454776 0.000000
vt 1.030843 4.628474 0.000000
vt 1.214400 4.821578 0.000000
vt 0.823231 4.814724 0.000000
vt 0.634784 5.000973 0.000000
vt 1.214400 5.188380 0.000000
vt 0.000000 5.127860 0.000000
vt 0.000000 5.555182 0.000000
vt 1.214400 5.555182 0.000000
vt 1.025836 4.234487 0.000000
vt 1.214400 4.087974 0.000000
vt 1.210400 4.087974 0.000000
vt 1.023075 4.037494 0.000000
vt 0.619247 3.783518 0.000000
vt 0.223188 4.053243 0.000000
vt 0.000000 3.845895 0.000000
vt 0.000000 3.418573 0.000000
vt 1.210400 3.678024 0.000000
vt 1.210400 3.268074 0.000000
vt 0.000000 4.273217 0.000000
vt 0.225953 4.251438 0.000000
vt 0.228549 4.449632 0.000000
vt 0.000000 4.700538 0.000000
vt 0.230957 4.647827 0.000000
vt 0.442212 4.824400 0.000000
vt 5.768907 2.697575 0.000000
vt 6.240000 2.697057 0.000000
vt 5.784287 2.699090 0.000000
vt 5.799523 2.703668 0.000000
vt 5.813532 2.711210 0.000000
vt 5.825476 2.721017 0.000000
vt 6.240000 2.750746 0.000000
vt 5.835279 2.732964 0.000000
vt 5.842817 2.746974 0.000000
vt 5.847393 2.762211 0.000000
vt 5.848907 2.777591 0.000000
vt 6.240000 2.804435 0.000000
vt 5.847393 2.792970 0.000000
vt 5.842817 2.808207 0.000000
vt 5.835279 2.822218 0.000000
vt 5.825476 2.834165 0.000000
vt 6.240000 2.858125 0.000000
vt 5.813532 2.843972 0.000000
vt 5.799523 2.851513 0.000000
vt 5.784287 2.856092 0.000000
vt 5.768907 2.857607 0.000000
vt 5.753528 2.856092 0.000000
vt 5.724283 2.711210 0.000000
vt 1.211200 0.366802 0.000000
vt 0.000000 -0.000000 0.000000
vt 1.211200 -0.000000 0.000000
vt -2.188154 -0.171768 0.000000
vt -2.160287 -0.258965 0.000000
vt -2.195467 -0.080518 0.000000
vt -2.113325 -0.337544 0.000000
vt -2.194224 -0.026844 0.000000
vt -2.049728 -0.403388 0.000000
vt -2.194224 0.026844 0.000000
vt -1.972827 -0.453049 0.000000
vt -1.603101 -0.165685 0.000000
vt -1.886649 -0.483925 0.000000
vt -1.795707 -0.494400 0.000000
vt -1.644958 -0.494400 0.000000
vt -1.603101 0.165685 0.000000
vt -1.972827 0.453049 0.000000
vt -2.049728 0.403388 0.000000
vt -1.644958 0.494400 0.000000
vt -1.795707 0.494400 0.000000
vt -1.886649 0.483925 0.000000
vt -2.113325 0.337544 0.000000
vt -2.195467 0.080518 0.000000
vt -2.160287 0.258965 0.000000
vt -2.188154 0.171768 0.000000
vt 6.240000 -0.229358 0.000000
vt 4.563467 -0.229358 0.000000
vt 6.240000 -0.321102 0.000000
vt 2.886933 -0.229358 0.000000
vt 1.210400 -0.321102 0.000000
vt 1.210400 -0.229358 0.000000
vt 1.210400 -0.137615 0.000000
vt 2.886933 -0.137615 0.000000
vt 1.210400 -0.045872 0.000000
vt 2.886933 -0.045872 0.000000
vt 1.210400 0.045872 0.000000
vt 2.886933 0.045872 0.000000
vt 1.210400 0.137615 0.000000
vt 2.886933 0.137615 0.000000
vt 1.210400 0.229358 0.000000
vt 2.886933 0.229358 0.000000
vt 1.210400 0.321102 0.000000
vt 4.563467 0.229358 0.000000
vt 6.240000 0.321102 0.000000
vt 6.240000 0.229358 0.000000
vt 6.240000 0.137615 0.000000
vt 4.563467 0.137615 0.000000
vt 6.240000 0.045872 0.000000
vt 4.563467 0.045872 0.000000
vt 6.240000 -0.045872 0.000000
vt 4.563467 -0.045872 0.000000
vt 6.240000 -0.137615 0.000000
vt 4.563467 -0.137615 0.000000
vt -0.939085 2.072938 0.000000
vt -1.210400 2.162163 0.000000
vt -0.936602 1.893815 0.000000
vt -1.210400 1.711995 0.000000
vt -0.532775 1.602513 0.000000
vt -1.211200 1.711995 0.000000
vt -1.211200 1.283996 0.000000
vt -0.941679 2.252061 0.000000
vt -0.944371 2.431184 0.000000
vt -1.210400 2.612332 0.000000
vt -0.548312 2.687399 0.000000
vt -0.000000 2.847909 0.000000
vt -0.000000 2.373258 0.000000
vt -0.144484 2.445976 0.000000
vt -0.141794 2.267486 0.000000
vt -0.139200 2.088997 0.000000
vt -0.000000 1.898606 0.000000
vt -0.136716 1.910507 0.000000
vt -1.025782 4.989744 0.000000
vt -1.210400 4.983675 0.000000
vt -1.023075 4.805199 0.000000
vt -1.210400 4.520474 0.000000
vt -0.619247 4.558638 0.000000
vt -0.000000 4.271864 0.000000
vt -0.000000 4.746516 0.000000
vt -1.028376 5.174290 0.000000
vt -1.210400 5.446876 0.000000
vt -1.030843 5.358836 0.000000
vt -0.634784 5.683559 0.000000
vt -0.230957 5.376290 0.000000
vt -0.000000 5.695819 0.000000
vt -1.214400 5.865100 0.000000
vt -1.214400 5.446876 0.000000
vt -0.000000 5.221167 0.000000
vt -0.228491 5.190979 0.000000
vt -0.225897 5.005668 0.000000
vt -0.223188 4.820357 0.000000
vt -5.847393 3.575266 0.000000
vt -6.240000 3.725682 0.000000
vt -5.848907 3.559887 0.000000
vt -6.240000 3.394091 0.000000
vt -5.847393 3.544507 0.000000
vt -5.842817 3.529271 0.000000
vt -5.835279 3.515260 0.000000
vt -5.825476 3.503314 0.000000
vt -5.813531 3.493508 0.000000
vt -5.799523 3.485967 0.000000
vt -5.784286 3.481389 0.000000
vt -5.768907 3.479874 0.000000
vt -5.753528 3.481389 0.000000
vt -1.054720 3.381920 0.000000
vt -5.738292 3.485967 0.000000
vt -5.724283 3.493508 0.000000
vt -5.712339 3.503314 0.000000
vt -5.702535 3.515260 0.000000
vt -5.694997 3.529271 0.000000
vt -5.690421 3.544507 0.000000
vt -5.688907 3.559887 0.000000
vt -5.690421 3.575266 0.000000
vt -5.694997 3.590503 0.000000
vt -1.054720 3.785523 0.000000
vt -5.702535 3.604513 0.000000
vt -5.712339 3.616460 0.000000
vt -5.724283 3.626266 0.000000
vt -5.738292 3.633807 0.000000
vt -5.753528 3.638384 0.000000
vt -5.768907 3.639899 0.000000
vt -5.784286 3.638384 0.000000
vt -5.799523 3.633807 0.000000
vt -5.813531 3.626266 0.000000
vt -5.825476 3.616460 0.000000
vt -5.835279 3.604513 0.000000
vt -5.842817 3.590503 0.000000
vt -1.054720 2.978316 0.000000
vt -0.254720 2.978316 0.000000
vt -0.000000 3.322561 0.000000
vt -0.254720 3.381920 0.000000
vt -0.000000 3.797213 0.000000
vt -0.254720 3.785523 0.000000
vt -0.254720 4.189127 0.000000
vt -1.054720 4.189127 0.000000
vt -1.210400 4.057273 0.000000
vt -1.210400 3.062500 0.000000
vt -6.240000 4.057273 0.000000
vt -1.214400 7.119774 0.000000
vt -1.214400 6.701549 0.000000
vt -0.000000 7.119774 0.000000
vt -0.000000 6.645122 0.000000
vt -1.214400 6.283325 0.000000
vt -0.000000 6.170470 0.000000
vt -6.240000 3.062500 0.000000
vt -1.211200 0.855997 0.000000
vt -0.000000 0.949303 0.000000
vt -0.000000 1.423955 0.000000
vt -0.000000 0.474652 0.000000
vt -1.211200 0.427999 0.000000
vt -0.000000 -0.000000 0.000000
vt -1.211200 -0.000000 0.000000
vt -0.305460 1.340000 0.000000
vt -0.000000 1.340000 0.000000
vt -0.305460 1.344000 0.000000
vt -0.000000 1.344000 0.000000
vt -0.485994 1.340000 0.000000
vt -0.000000 1.340000 0.000000
vt -0.485994 1.344000 0.000000
vt -0.000000 1.344000 0.000000
vt -0.000000 3.628642 0.000000
vt -0.444780 3.501494 0.000000
vt -0.000000 3.477893 0.000000
vt 0.010475 3.386951 0.000000
vt 0.041351 3.300773 0.000000
vt -0.860239 3.298050 0.000000
vt 0.007562 3.027876 0.000000
vt -0.383597 2.906977 0.000000
vt -1.233407 3.024660 0.000000
vt -0.747412 2.719200 0.000000
vt -1.233407 2.719200 0.000000
vt 0.413882 3.078134 0.000000
vt 0.322632 3.085446 0.000000
vt 0.235435 3.113313 0.000000
vt 0.156856 3.160275 0.000000
vt 0.091012 3.223872 0.000000
vt -0.456428 1.343200 0.000000
vt -0.000000 1.343200 0.000000
vt -0.456428 1.344000 0.000000
vt -0.000000 1.344000 0.000000
vt -0.000000 1.343200 0.000000
vt -0.000000 1.344000 0.000000
vt -0.331042 1.343200 0.000000
vt -0.331042 1.344000 0.000000
vt -1.057332 3.311425 0.000000
vt -1.511603 2.906977 0.000000
vt -0.691359 3.050242 0.000000
vt -1.147788 2.719200 0.000000
vt -0.691359 2.719200 0.000000
vt -1.462596 3.506139 0.000000
vt -1.936551 3.300773 0.000000
vt -1.902762 3.027876 0.000000
vt -1.895200 3.628642 0.000000
vt -1.895200 3.477893 0.000000
vt -1.905675 3.386951 0.000000
vt -1.986212 3.223872 0.000000
vt -2.052056 3.160275 0.000000
vt -2.130635 3.113313 0.000000
vt -2.217832 3.085446 0.000000
vt -2.309082 3.078134 0.000000
vt -3.685600 3.477893 0.000000
vt 1.344000 3.477893 0.000000
vt -3.685600 3.628642 0.000000
vt 1.344000 3.628642 0.000000
vt -5.134400 3.477893 0.000000
vt -0.104800 3.477893 0.000000
vt -5.134400 3.628642 0.000000
vt -0.104800 3.628642 0.000000
vt -0.783504 1.999759 0.000000
vt -0.712807 2.440154 0.000000
vt -1.113028 2.160000 0.000000
vt -1.113028 2.560000 0.000000
vt -1.117760 2.160000 0.000000
vt -1.117760 2.560000 0.000000
vt -0.336744 2.258174 0.000000
vt -0.483319 1.789634 0.000000
vt 0.005584 2.018692 0.000000
vt 0.000000 1.727807 0.000000
vt 0.305460 1.727807 0.000000
vt -0.219961 1.534867 0.000000
vt 0.000000 1.241812 0.000000
vt -0.400000 0.106400 0.000000
vt -0.000000 0.106400 0.000000
vt -0.400000 0.107200 0.000000
vt -0.000000 0.107200 0.000000
vt -1.117760 -2.560000 0.000000
vt -1.113028 -2.560000 0.000000
vt -1.113028 -2.160000 0.000000
vt -0.703704 -2.436595 0.000000
vt -0.783504 -1.999759 0.000000
vt -0.319920 -2.248219 0.000000
vt -0.483319 -1.789634 0.000000
vt 0.028088 -1.999894 0.000000
vt -0.000000 -1.698241 0.000000
vt 0.331042 -1.698241 0.000000
vt -0.000000 -1.241812 0.000000
vt -0.219961 -1.534867 0.000000
vt -1.117760 -2.160000 0.000000
vt 1.648889 0.761558 0.000000
vt 2.180298 0.967302 0.000000
vt 1.610066 0.766669 0.000000
vt 1.022473 0.988797 0.000000
vt 1.571243 0.761558 0.000000
vt 1.535066 0.746573 0.000000
vt 1.504000 0.722735 0.000000
vt 1.260109 0.592738 0.000000
vt 1.480162 0.691669 0.000000
vt 1.465177 0.655492 0.000000
vt 1.460066 0.616669 0.000000
vt 1.465177 0.577846 0.000000
vt 1.480162 0.541669 0.000000
vt 1.504000 0.510603 0.000000
vt 1.535066 0.486765 0.000000
vt 1.035929 0.188910 0.000000
vt 1.571243 0.471780 0.000000
vt 1.610066 0.466669 0.000000
vt 2.193754 0.167415 0.000000
vt 1.648889 0.471780 0.000000
vt 1.685066 0.486765 0.000000
vt 1.956119 0.563474 0.000000
vt 1.716132 0.510603 0.000000
vt 1.739970 0.541669 0.000000
vt 1.754955 0.577846 0.000000
vt 1.760066 0.616669 0.000000
vt 1.754955 0.655492 0.000000
vt 1.739970 0.691669 0.000000
vt 1.716132 0.722735 0.000000
vt 1.685066 0.746573 0.000000
vt 2.879748 0.579012 0.000000
vt 2.655569 0.175184 0.000000
vt 3.200000 0.000000 0.000000
vt -0.000000 0.000000 0.000000
vt 0.574114 0.181141 0.000000
vt 3.200000 1.212000 0.000000
vt 2.642113 0.975071 0.000000
vt 0.336479 0.577200 0.000000
vt -0.000000 1.211200 0.000000
vt 0.560658 0.981028 0.000000
vt 0.004732 1.211200 0.000000
vt 0.004732 1.212000 0.000000
vt 0.398982 0.014400 0.000000
vt -0.001018 0.014400 0.000000
vt 0.398982 0.012000 0.000000
vt -0.001018 0.012000 0.000000
vt 1.648889 0.761558 0.000000
vt 2.180298 0.967302 0.000000
vt 1.610066 0.766669 0.000000
vt 1.022473 0.988797 0.000000
vt 1.571243 0.761558 0.000000
vt 1.535066 0.746573 0.000000
vt 1.504000 0.722735 0.000000
vt 1.260109 0.592738 0.000000
vt 1.480162 0.691669 0.000000
vt 1.465177 0.655492 0.000000
vt 1.460066 0.616669 0.000000
vt 1.465177 0.577846 0.000000
vt 1.480162 0.541669 0.000000
vt 1.504000 0.510603 0.000000
vt 1.535066 0.486765 0.000000
vt 1.035929 0.188910 0.000000
vt 1.571243 0.471780 0.000000
vt 1.610066 0.466669 0.000000
vt 2.193754 0.167415 0.000000
vt 1.648889 0.471780 0.000000
vt 1.685066 0.486765 0.000000
vt 1.956119 0.563474 0.000000
vt 1.716132 0.510603 0.000000
vt 1.739970 0.541669 0.000000
vt 1.754955 0.577846 0.000000
vt 1.760066 0.616669 0.000000
vt 1.754955 0.655492 0.000000
vt 1.739970 0.691669 0.000000
vt 1.716132 0.722735 0.000000
vt 1.685066 0.746573 0.000000
vt 2.879748 0.579012 0.000000
vt 2.655569 0.175184 0.000000
vt 3.200000 0.000000 0.000000
vt 0.000000 0.000000 0.000000
vt 0.574114 0.181141 0.000000
vt 3.200000 1.212000 0.000000
vt 2.642113 0.975071 0.000000
vt 0.336479 0.577200 0.000000
vt 0.000000 1.214400 0.000000
vt 0.004732 1.212000 0.000000
vt 0.004732 1.214400 0.000000
vt 0.560658 0.981028 0.000000
vt -3.200000 5.118982 0.000000
vt -3.200000 4.718982 0.000000
vt -0.000000 5.095277 0.000000
vt -0.004732 4.718982 0.000000
vt -0.003154 4.718363 0.000000
vt -0.001577 4.717742 0.000000
vt -0.000000 4.717121 0.000000
vt -0.000000 5.117963 0.000000
vt -0.001577 5.118304 0.000000
vt -0.003154 5.118643 0.000000
vt -0.004732 5.118982 0.000000
vt -0.004732 -0.001018 0.000000
vt -0.003154 -0.000680 0.000000
vt -3.200000 -0.001018 0.000000
vt -0.001577 -0.000340 0.000000
vt -0.000000 0.000000 0.000000
vt -0.000000 0.400842 0.000000
vt -0.001577 0.400221 0.000000
vt -0.003154 0.399601 0.000000
vt -0.004732 0.398982 0.000000
vt -3.200000 0.398982 0.000000
vt -4.789486 4.717121 0.000000
vt -4.877629 4.837584 0.000000
vt -5.028000 4.717121 0.000000
vt -4.957260 4.963836 0.000000
vt -5.028000 5.095277 0.000000
vt -4.993153 0.400842 0.000000
vt -5.028000 0.400842 0.000000
vt -5.005467 0.278756 0.000000
vt -5.011230 0.156186 0.000000
vt -5.022205 0.011194 0.000000
vt -5.016347 0.022355 0.000000
vt -5.028000 0.000000 0.000000
vt -5.010424 0.033482 0.000000
vt 1.828569 -3.389614 0.000000
vt 1.598560 -3.496419 0.000000
vt 2.532070 -3.493195 0.000000
vt 1.598560 -3.619140 0.000000
vt 2.282051 -3.646528 0.000000
vt 1.598560 -3.741860 0.000000
vt 2.014949 -3.770971 0.000000
vt 1.598560 -3.864580 0.000000
vt 1.735471 -3.864580 0.000000
vt 2.760515 -3.313652 0.000000
vt 2.044194 -3.257867 0.000000
vt 2.963625 -3.110892 0.000000
vt 2.241668 -3.103439 0.000000
vt 2.417653 -2.928939 0.000000
vt 3.140053 -2.886248 0.000000
vt 2.570176 -2.737590 0.000000
vt 3.295280 -2.628765 0.000000
vt 2.704234 -2.521061 0.000000
vt 3.419320 -2.350012 0.000000
vt 2.815911 -2.283269 0.000000
vt 3.508452 -2.069907 0.000000
vt 2.900079 -2.038282 0.000000
vt 3.569617 -1.789617 0.000000
vt 2.958986 -1.798649 0.000000
vt 3.000749 -1.552051 0.000000
vt 3.610787 -1.499467 0.000000
vt 3.028658 -1.298716 0.000000
vt 3.635888 -1.203782 0.000000
vt 3.045789 -1.041937 0.000000
vt 3.649593 -0.906258 0.000000
vt 3.055341 -0.784487 0.000000
vt 3.656070 -0.610000 0.000000
vt 3.060012 -0.529084 0.000000
vt 3.658476 -0.318640 0.000000
vt 3.061749 -0.278766 0.000000
vt 3.658366 -0.033053 0.000000
vt 3.061502 -0.033053 0.000000
vt 1.598560 -4.405523 0.000000
vt 1.598560 -4.418128 0.000000
vt 1.735471 -4.405523 0.000000
vt 1.598560 -4.430733 0.000000
vt 1.598560 -4.443338 0.000000
vt 1.551111 0.471780 0.000000
vt 1.006246 0.167415 0.000000
vt 1.589934 0.466669 0.000000
vt 2.164071 0.188910 0.000000
vt 1.628757 0.471780 0.000000
vt 1.664934 0.486765 0.000000
vt 1.939891 0.592738 0.000000
vt 1.696000 0.510603 0.000000
vt 1.719838 0.541669 0.000000
vt 1.734823 0.577846 0.000000
vt 1.739934 0.616669 0.000000
vt 1.734823 0.655492 0.000000
vt 1.719838 0.691669 0.000000
vt 1.696000 0.722735 0.000000
vt 2.177527 0.988797 0.000000
vt 1.664934 0.746573 0.000000
vt 1.628757 0.761558 0.000000
vt 1.589934 0.766669 0.000000
vt 1.019702 0.967302 0.000000
vt 1.551111 0.761558 0.000000
vt 1.514934 0.746573 0.000000
vt 1.483868 0.722735 0.000000
vt 1.460030 0.691669 0.000000
vt 1.243881 0.563474 0.000000
vt 1.445045 0.655492 0.000000
vt 1.439934 0.616669 0.000000
vt 1.445045 0.577846 0.000000
vt 1.460030 0.541669 0.000000
vt 1.483868 0.510603 0.000000
vt 1.514934 0.486765 0.000000
vt 0.544431 0.175184 0.000000
vt -0.000000 0.000000 0.000000
vt 3.200000 0.000000 0.000000
vt 2.625886 0.181141 0.000000
vt 2.863521 0.577200 0.000000
vt 3.200000 1.211200 0.000000
vt 2.639342 0.981028 0.000000
vt 3.195268 1.211200 0.000000
vt 3.195268 1.212000 0.000000
vt 0.320252 0.579012 0.000000
vt -0.000000 1.212000 0.000000
vt 0.557887 0.975071 0.000000
vt 1.628757 0.761558 0.000000
vt 2.177527 0.988797 0.000000
vt 1.589934 0.766669 0.000000
vt 1.019702 0.967302 0.000000
vt 1.551111 0.761558 0.000000
vt 1.514934 0.746573 0.000000
vt 1.483868 0.722735 0.000000
vt 1.460030 0.691669 0.000000
vt 1.243881 0.563474 0.000000
vt 1.445045 0.655492 0.000000
vt 1.439934 0.616669 0.000000
vt 1.445045 0.577846 0.000000
vt 1.460030 0.541669 0.000000
vt 1.483868 0.510603 0.000000
vt 1.514934 0.486765 0.000000
vt 1.006246 0.167415 0.000000
vt 1.551111 0.471780 0.000000
vt 1.589934 0.466669 0.000000
vt 2.164071 0.188910 0.000000
vt 1.628757 0.471780 0.000000
vt 1.664934 0.486765 0.000000
vt 1.939891 0.592738 0.000000
vt 1.696000 0.510603 0.000000
vt 1.719838 0.541669 0.000000
vt 1.734823 0.577846 0.000000
vt 1.739934 0.616669 0.000000
vt 1.734823 0.655492 0.000000
vt 1.719838 0.691669 0.000000
vt 1.696000 0.722735 0.000000
vt 1.664934 0.746573 0.000000
vt 0.544431 0.175184 0.000000
vt 0.000000 0.000000 0.000000
vt 3.200000 0.000000 0.000000
vt 2.625886 0.181141 0.000000
vt 2.863521 0.577200 0.000000
vt 3.200000 1.214400 0.000000
vt 3.195268 1.212000 0.000000
vt 3.195268 1.214400 0.000000
vt 0.320252 0.579012 0.000000
vt 0.000000 1.212000 0.000000
vt 0.557887 0.975071 0.000000
vt 2.639342 0.981028 0.000000
vt 0.378156 0.012000 0.000000
vt 0.385704 0.008286 0.000000
vt 0.400842 0.012000 0.000000
vt 0.393266 0.004601 0.000000
vt 0.400842 0.000946 0.000000
vt -0.093543 -0.185887 0.000000
vt -0.400000 -0.600000 0.000000
vt -0.054720 -0.190998 0.000000
vt 0.400000 -0.600000 0.000000
vt -0.015897 -0.185887 0.000000
vt 0.020280 -0.170902 0.000000
vt 0.051346 -0.147064 0.000000
vt 0.075184 -0.115998 0.000000
vt 0.090169 -0.079821 0.000000
vt 0.095280 -0.040998 0.000000
vt 0.400000 0.600000 0.000000
vt 0.090169 -0.002176 0.000000
vt 0.075184 0.034002 0.000000
vt 0.051346 0.065068 0.000000
vt 0.020280 0.088905 0.000000
vt -0.015897 0.103890 0.000000
vt -0.054720 0.109002 0.000000
vt -0.400000 0.600000 0.000000
vt -0.093543 0.103890 0.000000
vt -0.129720 0.088905 0.000000
vt -0.160786 0.065068 0.000000
vt -0.184624 0.034002 0.000000
vt -0.199609 -0.002176 0.000000
vt -0.204720 -0.040998 0.000000
vt -0.199609 -0.079821 0.000000
vt -0.184624 -0.115998 0.000000
vt -0.160786 -0.147064 0.000000
vt -0.129720 -0.170902 0.000000
vt 0.000000 -4.320000 0.000000
vt 0.800000 -4.320000 0.000000
vt 0.000000 -3.999075 0.000000
vt 0.800000 -3.999075 0.000000
vt 0.000000 -3.999075 0.000000
vt 0.000000 -4.320000 0.000000
vt 0.398970 -4.057357 0.000000
vt 1.200000 -4.320000 0.000000
vt 0.802157 -4.053686 0.000000
vt 1.200000 -3.988150 0.000000
vt 0.093543 0.103890 0.000000
vt 0.400000 0.600000 0.000000
vt 0.054720 0.109002 0.000000
vt -0.400000 0.600000 0.000000
vt 0.015897 0.103890 0.000000
vt -0.020280 0.088905 0.000000
vt -0.051346 0.065068 0.000000
vt -0.075184 0.034002 0.000000
vt -0.090169 -0.002176 0.000000
vt -0.095280 -0.040998 0.000000
vt -0.400000 -0.600000 0.000000
vt -0.090169 -0.079821 0.000000
vt -0.075184 -0.115998 0.000000
vt -0.051346 -0.147064 0.000000
vt -0.020280 -0.170902 0.000000
vt 0.015897 -0.185887 0.000000
vt 0.054720 -0.190998 0.000000
vt 0.400000 -0.600000 0.000000
vt 0.093543 -0.185887 0.000000
vt 0.129720 -0.170902 0.000000
vt 0.160786 -0.147064 0.000000
vt 0.184624 -0.115998 0.000000
vt 0.199609 -0.079821 0.000000
vt 0.204720 -0.040998 0.000000
vt 0.199609 -0.002176 0.000000
vt 0.184624 0.034002 0.000000
vt 0.160786 0.065068 0.000000
vt 0.129720 0.088905 0.000000
vt 0.000000 3.200494 0.000000
vt 0.800000 3.200494 0.000000
vt 0.000000 3.532320 0.000000
vt 0.800000 3.532320 0.000000
vt 0.000000 3.211418 0.000000
vt 0.398970 3.269700 0.000000
vt 0.000000 3.532320 0.000000
vt 1.200000 3.532320 0.000000
vt 0.802157 3.266030 0.000000
vt 1.200000 3.200494 0.000000
vt 0.000000 -4.320000 0.000000
vt 0.800000 -4.320000 0.000000
vt 0.000000 -3.988150 0.000000
vt 0.800000 -3.988150 0.000000
vt -0.000000 3.200494 0.000000
vt 0.397843 3.266030 0.000000
vt -0.000000 3.532320 0.000000
vt 0.801030 3.269700 0.000000
vt 1.200000 3.532320 0.000000
vt 1.200000 3.211418 0.000000
vt 1.200000 -4.320000 0.000000
vt 0.801030 -4.057357 0.000000
vt 0.000000 -4.320000 0.000000
vt 0.397843 -4.053686 0.000000
vt 0.000000 -3.988150 0.000000
vt 1.200000 -3.999075 0.000000
vt -0.000000 3.211418 0.000000
vt 0.800000 3.211418 0.000000
vt -0.000000 3.532320 0.000000
vt 0.800000 3.532320 0.000000
vt 1.981284 1.968401 0.000000
vt 2.052589 2.419141 0.000000
vt 1.600000 2.160000 0.000000
vt 1.600000 2.560000 0.000000
vt -1.600000 2.560000 0.000000
vt 2.472362 2.198987 0.000000
vt 2.321028 1.710210 0.000000
vt 2.845562 1.906755 0.000000
vt 2.607736 1.394162 0.000000
vt 3.159954 1.552022 0.000000
vt 2.831711 1.030949 0.000000
vt 3.405234 1.146417 0.000000
vt 2.985374 0.632859 0.000000
vt 3.573361 0.703234 0.000000
vt 3.063528 0.213359 0.000000
vt 3.658826 0.237001 0.000000
vt 3.658826 -0.237001 0.000000
vt 3.063528 -0.213359 0.000000
vt 3.573361 -0.703234 0.000000
vt 2.985374 -0.632859 0.000000
vt 3.405234 -1.146417 0.000000
vt 2.831711 -1.030949 0.000000
vt 3.159954 -1.552022 0.000000
vt 2.607736 -1.394162 0.000000
vt 2.845562 -1.906755 0.000000
vt 2.321028 -1.710210 0.000000
vt 2.472362 -2.198987 0.000000
vt 1.981284 -1.968401 0.000000
vt 2.052589 -2.419141 0.000000
vt 1.600000 -2.160000 0.000000
vt 1.600000 -2.560000 0.000000
vt -1.600000 -2.160000 0.000000
vt -1.600000 -2.560000 0.000000
vt -2.052589 -2.419141 0.000000
vt -1.981284 -1.968401 0.000000
vt -2.472362 -2.198987 0.000000
vt -2.321028 -1.710210 0.000000
vt -2.845562 -1.906755 0.000000
vt -2.607736 -1.394162 0.000000
vt -3.159954 -1.552022 0.000000
vt -2.831711 -1.030949 0.000000
vt -3.405234 -1.146417 0.000000
vt -2.985374 -0.632859 0.000000
vt -3.573361 -0.703234 0.000000
vt -3.063528 -0.213359 0.000000
vt -3.658826 -0.237001 0.000000
vt -3.063528 0.213359 0.000000
vt -3.658826 0.237001 0.000000
vt -3.573361 0.703234 0.000000
vt -2.985374 0.632859 0.000000
vt -3.405234 1.146417 0.000000
vt -2.831711 1.030949 0.000000
vt -3.159954 1.552022 0.000000
vt -2.607736 1.394162 0.000000
vt -2.845562 1.906755 0.000000
vt -2.321028 1.710210 0.000000
vt -2.472362 2.198987 0.000000
vt -1.981284 1.968401 0.000000
vt -2.052589 2.419141 0.000000
vt -1.600000 2.160000 0.000000
vn -0.000000 -0.965926 -0.258819
vn -0.000000 -0.981330 -0.192330
vn -0.000000 -1.000000 -0.000000
vn -0.000000 -1.000000 -0.000000
vn 0.000000 -0.981330 0.192330
vn -0.000000 -0.923852 -0.382751
vn -0.000000 -0.866025 -0.500000
vn -0.000000 -0.829833 -0.558011
vn -0.000000 -0.707107 -0.707107
vn -0.000000 -0.707058 -0.707156
vn -0.000000 -0.557888 -0.829916
vn -0.000000 -0.500000 -0.866025
vn -0.000000 -0.382603 -0.923913
vn -0.000000 -0.258819 -0.965926
vn -0.000000 -0.192167 -0.981362
vn -0.000000 -0.000000 -1.000000
vn 0.000000 0.000160 -1.000000
vn 0.000000 0.192475 -0.981302
vn 0.000000 0.258819 -0.965926
vn 0.000000 0.382852 -0.923810
vn 0.000000 0.500000 -0.866025
vn 0.000000 0.558054 -0.829804
vn 0.000000 0.707107 -0.707107
vn 0.000000 0.707147 -0.707066
vn 0.000000 0.829873 -0.557952
vn 0.000000 0.866025 -0.500000
vn 0.000000 0.923863 -0.382722
vn 0.000000 0.965926 -0.258819
vn 0.000000 0.981332 -0.192323
vn 0.000000 1.000000 -0.000000
vn 0.000000 1.000000 -0.000000
vn 0.000000 0.981332 0.192323
vn 0.000000 0.965926 0.258819
vn 0.000000 0.923863 0.382722
vn 0.000000 0.866025 0.500000
vn 0.000000 0.829873 0.557952
vn 0.000000 0.707107 0.707107
vn 0.000000 0.707147 0.707066
vn 0.000000 0.558054 0.829804
vn 0.000000 0.500000 0.866025
vn 0.000000 0.382852 0.923810
vn 0.000000 0.258819 0.965926
vn 0.000000 0.192475 0.981302
vn 0.000000 -0.000000 1.000000
vn 0.000000 0.000160 1.000000
vn 0.000000 -0.192167 0.981362
vn 0.000000 -0.258819 0.965926
vn 0.000000 -0.382603 0.923913
vn 0.000000 -0.500000 0.866025
vn 0.000000 -0.557888 0.829916
vn 0.000000 -0.707107 0.707107
vn 0.000000 -0.707058 0.707156
vn 0.000000 -0.829833 0.558011
vn 0.000000 -0.866025 0.500000
vn 0.000000 -0.923852 0.382751
vn 0.000000 -0.965926 0.258819
vn 0.000000 0.981332 -0.192323
vn 0.000000 1.000000 -0.000000
vn 0.000000 1.000000 -0.000000
vn 0.000000 0.981332 0.192323
vn 0.000000 0.965926 0.258819
vn 0.000000 0.923863 0.382722
vn 0.000000 0.866025 0.500000
vn 0.000000 0.829873 0.557952
vn 0.000000 0.707107 0.707107
vn 0.000000 0.707147 0.707066
vn 0.000000 0.558054 0.829804
vn 0.000000 0.500000 0.866025
vn 0.000000 0.382852 0.923810
vn 0.000000 0.258819 0.965926
vn 0.000000 0.192475 0.981302
vn 0.000000 -0.000000 1.000000
vn 0.000000 0.000160 1.000000
vn 0.000000 -0.192167 0.981362
vn 0.000000 -0.258819 0.965926
vn 0.000000 -0.382603 0.923913
vn 0.000000 -0.500000 0.866025
vn 0.000000 -0.557888 0.829916
vn 0.000000 -0.707107 0.707107
vn 0.000000 -0.707058 0.707156
vn 0.000000 -0.829833 0.558011
vn 0.000000 -0.866025 0.500000
vn 0.000000 -0.923852 0.382751
vn 0.000000 -0.965926 0.258819
vn 0.000000 -0.981330 0.192330
vn -0.000000 -1.000000 -0.000000
vn -0.000000 -1.000000 -0.000000
vn -0.000000 -0.981330 -0.192330
vn -0.000000 -0.965926 -0.258819
vn -0.000000 -0.923852 -0.382751
vn -0.000000 -0.866025 -0.500000
vn -0.000000 -0.829833 -0.558011
vn -0.000000 -0.707107 -0.707107
vn -0.000000 -0.707058 -0.707156
vn -0.000000 -0.557888 -0.829916
vn -0.000000 -0.500000 -0.866025
vn -0.000000 -0.382603 -0.923913
vn -0.000000 -0.258819 -0.965926
vn -0.000000 -0.192167 -0.981362
vn -0.000000 -0.000000 -1.000000
vn 0.000000 0.000160 -1.000000
vn 0.000000 0.192475 -0.981302
vn 0.000000 0.258819 -0.965926
vn 0.000000 0.382852 -0.923810
vn 0.000000 0.500000 -0.866025
vn 0.000000 0.558054 -0.829804
vn 0.000000 0.707107 -0.707107
vn 0.000000 0.707147 -0.707066
vn 0.000000 0.829873 -0.557952
vn 0.000000 0.866025 -0.500000
vn 0.000000 0.923863 -0.382722
vn 0.000000 0.965926 -0.258819
vn 0.258819 0.000000 -0.965926
vn 0.258819 0.000000 -0.965926
vn 0.000000 0.000000 -1.000000
vn 0.000000 0.000000 -1.000000
vn -0.258819 -0.000000 -0.965926
vn -0.258819 -0.000000 -0.965926
vn -0.500000 -0.000000 -0.866025
vn -0.500000 -0.000000 -0.866025
vn -0.707107 -0.000000 -0.707107
vn -0.707107 -0.000000 -0.707107
vn -0.866025 -0.000000 -0.500000
vn -0.866025 -0.000000 -0.500000
vn -0.965926 -0.000000 -0.258819
vn -0.965926 -0.000000 -0.258819
vn -1.000000 -0.000000 0.000000
vn -1.000000 -0.000000 0.000000
vn -0.965926 -0.000000 0.258819
vn -0.965926 -0.000000 0.258819
vn -0.866025 -0.000000 0.500000
vn -0.866025 -0.000000 0.500000
vn -0.707107 -0.000000 0.707107
vn -0.707107 -0.000000 0.707107
vn -0.500000 -0.000000 0.866025
vn -0.500000 -0.000000 0.866025
vn -0.258819 -0.000000 0.965926
vn -0.258819 -0.000000 0.965926
vn -0.000000 -0.000000 1.000000
vn 0.000000 0.000000 1.000000
vn 0.258819 0.000000 0.965926
vn 0.258819 0.000000 0.965926
vn 0.500000 0.000000 0.866025
vn 0.500000 0.000000 0.866025
vn 0.707107 0.000000 0.707107
vn 0.707107 0.000000 0.707107
vn 0.866025 0.000000 0.500000
vn 0.866025 0.000000 0.500000
vn 0.965926 0.000000 0.258819
vn 0.965926 0.000000 0.258819
vn 1.000000 0.000000 0.000000
vn 1.000000 0.000000 0.000000
vn 0.965926 0.000000 -0.258819
vn 0.965926 0.000000 -0.258819
vn 0.866025 0.000000 -0.500000
vn 0.866025 0.000000 -0.500000
vn 0.707107 0.000000 -0.707107
vn 0.707107 0.000000 -0.707107
vn 0.500000 0.000000 -0.866025
vn 0.500000 0.000000 -0.866025
vn -0.258819 -0.000000 -0.965926
vn -0.258819 -0.000000 -0.965926
vn -0.000000 -0.000000 -1.000000
vn -0.000000 -0.000000 -1.000000
vn 0.258819 0.000000 -0.965926
vn 0.258819 0.000000 -0.965926
vn 0.500000 0.000000 -0.866025
vn 0.500000 0.000000 -0.866025
vn 0.707107 0.000000 -0.707107
vn 0.707107 0.000000 -0.707107
vn 0.866025 0.000000 -0.500000
vn 0.866025 0.000000 -0.500000
vn 0.965926 0.000000 -0.258819
vn 0.965926 0.000000 -0.258819
vn 1.000000 0.000000 0.000000
vn 1.000000 0.000000 0.000000
vn 0.965926 0.000000 0.258819
vn 0.965926 0.000000 0.258819
vn 0.866025 0.000000 0.500000
vn 0.866025 0.000000 0.500000
vn 0.707107 0.000000 0.707107
vn 0.707107 0.000000 0.707107
vn 0.500000 0.000000 0.866025
vn 0.500000 0.000000 0.866025
vn 0.258819 0.000000 0.965926
vn 0.258819 0.000000 0.965926
vn 0.000000 0.000000 1.000000
vn 0.000000 0.000000 1.000000
vn -0.258819 -0.000000 0.965926
vn -0.258819 -0.000000 0.965926
vn -0.500000 -0.000000 0.866025
vn -0.500000 -0.000000 0.866025
vn -0.707107 -0.000000 0.707107
vn -0.707107 -0.000000 0.707107
vn -0.866025 -0.000000 0.500000
vn -0.866025 -0.000000 0.500000
vn -0.965926 -0.000000 0.258819
vn -0.965926 -0.000000 0.258819
vn -1.000000 -0.000000 0.000000
vn -1.000000 -0.000000 0.000000
vn -0.965926 -0.000000 -0.258819
vn -0.965926 -0.000000 -0.258819
vn -0.866025 -0.000000 -0.500000
vn -0.866025 -0.000000 -0.500000
vn -0.707107 -0.000000 -0.707107
vn -0.707107 -0.000000 -0.707107
vn -0.500000 -0.000000 -0.866025
vn -0.500000 -0.000000 -0.866025
vn -0.000000 -0.016820 0.999859
vn -0.000000 -0.016820 0.999859
vn -0.000000 -0.016820 0.999859
vn -0.000000 -0.016820 0.999859
vn -0.000000 -0.016820 0.999859
vn -0.000000 -0.016820 0.999859
vn -0.000000 -0.016820 0.999859
vn -0.000000 -0.016820 0.999859
vn -0.000000 -0.874313 0.485363
vn -0.000000 -0.874313 0.485363
vn -0.000000 -0.874313 0.485363
vn -0.000000 -0.874313 0.485363
vn -0.000000 -0.857493 -0.514496
vn -0.000000 -0.857493 -0.514496
vn -0.000000 -0.857493 -0.514496
vn -0.000000 -0.857493 -0.514496
vn -0.000000 0.016820 -0.999859
vn -0.000000 0.016820 -0.999859
vn -0.000000 0.016820 -0.999859
vn -0.000000 0.016820 -0.999859
vn -0.000000 0.016820 -0.999859
vn -0.000000 0.016820 -0.999859
vn -0.000000 0.016820 -0.999859
vn -0.000000 0.016820 -0.999859
vn -0.000000 0.857493 0.514496
vn -0.000000 0.857493 0.514496
vn -0.000000 0.857493 0.514496
vn -0.000000 0.857493 0.514496
vn -0.000000 0.874313 -0.485363
vn -0.000000 0.874313 -0.485363
vn -0.000000 0.874313 -0.485363
vn -0.000000 0.874313 -0.485363
vn -0.000000 -0.016820 0.999859
vn -0.000000 -0.016820 0.999859
vn -0.000000 -0.016820 0.999859
vn -0.000000 -0.016820 0.999859
vn -0.000000 -0.016820 0.999859
vn -0.000000 -0.016820 0.999859
vn -0.000000 -0.016820 0.999859
vn -0.000000 -0.016820 0.999859
vn -0.000000 -0.874313 0.485363
vn -0.000000 -0.874313 0.485363
vn -0.000000 -0.874313 0.485363
vn -0.000000 -0.874313 0.485363
vn -0.000000 -0.874313 0.485363
vn -0.000000 -0.857493 -0.514496
vn -0.000000 -0.857493 -0.514496
vn -0.000000 -0.857493 -0.514496
vn -0.000000 -0.857493 -0.514496
vn -0.000000 -0.857493 -0.514496
vn -0.000000 0.016820 -0.999859
vn -0.000000 0.016820 -0.999859
vn -0.000000 0.016820 -0.999859
vn -0.000000 0.016820 -0.999859
vn -0.000000 0.016820 -0.999859
vn -0.000000 0.016820 -0.999859
vn -0.000000 0.016820 -0.999859
vn -0.000000 0.016820 -0.999859
vn -0.000000 0.857493 0.514496
vn -0.000000 0.857493 0.514496
vn -0.000000 0.857493 0.514496
vn -0.000000 0.857493 0.514496
vn -0.000000 0.874313 -0.485363
vn -0.000000 0.874313 -0.485363
vn -0.000000 0.874313 -0.485363
vn -0.000000 0.874313 -0.485363
vn -0.016820 -0.000000 -0.999859
vn -0.016820 -0.000000 -0.999859
vn -0.016820 -0.000000 -0.999859
vn -0.016820 -0.000000 -0.999859
vn -0.016820 -0.000000 -0.999859
vn -0.016820 -0.000000 -0.999859
vn -0.016820 -0.000000 -0.999859
vn -0.016820 -0.000000 -0.999859
vn 0.857493 -0.000000 -0.514496
vn 0.857493 -0.000000 -0.514496
vn 0.857493 -0.000000 -0.514496
vn 0.857493 -0.000000 -0.514496
vn 0.857493 -0.000000 -0.514496
vn 0.857493 -0.000000 -0.514496
vn 0.857493 -0.000000 -0.514496
vn 0.857493 -0.000000 -0.514496
vn -0.874313 -0.000000 -0.485363
vn -0.874313 -0.000000 -0.485363
vn -0.874313 -0.000000 -0.485363
vn -0.874313 -0.000000 -0.485363
vn 0.874313 -0.000000 0.485363
vn 0.874313 -0.000000 0.485363
vn 0.874313 -0.000000 0.485363
vn 0.874313 -0.000000 0.485363
vn 0.874313 -0.000000 0.485363
vn 0.874313 -0.000000 0.485363
vn 0.874313 -0.000000 0.485363
vn 0.874313 -0.000000 0.485363
vn -0.857493 -0.000000 0.514496
vn -0.857493 -0.000000 0.514496
vn -0.857493 -0.000000 0.514496
vn -0.857493 -0.000000 0.514496
vn 0.016820 -0.000000 0.999859
vn 0.016820 -0.000000 0.999859
vn 0.016820 -0.000000 0.999859
vn 0.016820 -0.000000 0.999859
vn 0.016820 -0.000000 0.999859
vn 0.016820 -0.000000 0.999859
vn 0.016820 -0.000000 0.999859
vn 0.016820 -0.000000 0.999859
vn -0.857493 -0.000000 0.514496
vn -0.857493 -0.000000 0.514496
vn -0.857493 -0.000000 0.514496
vn -0.857493 -0.000000 0.514496
vn -0.874313 -0.000000 -0.485363
vn -0.874313 -0.000000 -0.485363
vn -0.874313 -0.000000 -0.485363
vn -0.874313 -0.000000 -0.485363
vn -0.016820 -0.000000 -0.999859
vn -0.016820 -0.000000 -0.999859
vn -0.016820 -0.000000 -0.999859
vn -0.016820 -0.000000 -0.999859
vn -0.016820 -0.000000 -0.999859
vn -0.016820 -0.000000 -0.999859
vn -0.016820 -0.000000 -0.999859
vn -0.016820 -0.000000 -0.999859
vn 0.857493 -0.000000 -0.514496
vn 0.857493 -0.000000 -0.514496
vn 0.857493 -0.000000 -0.514496
vn 0.857493 -0.000000 -0.514496
vn 0.857493 -0.000000 -0.514496
vn 0.857493 -0.000000 -0.514496
vn 0.857493 -0.000000 -0.514496
vn 0.857493 -0.000000 -0.514496
vn -0.874313 -0.000000 -0.485363
vn -0.874313 -0.000000 -0.485363
vn -0.874313 -0.000000 -0.485363
vn -0.874313 -0.000000 -0.485363
vn 0.874313 -0.000000 0.485363
vn 0.874313 -0.000000 0.485363
vn 0.874313 -0.000000 0.485363
vn 0.874313 -0.000000 0.485363
vn 0.874313 -0.000000 0.485363
vn 0.874313 -0.000000 0.485363
vn 0.874313 -0.000000 0.485363
vn 0.874313 -0.000000 0.485363
vn -0.857493 -0.000000 0.514496
vn -0.857493 -0.000000 0.514496
vn -0.857493 -0.000000 0.514496
vn -0.857493 -0.000000 0.514496
vn 0.016820 -0.000000 0.999859
vn 0.016820 -0.000000 0.999859
vn 0.016820 -0.000000 0.999859
vn 0.016820 -0.000000 0.999859
vn 0.016820 -0.000000 0.999859
vn 0.016820 -0.000000 0.999859
vn 0.016820 -0.000000 0.999859
vn 0.016820 -0.000000 0.999859
vn -0.857493 -0.000000 0.514496
vn -0.857493 -0.000000 0.514496
vn -0.857493 -0.000000 0.514496
vn -0.857493 -0.000000 0.514496
vn -0.874313 -0.000000 -0.485363
vn -0.874313 -0.000000 -0.485363
vn -0.874313 -0.000000 -0.485363
vn -0.874313 -0.000000 -0.485363
vn -0.000000 -0.857493 -0.514496
vn -0.000000 -0.857493 -0.514496
vn -0.000000 -0.857493 -0.514496
vn -0.000000 -0.857493 -0.514496
vn -0.000000 -0.874313 0.485363
vn -0.000000 -0.874313 0.485363
vn -0.000000 -0.874313 0.485363
vn -0.000000 -0.874313 0.485363
vn -0.000000 -0.016820 0.999859
vn -0.000000 -0.016820 0.999859
vn -0.000000 -0.016820 0.999859
vn -0.000000 -0.016820 0.999859
vn -0.000000 -0.016820 0.999859
vn -0.000000 -0.016820 0.999859
vn -0.000000 -0.016820 0.999859
vn -0.000000 -0.016820 0.999859
vn 0.000000 0.857493 0.514496
vn 0.000000 0.857493 0.514496
vn 0.000000 0.857493 0.514496
vn 0.000000 0.857493 0.514496
vn -0.000000 0.016820 -0.999859
vn -0.000000 0.016820 -0.999859
vn -0.000000 0.016820 -0.999859
vn -0.000000 0.016820 -0.999859
vn -0.000000 0.016820 -0.999859
vn -0.000000 0.016820 -0.999859
vn -0.000000 0.016820 -0.999859
vn -0.000000 0.016820 -0.999859
vn -0.000000 0.874313 -0.485363
vn -0.000000 0.874313 -0.485363
vn -0.000000 0.874313 -0.485363
vn -0.000000 0.874313 -0.485363
vn -0.000000 0.016820 -0.999859
vn -0.000000 0.016820 -0.999859
vn -0.000000 0.016820 -0.999859
vn -0.000000 0.016820 -0.999859
vn -0.000000 0.016820 -0.999859
vn -0.000000 0.016820 -0.999859
vn -0.000000 0.016820 -0.999859
vn -0.000000 0.016820 -0.999859
vn -0.000000 -0.857493 -0.514496
vn -0.000000 -0.857493 -0.514496
vn -0.000000 -0.857493 -0.514496
vn -0.000000 -0.857493 -0.514496
vn -0.000000 -0.874313 0.485363
vn -0.000000 -0.874313 0.485363
vn -0.000000 -0.874313 0.485363
vn -0.000000 -0.874313 0.485363
vn -0.000000 -0.016820 0.999859
vn -0.000000 -0.016820 0.999859
vn -0.000000 -0.016820 0.999859
vn -0.000000 -0.016820 0.999859
vn -0.000000 -0.016820 0.999859
vn -0.000000 -0.016820 0.999859
vn -0.000000 -0.016820 0.999859
vn -0.000000 -0.016820 0.999859
vn -0.000000 0.874313 -0.485363
vn -0.000000 0.874313 -0.485363
vn -0.000000 0.874313 -0.485363
vn -0.000000 0.874313 -0.485363
vn 0.000000 0.857493 0.514496
vn 0.000000 0.857493 0.514496
vn 0.000000 0.857493 0.514496
vn 0.000000 0.857493 0.514496
vn 0.000000 0.192292 0.981338
vn 0.000000 0.000000 1.000000
vn -0.000000 -0.000000 1.000000
vn -0.000000 -0.192292 0.981338
vn -0.000000 -0.258819 0.965926
vn -0.000000 -0.382694 0.923875
vn -0.000000 -0.500000 0.866025
vn -0.000000 -0.557954 0.829872
vn -0.000000 -0.707107 0.707107
vn -0.000000 -0.707107 0.707107
vn -0.000000 -0.829872 0.557954
vn -0.000000 -0.866025 0.500000
vn -0.000000 -0.923875 0.382694
vn -0.000000 -0.965926 0.258819
vn -0.000000 -0.981338 0.192292
vn -0.000000 -1.000000 -0.000000
vn -0.000000 -1.000000 -0.000000
vn -0.000000 -0.981338 -0.192292
vn -0.000000 -0.965926 -0.258819
vn -0.000000 -0.923875 -0.382694
vn -0.000000 -0.866025 -0.500000
vn -0.000000 -0.829872 -0.557954
vn -0.000000 -0.707107 -0.707107
vn -0.000000 -0.707107 -0.707107
vn -0.000000 -0.557954 -0.829872
vn -0.000000 -0.500000 -0.866025
vn -0.000000 -0.382694 -0.923875
vn -0.000000 -0.258819 -0.965926
vn -0.000000 -0.192292 -0.981338
vn 0.000000 0.000000 -1.000000
vn 0.000000 0.000000 -1.000000
vn 0.000000 0.192292 -0.981338
vn 0.000000 0.258819 -0.965926
vn 0.000000 0.382694 -0.923875
vn 0.000000 0.500000 -0.866025
vn 0.000000 0.557954 -0.829872
vn 0.000000 0.707107 -0.707107
vn 0.000000 0.707107 -0.707107
vn 0.000000 0.829872 -0.557954
vn 0.000000 0.866025 -0.500000
vn 0.000000 0.923875 -0.382694
vn 0.000000 0.965926 -0.258819
vn 0.000000 0.981338 -0.192292
vn 0.000000 1.000000 -0.000000
vn 0.000000 1.000000 -0.000000
vn 0.000000 0.981338 0.192292
vn 0.000000 0.965926 0.258819
vn 0.000000 0.923875 0.382694
vn 0.000000 0.866025 0.500000
vn 0.000000 0.829872 0.557954
vn 0.000000 0.707107 0.707107
vn 0.000000 0.707107 0.707107
vn 0.000000 0.557954 0.829872
vn 0.000000 0.500000 0.866025
vn 0.000000 0.382694 0.923875
vn 0.000000 0.258819 0.965926
vn 0.000000 0.981337 0.192295
vn 0.000000 1.000000 0.000000
vn 0.000000 0.981337 -0.192295
vn 0.000000 0.923874 -0.382697
vn 0.000000 0.829871 -0.557955
vn 0.000000 0.707107 -0.707107
vn 0.000000 0.557955 -0.829871
vn 0.000000 0.382697 -0.923874
vn 0.000000 0.192295 -0.981337
vn 0.000000 0.000000 -1.000000
vn -0.000000 -0.192295 -0.981337
vn -0.000000 -0.382697 -0.923874
vn -0.000000 -0.557955 -0.829871
vn -0.000000 -0.707107 -0.707107
vn -0.000000 -0.829871 -0.557955
vn -0.000000 -0.923874 -0.382697
vn -0.000000 -0.981337 -0.192295
vn -0.000000 -1.000000 -0.000000
vn -0.000000 -0.981337 0.192295
vn -0.000000 -0.923874 0.382697
vn -0.000000 -0.829871 0.557955
vn -0.000000 -0.707107 0.707107
vn -0.000000 -0.557955 0.829871
vn -0.000000 -0.382697 0.923874
vn -0.000000 -0.192295 0.981337
vn -0.000000 -0.000000 1.000000
vn 0.000000 0.192295 0.981337
vn 0.000000 0.382697 0.923874
vn 0.000000 0.557955 0.829871
vn 0.000000 0.707107 0.707107
vn 0.000000 0.829871 0.557955
vn 0.000000 0.923874 0.382697
vn 0.326022 -0.916978 0.229916
vn 0.486028 -0.841804 0.234825
vn 0.492939 -0.842928 0.215599
vn 0.687004 -0.696166 0.208274
vn 0.612169 -0.765215 0.199239
vn 0.718993 -0.671646 0.178722
vn 0.845247 -0.507039 0.168727
vn 0.810229 -0.565341 0.154656
vn 0.950769 -0.286286 0.118656
vn 0.885012 -0.447776 0.127475
vn 0.941628 -0.322120 0.097860
vn 0.996979 -0.047809 0.061209
vn 0.979596 -0.189754 0.066221
vn 0.997950 -0.054556 0.033465
vn 0.981118 0.193409 -0.000001
vn 0.996632 0.082007 0.000002
vn 0.140838 -0.961357 0.236551
vn 0.255007 -0.934925 0.246755
vn 0.251289 0.131364 0.958956
vn 0.243672 -0.028875 0.969428
vn 0.107983 -0.089936 0.990076
vn 0.284917 -0.141988 0.947978
vn 0.169243 -0.278301 0.945465
vn 0.339888 -0.349190 0.873237
vn 0.195911 -0.390309 0.899599
vn 0.217999 -0.510522 0.831771
vn 0.360219 -0.457974 0.812713
vn 0.375531 -0.566048 0.733871
vn 0.492541 -0.385935 0.780037
vn 0.508697 -0.495725 0.703907
vn 0.613146 -0.304722 0.728832
vn 0.629867 -0.413727 0.657341
vn 0.719175 -0.216247 0.660322
vn 0.736190 -0.321973 0.595280
vn 0.808109 -0.122614 0.576129
vn 0.825161 -0.222630 0.519177
vn 0.877832 -0.026046 0.478260
vn 0.894678 -0.118036 0.430835
vn 0.926688 0.071147 0.369035
vn 0.943101 -0.010666 0.332335
vn 0.953519 0.166659 0.251050
vn 0.969289 0.096958 0.226006
vn 0.957691 0.258217 0.127091
vn 0.972625 0.202301 0.114342
vn 0.949322 0.314305 -0.000014
vn 0.961743 0.273953 0.000014
vn 0.341763 0.321820 0.882967
vn 0.317898 0.153834 0.935562
vn 0.365046 0.055357 0.929342
vn 0.436303 0.584261 0.684309
vn 0.424699 0.464730 0.776953
vn 0.427272 0.237937 0.872253
vn 0.510371 0.532012 0.675637
vn 0.501587 0.779418 0.375390
vn 0.540722 0.732335 0.413890
vn 0.594227 0.753663 0.280867
vn 0.646197 0.630005 0.430724
vn 0.693338 0.658556 0.292552
vn 0.744833 0.502255 0.439275
vn 0.785061 0.542691 0.298607
vn 0.794975 0.419594 0.438127
vn 0.831409 0.469045 0.297920
vn 0.842612 0.323968 0.430173
vn 0.875360 0.384893 0.292579
vn 0.904440 0.155935 0.397081
vn 0.932642 0.239219 0.270100
vn 0.550401 0.834900 0.000029
vn 0.635245 0.759155 0.141940
vn 0.725124 0.672548 0.147898
vn 0.807191 0.570637 0.151053
vn 0.848359 0.507513 0.150725
vn 0.887348 0.436691 0.148036
vn 0.938595 0.316800 0.136666
vn 0.640558 0.767910 0.000087
vn 0.723969 0.689832 -0.000067
vn 0.799409 0.600787 0.000015
vn 0.863212 0.504842 -0.000021
vn 0.890167 0.455634 0.000072
vn 0.913716 0.406352 -0.000044
vn 0.933329 0.359021 0.000080
vn 0.983483 0.151677 0.098768
vn 0.970897 0.239499 0.000008
vn 0.990876 0.108133 0.080445
vn 0.977229 0.212188 0.000021
vn 0.995524 0.073327 0.059617
vn 0.981118 0.193410 0.000000
vn 0.996979 -0.047809 0.061210
vn 0.990858 -0.065649 0.117858
vn 0.950769 -0.286286 0.118656
vn 0.963673 -0.203127 0.173415
vn 0.914587 -0.335988 0.225041
vn 0.960482 -0.150796 0.233957
vn 0.911820 -0.276540 0.303495
vn 0.954042 -0.085708 0.287154
vn 0.905654 -0.202784 0.372384
vn 0.845247 -0.507040 0.168726
vn 0.844712 -0.461218 0.271551
vn 0.842173 -0.395926 0.366042
vn 0.836150 -0.315139 0.448933
vn 0.755638 -0.575960 0.311899
vn 0.687003 -0.696168 0.208271
vn 0.649394 -0.677610 0.345155
vn 0.528393 -0.763855 0.370577
vn 0.646785 -0.604810 0.464622
vn 0.525545 -0.689498 0.498392
vn 0.640738 -0.515349 0.569096
vn 0.519390 -0.598540 0.609905
vn 0.486027 -0.841805 0.234824
vn 0.395377 -0.832746 0.387571
vn 0.392204 -0.758324 0.520692
vn 0.385930 -0.667791 0.636486
vn 0.255005 -0.934925 0.246755
vn 0.252470 -0.860856 0.441797
vn 0.246265 -0.756277 0.606134
vn 0.234978 -0.635747 0.735263
vn 0.739917 0.360304 0.568070
vn 0.687443 0.450245 0.569826
vn 0.584759 0.587507 0.559369
vn 0.667516 0.292575 0.684707
vn 0.614201 0.387868 0.687252
vn 0.789885 0.255350 0.557564
vn 0.854663 0.068924 0.514587
vn 0.579476 0.217983 0.785297
vn 0.526808 0.316546 0.788842
vn 0.718424 0.180669 0.671733
vn 0.784502 -0.019747 0.619812
vn 0.477856 0.138292 0.867484
vn 0.629928 0.101693 0.769967
vn 0.695630 -0.107962 0.710241
vn 0.410580 -0.061570 0.909744
vn 0.526495 0.020305 0.849936
vn 0.590174 -0.193619 0.783713
vn 0.470647 -0.274672 0.838479
vn 0.980188 0.033370 0.195239
vn 0.987037 -0.021582 0.159037
vn 0.747151 -0.420140 0.515022
vn 0.753144 -0.506194 0.420170
vn 0.997469 0.071103 -0.000000
vn 0.996632 0.082007 -0.000000
vn 0.997381 0.072327 -0.000000
vn 0.995762 0.091965 -0.000000
vn 0.997469 0.071103 -0.000000
vn 0.997726 0.067404 -0.000000
vn 0.998119 0.061313 -0.000000
vn 0.998574 0.053392 -0.000000
vn 0.999043 0.043743 -0.000000
vn 0.999474 0.032425 -0.000000
vn 0.999798 0.020113 -0.000000
vn 0.999970 0.007682 -0.000000
vn 0.995762 -0.091965 0.000000
vn 0.999989 -0.004749 0.000000
vn 0.999854 -0.017066 0.000000
vn 0.999597 -0.028389 0.000000
vn 0.999276 -0.038043 0.000000
vn 0.998943 -0.045967 0.000000
vn 0.998644 -0.052060 0.000000
vn 0.998444 -0.055759 0.000000
vn 0.998375 -0.056983 0.000000
vn 0.996902 -0.078649 0.000000
vn 0.997651 -0.068500 0.000000
vn 0.997726 0.067404 -0.000000
vn 0.998119 0.061313 -0.000000
vn 0.998574 0.053392 -0.000000
vn 0.999507 0.031385 -0.000000
vn 0.999043 0.043743 -0.000000
vn 0.999474 0.032425 -0.000000
vn 0.999798 0.020113 -0.000000
vn 0.999970 0.007682 -0.000000
vn 0.999813 -0.019317 0.000000
vn 0.999989 -0.004749 0.000000
vn 0.999854 -0.017066 0.000000
vn 0.999597 -0.028389 0.000000
vn 0.999276 -0.038043 0.000000
vn 0.997549 -0.069970 0.000000
vn 0.998943 -0.045967 0.000000
vn 0.998644 -0.052060 0.000000
vn 0.998444 -0.055759 0.000000
vn 0.845849 -0.533422 0.000000
vn 0.886124 -0.463447 0.000000
vn 0.895841 -0.444375 0.000000
vn 0.932559 -0.361018 0.000000
vn 0.962075 -0.272784 0.000000
vn 0.953367 -0.301813 0.000000
vn 0.971364 -0.237596 0.000000
vn 0.927990 -0.372604 0.000000
vn 0.889134 -0.457647 0.000000
vn 0.891702 -0.452622 0.000000
vn 0.849525 -0.527549 0.000000
vn 0.843617 -0.536945 0.000000
vn 0.804432 -0.594044 0.000000
vn 0.785777 -0.618510 0.000000
vn 0.754147 -0.656706 0.000000
vn 0.720046 -0.693927 0.000000
vn 0.650934 -0.759135 0.000000
vn 0.644174 -0.764879 0.000000
vn 0.559067 -0.829122 0.000000
vn 0.529278 -0.848449 0.000000
vn 0.466114 -0.884724 0.000000
vn 0.364931 -0.931034 0.000000
vn 0.366971 -0.930232 0.000000
vn 0.366291 -0.930500 0.000000
vn 0.365611 -0.930768 0.000000
vn 0.364931 -0.931034 0.000000
vn 0.675719 -0.737159 0.000000
vn 0.749057 -0.662506 0.000000
vn 0.799300 -0.600932 0.000000
vn 0.800061 -0.599919 0.000000
vn 0.931467 0.363825 -0.000000
vn 0.887683 0.460454 -0.000000
vn 0.895841 0.444375 -0.000000
vn 0.847753 0.530391 -0.000000
vn 0.799300 0.600932 -0.000000
vn 0.802325 0.596887 -0.000000
vn 0.751694 0.659512 -0.000000
vn 0.675719 0.737159 -0.000000
vn 0.647646 0.761941 -0.000000
vn 0.529278 0.848449 -0.000000
vn 0.550368 0.834922 -0.000000
vn 0.464427 0.885611 -0.000000
vn 0.746565 0.665312 -0.000000
vn 0.724290 0.689495 -0.000000
vn 0.640214 0.768197 -0.000000
vn 0.799427 0.600763 -0.000000
vn 0.797921 0.602762 -0.000000
vn 0.844050 0.536265 -0.000000
vn 0.863160 0.504930 -0.000000
vn 0.884651 0.466254 -0.000000
vn 0.890205 0.455560 -0.000000
vn 0.913669 0.406458 -0.000000
vn 0.933335 0.359006 -0.000000
vn 0.949317 0.314321 -0.000000
vn 0.962075 0.272784 -0.000000
vn 0.961746 0.273941 -0.000000
vn 0.970896 0.239501 -0.000000
vn 0.977231 0.212178 -0.000000
vn 0.366971 0.930232 -0.000000
vn 0.366971 0.930232 -0.000000
vn 0.364931 0.931034 -0.000000
vn 0.366291 0.930500 -0.000000
vn 0.365611 0.930768 -0.000000
vn 0.364931 0.931034 -0.000000
vn 0.983390 -0.181503 0.000000
vn 0.990776 -0.135510 0.000000
vn 0.994886 -0.101008 0.000000
vn 0.366971 -0.930232 0.000000
vn 0.000000 -0.775530 0.631311
vn 0.000000 -0.740255 0.672326
vn 0.000000 -0.720149 0.693819
vn 0.000000 -0.673885 0.738837
vn 0.000000 -0.665815 0.746117
vn 0.000000 -0.612849 0.790200
vn 0.000000 -0.617985 0.786190
vn 0.000000 -0.555629 0.831430
vn 0.000000 -0.562328 0.826914
vn 0.000000 -0.505115 0.863052
vn 0.000000 -0.503996 0.863706
vn 0.000000 -0.463625 0.886031
vn 0.000000 -0.443267 0.896390
vn 0.000000 -0.439780 0.898106
vn 0.000000 -0.436286 0.899808
vn 0.000000 -0.432785 0.901497
vn 0.000000 -0.806530 0.591194
vn 0.000000 -0.815904 0.578187
vn 0.000000 -0.842855 0.538140
vn 0.000000 -0.855430 0.517918
vn 0.000000 -0.864534 0.502574
vn -0.000000 -0.125309 0.992118
vn -0.000000 -0.078102 0.996945
vn -0.000000 -0.000000 1.000000
vn -0.000000 -0.000000 1.000000
vn -0.911781 0.410678 -0.000000
vn -0.899033 0.437880 -0.000000
vn -0.947447 0.319911 -0.000000
vn -0.963251 0.268604 -0.000000
vn -0.964186 0.265228 -0.000000
vn -0.971257 0.238035 -0.000000
vn -0.979902 0.199479 -0.000000
vn -0.989490 0.144602 -0.000000
vn -0.996289 0.086076 -0.000000
vn -0.994716 0.102669 -0.000000
vn -0.997198 0.074812 -0.000000
vn -0.998111 0.061441 -0.000000
vn -0.997691 -0.067923 0.000000
vn -0.998552 -0.053802 0.000000
vn -0.985635 -0.168887 0.000000
vn -0.975430 -0.220312 0.000000
vn -0.959501 -0.281706 0.000000
vn -0.963251 -0.268604 0.000000
vn -0.951221 -0.308509 0.000000
vn -0.946604 -0.322399 0.000000
vn -0.910852 -0.412733 0.000000
vn -0.910656 -0.413165 0.000000
vn -0.905724 -0.423867 0.000000
vn -0.897410 -0.441197 0.000000
vn -0.880386 -0.474258 0.000000
vn -0.885907 -0.463862 0.000000
vn -0.871173 -0.490975 0.000000
vn -0.853443 -0.521185 0.000000
vn -0.846023 -0.533147 0.000000
vn -0.832786 -0.553596 0.000000
vn -0.807727 -0.589557 0.000000
vn -0.784213 -0.620492 0.000000
vn -0.737649 -0.675184 0.000000
vn -0.743721 -0.668491 0.000000
vn -0.690589 -0.723247 0.000000
vn -0.685264 -0.728295 0.000000
vn -0.628128 -0.778110 0.000000
vn -0.542718 -0.839915 0.000000
vn -0.559877 -0.828576 0.000000
vn -0.482561 -0.875863 0.000000
vn -0.382384 -0.924004 0.000000
vn -0.397424 -0.917635 0.000000
vn -0.306338 -0.951923 0.000000
vn -0.209515 -0.977805 0.000000
vn -0.211322 -0.977416 0.000000
vn -0.209515 -0.977805 0.000000
vn -0.210117 -0.977676 0.000000
vn -0.881731 0.471752 -0.000000
vn -0.847597 0.530640 -0.000000
vn -0.805348 0.592803 -0.000000
vn -0.809536 0.587070 -0.000000
vn -0.739918 0.672697 -0.000000
vn -0.813238 0.581931 -0.000000
vn -0.800140 0.599814 -0.000000
vn -0.732729 0.680521 -0.000000
vn -0.685264 0.728295 -0.000000
vn -0.655144 0.755504 -0.000000
vn -0.542718 0.839915 -0.000000
vn -0.567890 0.823104 -0.000000
vn -0.472390 0.881390 -0.000000
vn -0.859417 0.511275 -0.000000
vn -0.850818 0.525460 -0.000000
vn -0.884483 0.466573 -0.000000
vn -0.906806 0.421547 -0.000000
vn -0.914078 0.405538 -0.000000
vn -0.940815 0.338919 -0.000000
vn -0.811453 -0.584418 0.000000
vn -0.805348 -0.592803 0.000000
vn -0.849265 -0.527967 0.000000
vn -0.899033 -0.437880 0.000000
vn -0.883156 -0.469079 0.000000
vn -0.912971 -0.408025 0.000000
vn -0.975430 -0.220312 0.000000
vn -0.995894 -0.090524 0.000000
vn -0.997691 -0.067923 0.000000
vn -0.995894 0.090524 -0.000000
vn -0.996289 0.086076 -0.000000
vn -0.971257 0.238035 -0.000000
vn -0.998076 0.062003 -0.000000
vn -0.382384 0.924004 -0.000000
vn -0.370367 0.928885 -0.000000
vn -0.263616 0.964628 -0.000000
vn -0.209515 0.977805 -0.000000
vn -0.211322 0.977416 -0.000000
vn -0.210720 0.977546 -0.000000
vn -0.210117 0.977676 -0.000000
vn -0.209515 0.977805 -0.000000
vn -0.210720 -0.977546 0.000000
vn -0.211322 -0.977416 0.000000
vn -0.000000 -0.000000 1.000000
vn -0.000000 -0.000000 1.000000
vn -0.000000 -0.000000 1.000000
vn -0.000000 -0.000000 1.000000
vn -0.000000 -0.000000 1.000000
vn -0.000000 -0.000000 1.000000
vn -0.000000 -0.000000 1.000000
vn -0.000000 -0.000000 1.000000
vn -0.000000 -0.000000 1.000000
vn -0.000000 -0.000000 1.000000
vn -0.000000 -0.000000 1.000000
vn -0.000000 -0.000000 1.000000
vn -0.000000 -0.000000 1.000000
vn -0.000000 -0.000000 1.000000
vn -0.227353 -0.973812 0.000000
vn -0.227353 -0.973812 0.000000
vn -0.000000 -1.000000 -0.000000
vn -0.227353 -0.973812 0.000000
vn -0.000000 -1.000000 -0.000000
vn -0.227353 -0.973812 0.000000
vn -0.442798 -0.896621 0.000000
vn -0.442798 -0.896621 0.000000
vn -0.635052 -0.772470 0.000000
vn -0.635052 -0.772470 0.000000
vn -0.794044 -0.607860 0.000000
vn -0.794044 -0.607860 0.000000
vn -0.911449 -0.411413 0.000000
vn -0.911449 -0.411413 0.000000
vn -0.981116 -0.193419 0.000000
vn -0.981116 -0.193419 0.000000
vn -0.999398 0.034706 -0.000000
vn -0.981116 -0.193419 0.000000
vn -0.999398 0.034706 -0.000000
vn -0.981116 -0.193419 0.000000
vn -0.911449 -0.411413 0.000000
vn -0.911449 -0.411413 0.000000
vn -0.794044 -0.607860 0.000000
vn -0.794044 -0.607860 0.000000
vn -0.635052 -0.772470 0.000000
vn -0.635052 -0.772470 0.000000
vn -0.442798 -0.896621 0.000000
vn -0.442798 -0.896621 0.000000
vn -0.997469 0.071103 0.000000
vn -0.995762 0.091965 0.000000
vn -0.997381 0.072327 0.000000
vn -0.977735 0.209844 0.000000
vn -0.997469 0.071103 0.000000
vn -0.997726 0.067404 0.000000
vn -0.998119 0.061313 0.000000
vn -0.998574 0.053392 0.000000
vn -0.999043 0.043743 0.000000
vn -0.999474 0.032425 0.000000
vn -0.999428 0.033830 0.000000
vn -0.999492 0.031858 0.000000
vn -0.997726 0.067404 0.000000
vn -0.998119 0.061313 0.000000
vn -0.998574 0.053392 0.000000
vn -0.999043 0.043743 0.000000
vn -0.999474 0.032425 0.000000
vn -0.999798 0.020113 0.000000
vn -0.999970 0.007682 0.000000
vn -0.999989 -0.004749 0.000000
vn -0.995762 -0.091965 0.000000
vn -0.999854 -0.017066 0.000000
vn -0.999597 -0.028389 0.000000
vn -0.999276 -0.038043 0.000000
vn -0.998943 -0.045967 0.000000
vn -0.998644 -0.052060 0.000000
vn -0.998444 -0.055759 0.000000
vn -0.998375 -0.056983 0.000000
vn -0.999398 -0.034706 0.000000
vn -0.998444 -0.055759 0.000000
vn -0.998644 -0.052060 0.000000
vn -0.998943 -0.045967 0.000000
vn -0.999276 -0.038043 0.000000
vn -0.999597 -0.028389 0.000000
vn -0.999854 -0.017066 0.000000
vn -0.999703 -0.024383 0.000000
vn -0.999591 -0.028609 0.000000
vn -0.999492 -0.031858 0.000000
vn -0.999989 -0.004749 0.000000
vn -0.999913 -0.013196 0.000000
vn -0.999815 -0.019235 0.000000
vn -0.999970 0.007682 0.000000
vn -1.000000 -0.000000 0.000000
vn -0.999978 -0.006629 0.000000
vn -0.999798 0.020113 0.000000
vn -0.999913 0.013196 0.000000
vn -0.999978 0.006629 0.000000
vn -0.999703 0.024383 0.000000
vn -0.999815 0.019235 0.000000
vn -0.840598 0.541659 0.000000
vn -0.844685 0.535264 0.000000
vn -0.881824 0.471579 0.000000
vn -0.925623 0.378447 0.000000
vn -0.929370 0.369150 0.000000
vn -0.962075 0.272784 0.000000
vn -0.895841 0.444375 0.000000
vn -0.844685 0.535264 0.000000
vn -0.793816 0.608158 0.000000
vn -0.749874 0.661581 0.000000
vn -0.741786 0.670637 0.000000
vn -0.636358 0.771394 0.000000
vn -0.641329 0.767266 0.000000
vn -0.529278 0.848449 0.000000
vn -0.675719 0.737159 0.000000
vn -0.746988 0.664837 0.000000
vn -0.799300 0.600932 0.000000
vn -0.798284 0.602281 0.000000
vn -0.844356 0.535783 0.000000
vn -0.884901 0.465779 0.000000
vn -0.756479 -0.654018 0.000000
vn -0.749874 -0.661581 0.000000
vn -0.698287 -0.715818 0.000000
vn -0.636358 -0.771394 0.000000
vn -0.638634 -0.769511 0.000000
vn -0.574867 -0.818247 0.000000
vn -0.506968 -0.861965 0.000000
vn -0.529278 -0.848449 0.000000
vn -0.364931 -0.931034 0.000000
vn -0.364931 -0.931034 0.000000
vn -0.809220 -0.587505 0.000000
vn -0.844685 -0.535264 0.000000
vn -0.844685 -0.535264 0.000000
vn -0.856131 -0.516760 0.000000
vn -0.907464 -0.420131 0.000000
vn -0.852603 -0.522560 0.000000
vn -0.895841 -0.444375 0.000000
vn -0.962075 -0.272784 0.000000
vn -0.925623 -0.378447 0.000000
vn -0.977735 -0.209844 0.000000
vn -0.799300 -0.600932 0.000000
vn -0.804906 -0.593402 0.000000
vn -0.751339 -0.659916 0.000000
vn -0.675719 -0.737159 0.000000
vn -0.692292 -0.721618 0.000000
vn -0.635419 -0.772168 0.000000
vn -0.999405 0.034483 0.000000
vn -0.999428 0.033830 0.000000
vn -0.999492 0.031858 0.000000
vn -0.999591 0.028609 0.000000
vn -0.999703 0.024383 0.000000
vn -0.999933 0.011571 0.000000
vn -0.999815 0.019235 0.000000
vn -0.999913 0.013196 0.000000
vn -0.999978 0.006629 0.000000
vn -1.000000 0.000000 0.000000
vn -0.999933 -0.011571 0.000000
vn -0.999978 -0.006629 0.000000
vn -0.999913 -0.013196 0.000000
vn -0.999815 -0.019235 0.000000
vn -0.999703 -0.024383 0.000000
vn -0.999398 -0.034706 0.000000
vn -0.999591 -0.028609 0.000000
vn -0.999492 -0.031858 0.000000
vn -0.999428 -0.033830 0.000000
vn -0.999405 -0.034483 0.000000
vn -0.999428 -0.033830 0.000000
vn -0.999591 0.028609 0.000000
vn -0.506968 0.861965 0.000000
vn -0.364931 0.931034 0.000000
vn -0.364931 0.931034 0.000000
vn -0.000000 -0.000000 1.000000
vn -0.000000 -0.000000 1.000000
vn -0.000000 -0.000000 1.000000
vn -0.000000 -0.000000 1.000000
vn -0.000000 -0.000000 1.000000
vn -0.000000 -0.000000 1.000000
vn -0.000000 -0.000000 1.000000
vn -0.000000 -0.000000 1.000000
vn -0.000000 -0.000000 1.000000
vn -0.000000 -0.000000 1.000000
vn -0.000000 -0.000000 1.000000
vn -0.000000 -0.000000 1.000000
vn -0.000000 -0.000000 1.000000
vn -0.000000 -0.000000 1.000000
vn -0.000000 -0.000000 1.000000
vn -0.000000 -0.000000 1.000000
vn -0.000000 -0.000000 1.000000
vn -0.000000 -0.000000 1.000000
vn -0.000000 -0.000000 1.000000
vn -0.000000 -0.000000 1.000000
vn -0.000000 -0.000000 1.000000
vn -0.000000 -0.000000 1.000000
vn -0.981116 0.193419 0.000000
vn -0.981116 0.193419 0.000000
vn -0.981116 0.193419 0.000000
vn -0.981116 0.193419 0.000000
vn -0.911449 0.411413 0.000000
vn -0.911449 0.411413 0.000000
vn -0.794044 0.607860 0.000000
vn -0.794044 0.607860 0.000000
vn -0.635052 0.772470 0.000000
vn -0.635052 0.772470 0.000000
vn -0.442798 0.896621 0.000000
vn -0.442798 0.896621 0.000000
vn -0.227353 0.973812 0.000000
vn -0.227353 0.973812 0.000000
vn -0.000000 1.000000 -0.000000
vn -0.227353 0.973812 0.000000
vn -0.000000 1.000000 -0.000000
vn -0.227353 0.973812 0.000000
vn -0.442798 0.896621 0.000000
vn -0.442798 0.896621 0.000000
vn -0.635052 0.772470 0.000000
vn -0.635052 0.772470 0.000000
vn -0.794044 0.607860 0.000000
vn -0.794044 0.607860 0.000000
vn -0.911449 0.411413 0.000000
vn -0.911449 0.411413 0.000000
vn 0.843007 -0.537903 -0.000000
vn 0.860845 -0.508867 -0.000000
vn 0.804261 -0.594276 -0.000000
vn 0.761085 -0.648652 -0.000000
vn 0.733303 -0.679902 -0.000000
vn 0.761085 -0.648652 -0.000000
vn 0.645370 -0.763870 -0.000000
vn 0.877807 -0.479014 -0.000000
vn 0.908501 -0.417883 -0.000000
vn 0.935217 -0.354074 -0.000000
vn 0.944984 -0.327117 -0.000000
vn 0.963251 -0.268604 -0.000000
vn 0.899033 -0.437880 -0.000000
vn 0.910847 -0.412744 -0.000000
vn 0.880614 -0.473834 -0.000000
vn 0.846290 -0.532722 -0.000000
vn 0.805348 -0.592803 -0.000000
vn 0.808034 -0.589136 -0.000000
vn 0.854535 0.519394 -0.000000
vn 0.855737 0.517412 -0.000000
vn 0.888994 0.457919 -0.000000
vn 0.933443 0.358725 -0.000000
vn 0.928115 0.372293 -0.000000
vn 0.963251 0.268604 -0.000000
vn 0.899033 0.437880 -0.000000
vn 0.815832 0.578289 -0.000000
vn 0.751314 0.659945 -0.000000
vn 0.773077 0.634312 -0.000000
vn 0.688667 0.725078 -0.000000
vn 0.768831 0.639452 -0.000000
vn 0.685264 0.728295 -0.000000
vn 0.636775 0.771050 -0.000000
vn 0.751314 0.659945 -0.000000
vn 0.805348 0.592803 -0.000000
vn 0.812129 0.583478 -0.000000
vn 0.851360 0.524582 -0.000000
vn 0.886327 0.463059 -0.000000
vn 0.999983 0.005874 -0.000000
vn 0.997996 0.063284 -0.000000
vn 1.000000 -0.000000 -0.000000
vn 0.997996 -0.063284 -0.000000
vn 0.999983 -0.005874 -0.000000
vn 0.999932 -0.011694 -0.000000
vn 0.999855 -0.017044 -0.000000
vn 0.999767 -0.021607 -0.000000
vn 0.999679 -0.025351 -0.000000
vn 0.999601 -0.028230 -0.000000
vn 0.999551 -0.029978 -0.000000
vn 0.999533 -0.030556 -0.000000
vn 0.999551 -0.029978 -0.000000
vn 0.997691 -0.067923 -0.000000
vn 0.999601 -0.028230 -0.000000
vn 0.999679 -0.025351 -0.000000
vn 0.999767 -0.021607 -0.000000
vn 0.999855 -0.017044 -0.000000
vn 0.999932 -0.011694 -0.000000
vn 0.999983 -0.005874 -0.000000
vn 1.000000 -0.000000 -0.000000
vn 0.999983 0.005874 -0.000000
vn 0.999932 0.011694 -0.000000
vn 0.996289 0.086076 -0.000000
vn 0.999855 0.017044 -0.000000
vn 0.999767 0.021607 -0.000000
vn 0.999679 0.025351 -0.000000
vn 0.999601 0.028230 -0.000000
vn 0.999551 0.029978 -0.000000
vn 0.999533 0.030556 -0.000000
vn 0.999551 0.029978 -0.000000
vn 0.999601 0.028230 -0.000000
vn 0.999679 0.025351 -0.000000
vn 0.999767 0.021607 -0.000000
vn 0.999855 0.017044 -0.000000
vn 0.999932 0.011694 -0.000000
vn 0.975430 -0.220312 -0.000000
vn 0.975430 -0.220312 -0.000000
vn 0.995894 -0.090524 -0.000000
vn 0.997691 -0.067923 -0.000000
vn 0.995894 0.090524 -0.000000
vn 0.996289 0.086076 -0.000000
vn 0.971257 0.238035 -0.000000
vn 0.971257 0.238035 -0.000000
vn 0.982008 0.188839 -0.000000
vn 0.982008 -0.188839 -0.000000
vn 0.982008 0.188839 -0.000000
vn 0.209515 0.977805 -0.000000
vn 0.362382 0.932030 -0.000000
vn 0.209515 0.977805 -0.000000
vn 0.382384 0.924004 -0.000000
vn 0.506021 0.862521 -0.000000
vn 0.542718 0.839915 -0.000000
vn 0.982008 -0.188839 -0.000000
vn 0.512447 -0.858719 -0.000000
vn 0.542718 -0.839915 -0.000000
vn 0.685264 -0.728295 -0.000000
vn 0.382384 -0.924004 -0.000000
vn 0.365859 -0.930670 -0.000000
vn 0.209515 -0.977805 -0.000000
vn 0.209515 -0.977805 -0.000000
vn -0.000000 -1.000000 -0.000000
vn -0.000000 -1.000000 -0.000000
vn -0.000000 -1.000000 -0.000000
vn -0.000000 -1.000000 -0.000000
vn 1.000000 -0.000000 -0.000000
vn 1.000000 -0.000000 -0.000000
vn 1.000000 -0.000000 -0.000000
vn 1.000000 -0.000000 -0.000000
vn -0.000000 -0.000000 1.000000
vn -0.000000 -0.000000 1.000000
vn -0.000000 -0.000000 1.000000
vn -0.000000 -0.000000 1.000000
vn -0.000000 -0.000000 1.000000
vn -0.000000 -0.000000 1.000000
vn -0.000000 -0.000000 1.000000
vn -0.000000 -0.000000 1.000000
vn -0.000000 -0.000000 1.000000
vn -0.000000 -0.000000 1.000000
vn -0.000000 -0.000000 1.000000
vn -0.000000 -0.000000 1.000000
vn -0.000000 -0.000000 1.000000
vn -0.000000 -0.000000 1.000000
vn -0.000000 -0.000000 1.000000
vn -0.000000 -0.000000 1.000000
vn 1.000000 -0.000000 -0.000000
vn 1.000000 -0.000000 -0.000000
vn 1.000000 -0.000000 -0.000000
vn 1.000000 -0.000000 -0.000000
vn -0.000000 1.000000 -0.000000
vn -0.000000 1.000000 -0.000000
vn -0.000000 1.000000 -0.000000
vn -0.000000 1.000000 -0.000000
vn -0.000000 -0.000000 1.000000
vn -0.000000 -0.000000 1.000000
vn -0.000000 -0.000000 1.000000
vn -0.000000 -0.000000 1.000000
vn -0.000000 -0.000000 1.000000
vn -0.000000 -0.000000 1.000000
vn -0.000000 -0.000000 1.000000
vn -0.000000 -0.000000 1.000000
vn -0.000000 -0.000000 1.000000
vn -0.000000 -0.000000 1.000000
vn -0.000000 -0.000000 1.000000
vn -0.000000 -0.000000 1.000000
vn -0.000000 -0.000000 1.000000
vn -0.000000 -0.000000 1.000000
vn -0.000000 -0.000000 1.000000
vn -0.000000 -0.000000 1.000000
vn -0.000000 -1.000000 -0.000000
vn -0.000000 -1.000000 -0.000000
vn -0.000000 1.000000 -0.000000
vn -0.000000 1.000000 -0.000000
vn -0.000000 -0.000000 1.000000
vn -0.000000 -0.000000 1.000000
vn -0.000000 -0.000000 1.000000
vn -0.000000 -0.000000 1.000000
vn -0.000000 -0.000000 1.000000
vn -0.000000 -0.000000 1.000000
vn -0.000000 -0.000000 1.000000
vn -0.000000 -0.000000 1.000000
vn -0.000000 -0.000000 1.000000
vn -0.000000 -0.000000 1.000000
vn -0.000000 -0.000000 1.000000
vn -0.000000 -0.000000 1.000000
vn -0.000000 -0.000000 1.000000
vn 1.000000 -0.000000 -0.000000
vn 1.000000 -0.000000 -0.000000
vn 1.000000 -0.000000 -0.000000
vn 1.000000 -0.000000 -0.000000
vn -0.000000 -0.000000 1.000000
vn -0.000000 -0.000000 1.000000
vn -0.000000 -0.000000 1.000000
vn -0.000000 -0.000000 1.000000
vn -0.000000 -0.000000 1.000000
vn -0.000000 -0.000000 1.000000
vn -0.000000 -0.000000 1.000000
vn -0.000000 -0.000000 1.000000
vn -0.000000 -0.000000 1.000000
vn -0.000000 -0.000000 1.000000
vn -0.000000 -0.000000 1.000000
vn -0.000000 -0.000000 1.000000
vn -0.000000 -0.000000 1.000000
vn 0.000000 1.000000 0.000000
vn 0.000000 1.000000 0.000000
vn 0.000000 1.000000 0.000000
vn 0.000000 1.000000 0.000000
vn 0.000000 1.000000 0.000000
vn 0.000000 1.000000 0.000000
vn 0.000000 1.000000 0.000000
vn 0.000000 1.000000 0.000000
vn 0.000000 1.000000 0.000000
vn 0.000000 1.000000 0.000000
vn 0.000000 1.000000 0.000000
vn 0.000000 1.000000 0.000000
vn 0.000000 1.000000 0.000000
vn 0.000000 1.000000 0.000000
vn 0.000000 1.000000 0.000000
vn 0.000000 1.000000 0.000000
vn 0.000000 1.000000 0.000000
vn 0.000000 1.000000 0.000000
vn 0.000000 1.000000 0.000000
vn 0.000000 1.000000 0.000000
vn 0.000000 1.000000 0.000000
vn 0.000000 1.000000 0.000000
vn 0.000000 1.000000 0.000000
vn 0.000000 1.000000 0.000000
vn 0.000000 1.000000 0.000000
vn 0.000000 1.000000 0.000000
vn 0.000000 1.000000 0.000000
vn 0.000000 1.000000 0.000000
vn 0.000000 1.000000 0.000000
vn 0.000000 1.000000 0.000000
vn 0.000000 1.000000 0.000000
vn 0.000000 1.000000 0.000000
vn 0.000000 1.000000 0.000000
vn 0.000000 1.000000 0.000000
vn 0.000000 1.000000 0.000000
vn 0.000000 1.000000 0.000000
vn 0.000000 1.000000 0.000000
vn 0.000000 1.000000 0.000000
vn 0.000000 1.000000 0.000000
vn 0.000000 1.000000 0.000000
vn 0.000000 1.000000 0.000000
vn 0.000000 1.000000 0.000000
vn -1.000000 0.000000 0.000000
vn -1.000000 0.000000 0.000000
vn -1.000000 0.000000 0.000000
vn -1.000000 0.000000 0.000000
vn 0.000000 1.000000 0.000000
vn 0.000000 1.000000 0.000000
vn 0.000000 1.000000 0.000000
vn 0.000000 1.000000 0.000000
vn 0.000000 1.000000 0.000000
vn 0.000000 1.000000 0.000000
vn 0.000000 1.000000 0.000000
vn 0.000000 1.000000 0.000000
vn 0.000000 1.000000 0.000000
vn 0.000000 1.000000 0.000000
vn 0.000000 1.000000 0.000000
vn 0.000000 1.000000 0.000000
vn 0.000000 1.000000 0.000000
vn 0.000000 1.000000 0.000000
vn 0.000000 1.000000 0.000000
vn 0.000000 1.000000 0.000000
vn 0.000000 1.000000 0.000000
vn 0.000000 1.000000 0.000000
vn 0.000000 1.000000 0.000000
vn 0.000000 1.000000 0.000000
vn 0.000000 1.000000 0.000000
vn 0.000000 1.000000 0.000000
vn 0.000000 1.000000 0.000000
vn 0.000000 1.000000 0.000000
vn 0.000000 1.000000 0.000000
vn 0.000000 1.000000 0.000000
vn 0.000000 1.000000 0.000000
vn 0.000000 1.000000 0.000000
vn 0.000000 1.000000 0.000000
vn 0.000000 1.000000 0.000000
vn 0.000000 1.000000 0.000000
vn 0.000000 1.000000 0.000000
vn 0.000000 1.000000 0.000000
vn 0.000000 1.000000 0.000000
vn 0.000000 1.000000 0.000000
vn 0.000000 1.000000 0.000000
vn 0.000000 1.000000 0.000000
vn 0.000000 1.000000 0.000000
vn 0.000000 1.000000 0.000000
vn 0.000000 1.000000 0.000000
vn 0.000000 1.000000 0.000000
vn 0.000000 1.000000 0.000000
vn -0.000000 -0.000000 1.000000
vn -0.000000 -0.000000 1.000000
vn -0.000000 -0.000000 1.000000
vn -0.000000 -0.000000 1.000000
vn -0.000000 -0.000000 1.000000
vn -0.000000 -0.000000 1.000000
vn -0.000000 -0.000000 1.000000
vn -0.000000 -0.000000 1.000000
vn -0.000000 -0.000000 1.000000
vn -0.000000 -0.000000 1.000000
vn -0.000000 -0.000000 1.000000
vn -0.000000 -0.000000 1.000000
vn -0.000000 -0.000000 1.000000
vn -0.000000 -0.000000 1.000000
vn -0.000000 -0.000000 1.000000
vn -0.000000 -0.000000 1.000000
vn -0.000000 -0.000000 1.000000
vn -0.000000 -0.000000 1.000000
vn -0.000000 -0.000000 1.000000
vn -0.000000 -0.000000 1.000000
vn -0.000000 -0.000000 1.000000
vn 1.000000 -0.000000 -0.000000
vn 1.000000 -0.000000 -0.000000
vn 1.000000 -0.000000 -0.000000
vn 1.000000 -0.000000 -0.000000
vn 1.000000 -0.000000 -0.000000
vn 1.000000 -0.000000 -0.000000
vn 1.000000 -0.000000 -0.000000
vn 1.000000 -0.000000 -0.000000
vn 1.000000 -0.000000 -0.000000
vn 1.000000 -0.000000 -0.000000
vn 1.000000 -0.000000 -0.000000
vn 1.000000 -0.000000 -0.000000
vn 1.000000 -0.000000 -0.000000
vn 0.000000 0.173018 0.984919
vn 0.000000 0.126951 0.991909
vn 0.000000 0.128346 0.991729
vn 0.000000 0.073684 0.997282
vn 0.000000 0.061762 0.998091
vn 0.000000 0.020207 0.999796
vn 0.000000 0.007507 0.999972
vn 0.000000 -0.033328 0.999444
vn 0.000000 -0.033328 0.999444
vn 0.000000 0.205559 0.978645
vn 0.000000 0.229315 0.973352
vn 0.000000 0.291217 0.956657
vn 0.000000 0.294326 0.955705
vn 0.000000 0.366165 0.930550
vn 0.000000 0.383433 0.923569
vn 0.000000 0.442487 0.896775
vn 0.000000 0.484551 0.874763
vn 0.000000 0.525107 0.851036
vn 0.000000 0.587098 0.809516
vn 0.000000 0.610419 0.792078
vn 0.000000 0.681404 0.731907
vn 0.000000 0.691438 0.722436
vn 0.000000 0.765597 0.643320
vn 0.000000 0.763056 0.646332
vn 0.000000 0.828049 0.560656
vn 0.000000 0.840693 0.541512
vn 0.000000 0.884839 0.465897
vn 0.000000 0.903372 0.428858
vn 0.000000 0.931378 0.364053
vn 0.000000 0.951285 0.308313
vn 0.000000 0.966315 0.257361
vn 0.000000 0.983090 0.183123
vn 0.000000 0.988941 0.148309
vn 0.000000 0.998374 0.057011
vn 0.000000 0.999214 0.039635
vn 0.000000 0.997719 -0.067508
vn 0.000000 0.997719 -0.067508
vn 0.000000 0.472342 0.881416
vn 0.000000 0.467302 0.884098
vn 0.000000 0.472342 0.881416
vn 0.000000 0.462247 0.886751
vn 0.000000 0.457176 0.889376
vn 0.000000 -1.000000 0.000000
vn 0.000000 -1.000000 0.000000
vn 0.000000 -1.000000 0.000000
vn 0.000000 -1.000000 0.000000
vn 0.000000 -1.000000 0.000000
vn 0.000000 -1.000000 0.000000
vn 0.000000 -1.000000 0.000000
vn 0.000000 -1.000000 0.000000
vn 0.000000 -1.000000 0.000000
vn 0.000000 -1.000000 0.000000
vn 0.000000 -1.000000 0.000000
vn 0.000000 -1.000000 0.000000
vn 0.000000 -1.000000 0.000000
vn 0.000000 -1.000000 0.000000
vn 0.000000 -1.000000 0.000000
vn 0.000000 -1.000000 0.000000
vn 0.000000 -1.000000 0.000000
vn 0.000000 -1.000000 0.000000
vn 0.000000 -1.000000 0.000000
vn 0.000000 -1.000000 0.000000
vn 0.000000 -1.000000 0.000000
vn 0.000000 -1.000000 0.000000
vn 0.000000 -1.000000 0.000000
vn 0.000000 -1.000000 0.000000
vn 0.000000 -1.000000 0.000000
vn 0.000000 -1.000000 0.000000
vn 0.000000 -1.000000 0.000000
vn 0.000000 -1.000000 0.000000
vn 0.000000 -1.000000 0.000000
vn 0.000000 -1.000000 0.000000
vn 0.000000 -1.000000 0.000000
vn 0.000000 -1.000000 0.000000
vn 0.000000 -1.000000 0.000000
vn 0.000000 -1.000000 0.000000
vn 0.000000 -1.000000 0.000000
vn 0.000000 -1.000000 0.000000
vn 0.000000 -1.000000 0.000000
vn 0.000000 -1.000000 0.000000
vn 0.000000 -1.000000 0.000000
vn 0.000000 -1.000000 0.000000
vn 0.000000 -1.000000 0.000000
vn 0.000000 -1.000000 0.000000
vn 0.000000 -1.000000 0.000000
vn 0.000000 -1.000000 0.000000
vn 0.000000 -1.000000 0.000000
vn 0.000000 -1.000000 0.000000
vn 0.000000 -1.000000 0.000000
vn 0.000000 -1.000000 0.000000
vn 0.000000 -1.000000 0.000000
vn 0.000000 -1.000000 0.000000
vn 0.000000 -1.000000 0.000000
vn 0.000000 -1.000000 0.000000
vn 0.000000 -1.000000 0.000000
vn 0.000000 -1.000000 0.000000
vn 0.000000 -1.000000 0.000000
vn 0.000000 -1.000000 0.000000
vn 0.000000 -1.000000 0.000000
vn 0.000000 -1.000000 0.000000
vn 0.000000 -1.000000 0.000000
vn 0.000000 -1.000000 0.000000
vn 0.000000 -1.000000 0.000000
vn 0.000000 -1.000000 0.000000
vn 0.000000 -1.000000 0.000000
vn 0.000000 -1.000000 0.000000
vn 0.000000 -1.000000 0.000000
vn 0.000000 -1.000000 0.000000
vn 0.000000 -1.000000 0.000000
vn 0.000000 -1.000000 0.000000
vn 0.000000 -1.000000 0.000000
vn 0.000000 -1.000000 0.000000
vn 0.000000 -1.000000 0.000000
vn 0.000000 -1.000000 0.000000
vn 0.000000 -1.000000 0.000000
vn 0.000000 -1.000000 0.000000
vn 0.000000 -1.000000 0.000000
vn 0.000000 -1.000000 0.000000
vn 0.000000 -1.000000 0.000000
vn 0.000000 -1.000000 0.000000
vn 0.000000 -1.000000 0.000000
vn 0.000000 -1.000000 0.000000
vn 0.000000 -1.000000 0.000000
vn 0.000000 -1.000000 0.000000
vn 0.000000 -1.000000 0.000000
vn 0.000000 -1.000000 0.000000
vn -1.000000 0.000000 0.000000
vn -1.000000 0.000000 0.000000
vn -1.000000 0.000000 0.000000
vn -1.000000 0.000000 0.000000
vn -1.000000 0.000000 0.000000
vn -1.000000 -0.000000 -0.000000
vn -1.000000 -0.000000 -0.000000
vn -1.000000 -0.000000 -0.000000
vn -1.000000 -0.000000 -0.000000
vn -1.000000 -0.000000 -0.000000
vn -1.000000 -0.000000 -0.000000
vn -1.000000 -0.000000 -0.000000
vn -1.000000 -0.000000 -0.000000
vn -1.000000 -0.000000 -0.000000
vn -1.000000 -0.000000 -0.000000
vn -1.000000 -0.000000 -0.000000
vn -1.000000 -0.000000 -0.000000
vn -1.000000 -0.000000 -0.000000
vn -1.000000 -0.000000 -0.000000
vn -1.000000 -0.000000 -0.000000
vn -1.000000 -0.000000 -0.000000
vn -1.000000 -0.000000 -0.000000
vn -1.000000 -0.000000 -0.000000
vn -1.000000 -0.000000 -0.000000
vn -1.000000 -0.000000 -0.000000
vn -1.000000 -0.000000 -0.000000
vn -1.000000 -0.000000 -0.000000
vn -1.000000 -0.000000 -0.000000
vn -1.000000 -0.000000 -0.000000
vn -1.000000 -0.000000 -0.000000
vn -1.000000 -0.000000 -0.000000
vn -1.000000 -0.000000 -0.000000
vn -1.000000 -0.000000 -0.000000
vn 0.000000 -1.000000 0.000000
vn 0.000000 -1.000000 0.000000
vn 0.000000 -1.000000 0.000000
vn 0.000000 -1.000000 0.000000
vn 0.000000 0.000000 -1.000000
vn 0.000000 0.000000 -1.000000
vn 0.000000 0.000000 -1.000000
vn 0.000000 0.000000 -1.000000
vn 0.000000 0.000000 -1.000000
vn 0.000000 0.000000 -1.000000
vn 1.000000 0.000000 0.000000
vn 1.000000 0.000000 0.000000
vn 1.000000 0.000000 0.000000
vn 1.000000 0.000000 0.000000
vn 1.000000 0.000000 0.000000
vn 1.000000 0.000000 0.000000
vn 1.000000 0.000000 0.000000
vn 1.000000 0.000000 0.000000
vn 1.000000 0.000000 0.000000
vn 1.000000 0.000000 0.000000
vn 1.000000 0.000000 0.000000
vn 1.000000 0.000000 0.000000
vn 1.000000 0.000000 0.000000
vn 1.000000 0.000000 0.000000
vn 1.000000 0.000000 0.000000
vn 1.000000 0.000000 0.000000
vn 1.000000 0.000000 0.000000
vn 1.000000 0.000000 0.000000
vn 1.000000 0.000000 0.000000
vn 1.000000 0.000000 0.000000
vn 1.000000 0.000000 0.000000
vn 1.000000 0.000000 0.000000
vn 1.000000 0.000000 0.000000
vn 1.000000 0.000000 0.000000
vn 1.000000 0.000000 0.000000
vn 1.000000 0.000000 0.000000
vn 1.000000 0.000000 0.000000
vn 1.000000 0.000000 0.000000
vn 0.000000 1.000000 0.000000
vn 0.000000 1.000000 0.000000
vn 0.000000 1.000000 0.000000
vn 0.000000 1.000000 0.000000
vn 0.000000 0.000000 -1.000000
vn 0.000000 0.000000 -1.000000
vn 0.000000 0.000000 -1.000000
vn 0.000000 0.000000 -1.000000
vn 0.000000 0.000000 -1.000000
vn 0.000000 0.000000 -1.000000
vn 0.000000 1.000000 0.000000
vn 0.000000 1.000000 0.000000
vn 0.000000 1.000000 0.000000
vn 0.000000 1.000000 0.000000
vn 0.000000 0.000000 1.000000
vn 0.000000 0.000000 1.000000
vn 0.000000 0.000000 1.000000
vn 0.000000 0.000000 1.000000
vn 0.000000 0.000000 1.000000
vn 0.000000 0.000000 1.000000
vn 0.000000 0.000000 1.000000
vn 0.000000 0.000000 1.000000
vn 0.000000 0.000000 1.000000
vn 0.000000 0.000000 1.000000
vn 0.000000 0.000000 1.000000
vn 0.000000 0.000000 1.000000
vn 0.000000 -1.000000 0.000000
vn 0.000000 -1.000000 0.000000
vn 0.000000 -1.000000 0.000000
vn 0.000000 -1.000000 0.000000
vn -0.000000 -0.000000 -1.000000
vn -0.000000 -0.000000 -1.000000
vn -0.000000 -0.000000 -1.000000
vn -0.000000 -0.000000 -1.000000
vn -0.000000 -0.000000 -1.000000
vn -0.000000 -0.000000 -1.000000
vn -0.000000 -0.000000 -1.000000
vn -0.000000 -0.000000 -1.000000
vn -0.000000 -0.000000 -1.000000
vn -0.000000 -0.000000 -1.000000
vn -0.000000 -0.000000 -1.000000
vn -0.000000 -0.000000 -1.000000
vn -0.000000 -0.000000 -1.000000
vn -0.000000 -0.000000 -1.000000
vn -0.000000 -0.000000 -1.000000
vn -0.000000 -0.000000 -1.000000
vn -0.000000 -0.000000 -1.000000
vn -0.000000 -0.000000 -1.000000
vn -0.000000 -0.000000 -1.000000
vn -0.000000 -0.000000 -1.000000
vn -0.000000 -0.000000 -1.000000
vn -0.000000 -0.000000 -1.000000
vn -0.000000 -0.000000 -1.000000
vn -0.000000 -0.000000 -1.000000
vn -0.000000 -0.000000 -1.000000
vn -0.000000 -0.000000 -1.000000
vn -0.000000 -0.000000 -1.000000
vn -0.000000 -0.000000 -1.000000
vn -0.000000 -0.000000 -1.000000
vn -0.000000 -0.000000 -1.000000
vn -0.000000 -0.000000 -1.000000
vn -0.000000 -0.000000 -1.000000
vn -0.000000 -0.000000 -1.000000
vn -0.000000 -0.000000 -1.000000
vn -0.000000 -0.000000 -1.000000
vn -0.000000 -0.000000 -1.000000
vn -0.000000 -0.000000 -1.000000
vn -0.000000 -0.000000 -1.000000
vn -0.000000 -0.000000 -1.000000
vn -0.000000 -0.000000 -1.000000
vn -0.000000 -0.000000 -1.000000
vn -0.000000 -0.000000 -1.000000
vn -0.000000 -0.000000 -1.000000
vn -0.000000 -0.000000 -1.000000
vn -0.000000 -0.000000 -1.000000
vn -0.000000 -0.000000 -1.000000
vn -0.000000 -0.000000 -1.000000
vn -0.000000 -0.000000 -1.000000
vn -0.000000 -0.000000 -1.000000
vn -0.000000 -0.000000 -1.000000
vn -0.000000 -0.000000 -1.000000
vn -0.000000 -0.000000 -1.000000
vn -0.000000 -0.000000 -1.000000
vn -0.000000 -0.000000 -1.000000
vn -0.000000 -0.000000 -1.000000
vn -0.000000 -0.000000 -1.000000
vn -0.000000 -0.000000 -1.000000
vn -0.000000 -0.000000 -1.000000
vn -0.000000 -0.000000 -1.000000
vn -0.000000 -0.000000 -1.000000
usemtl Plastic_-_Translucent_Matte_(Blue)
f 2/1/1 40/2/2 1/3/3
f 1/3/3 40/2/2 41/4/4
f 1/3/3 41/4/4 42/5/5
f 40/2/2 2/1/1 39/6/6
f 39/6/6 2/1/1 3/7/7
f 39/6/6 3/7/7 38/8/8
f 38/8/8 3/7/7 4/9/9
f 38/8/8 4/9/9 37/10/10
f 37/10/10 4/9/9 36/11/11
f 36/11/11 4/9/9 5/12/12
f 36/11/11 5/12/12 35/13/13
f 35/13/13 5/12/12 6/14/14
f 35/13/13 6/14/14 34/15/15
f 34/15/15 6/14/14 7/16/16
f 34/15/15 7/16/16 33/17/17
f 33/17/17 7/16/16 32/18/18
f 32/18/18 7/16/16 8/19/19
f 32/18/18 8/19/19 31/20/20
f 31/20/20 8/19/19 9/21/21
f 31/20/20 9/21/21 30/22/22
f 30/22/22 9/21/21 10/23/23
f 30/22/22 10/23/23 29/24/24
f 29/24/24 10/23/23 28/25/25
f 28/25/25 10/23/23 11/26/26
f 28/25/25 11/26/26 27/27/27
f 27/27/27 11/26/26 12/28/28
f 27/27/27 12/28/28 26/29/29
f 26/29/29 12/28/28 13/30/30
f 26/29/29 13/30/30 25/31/31
f 25/32/31 13/33/30 56/34/32
f 56/34/32 13/33/30 14/35/33
f 56/34/32 14/35/33 55/36/34
f 55/36/34 14/35/33 15/37/35
f 55/36/34 15/37/35 54/38/36
f 54/38/36 15/37/35 16/39/37
f 54/38/36 16/39/37 53/40/38
f 53/40/38 16/39/37 52/41/39
f 52/41/39 16/39/37 17/42/40
f 52/41/39 17/42/40 51/43/41
f 51/43/41 17/42/40 18/44/42
f 51/43/41 18/44/42 50/45/43
f 50/45/43 18/44/42 19/46/44
f 50/45/43 19/46/44 49/47/45
f 49/47/45 19/46/44 48/48/46
f 48/48/46 19/46/44 20/49/47
f 48/48/46 20/49/47 47/50/48
f 47/50/48 20/49/47 21/51/49
f 47/50/48 21/51/49 46/52/50
f 46/52/50 21/51/49 22/53/51
f 46/52/50 22/53/51 45/54/52
f 45/54/52 22/53/51 44/55/53
f 44/55/53 22/53/51 23/56/54
f 44/55/53 23/56/54 43/57/55
f 43/57/55 23/56/54 24/58/56
f 43/57/55 24/58/56 42/5/5
f 42/5/5 24/58/56 1/3/3
f 88/59/57 57/60/58 89/61/59
f 89/62/59 57/63/58 58/64/60
f 89/62/59 58/64/60 112/65/61
f 112/65/61 58/64/60 59/66/62
f 112/65/61 59/66/62 111/67/63
f 111/67/63 59/66/62 60/68/64
f 111/67/63 60/68/64 110/69/65
f 110/69/65 60/68/64 61/70/66
f 110/69/65 61/70/66 62/71/67
f 110/69/65 62/71/67 109/72/68
f 109/72/68 62/71/67 63/73/69
f 109/72/68 63/73/69 108/74/70
f 108/74/70 63/73/69 64/75/71
f 108/74/70 64/75/71 107/76/72
f 107/76/72 64/75/71 65/77/73
f 107/76/72 65/77/73 66/78/74
f 107/76/72 66/78/74 106/79/75
f 106/79/75 66/78/74 67/80/76
f 106/79/75 67/80/76 105/81/77
f 105/81/77 67/80/76 68/82/78
f 105/81/77 68/82/78 104/83/79
f 104/83/79 68/82/78 69/84/80
f 104/83/79 69/84/80 70/85/81
f 104/83/79 70/85/81 103/86/82
f 103/86/82 70/85/81 71/87/83
f 103/86/82 71/87/83 102/88/84
f 102/88/84 71/87/83 72/89/85
f 102/88/84 72/89/85 101/90/86
f 101/90/86 72/89/85 73/91/87
f 101/90/86 73/91/87 74/92/88
f 101/90/86 74/92/88 100/93/89
f 100/93/89 74/92/88 75/94/90
f 100/93/89 75/94/90 99/95/91
f 99/95/91 75/94/90 76/96/92
f 99/95/91 76/96/92 98/97/93
f 98/97/93 76/96/92 77/98/94
f 98/97/93 77/98/94 78/99/95
f 98/97/93 78/99/95 97/100/96
f 97/100/96 78/99/95 79/101/97
f 97/100/96 79/101/97 96/102/98
f 96/102/98 79/101/97 80/103/99
f 96/102/98 80/103/99 95/104/100
f 95/104/100 80/103/99 81/105/101
f 95/104/100 81/105/101 82/106/102
f 95/104/100 82/106/102 94/107/103
f 94/107/103 82/106/102 83/108/104
f 94/107/103 83/108/104 93/109/105
f 93/109/105 83/108/104 84/110/106
f 93/109/105 84/110/106 92/111/107
f 92/111/107 84/110/106 85/112/108
f 92/111/107 85/112/108 86/113/109
f 92/111/107 86/113/109 91/114/110
f 91/114/110 86/113/109 87/115/111
f 91/114/110 87/115/111 90/116/112
f 90/116/112 87/115/111 88/59/57
f 90/116/112 88/59/57 89/61/59
f 114/117/113 160/118/114 113/119/115
f 113/119/115 160/118/114 137/120/116
f 113/121/115 137/122/116 136/123/117
f 136/123/117 137/122/116 138/124/118
f 136/123/117 138/124/118 135/125/119
f 135/125/119 138/124/118 139/126/120
f 135/125/119 139/126/120 134/127/121
f 134/127/121 139/126/120 140/128/122
f 134/127/121 140/128/122 133/129/123
f 133/129/123 140/128/122 141/130/124
f 133/129/123 141/130/124 132/131/125
f 132/131/125 141/130/124 142/132/126
f 132/131/125 142/132/126 131/133/127
f 131/133/127 142/132/126 143/134/128
f 131/133/127 143/134/128 130/135/129
f 130/135/129 143/134/128 144/136/130
f 130/135/129 144/136/130 129/137/131
f 129/137/131 144/136/130 145/138/132
f 129/137/131 145/138/132 128/139/133
f 128/139/133 145/138/132 146/140/134
f 128/139/133 146/140/134 127/141/135
f 127/141/135 146/140/134 147/142/136
f 127/141/135 147/142/136 126/143/137
f 126/143/137 147/142/136 148/144/138
f 126/143/137 148/144/138 125/145/139
f 125/145/139 148/144/138 149/146/140
f 125/145/139 149/146/140 124/147/141
f 124/147/141 149/146/140 150/148/142
f 124/147/141 150/148/142 123/149/143
f 123/149/143 150/148/142 151/150/144
f 123/149/143 151/150/144 122/151/145
f 122/151/145 151/150/144 152/152/146
f 122/151/145 152/152/146 121/153/147
f 121/153/147 152/152/146 153/154/148
f 121/153/147 153/154/148 120/155/149
f 120/155/149 153/154/148 154/156/150
f 120/155/149 154/156/150 119/157/151
f 119/157/151 154/156/150 155/158/152
f 119/157/151 155/158/152 118/159/153
f 118/159/153 155/158/152 156/160/154
f 118/159/153 156/160/154 117/161/155
f 117/161/155 156/160/154 157/162/156
f 117/161/155 157/162/156 116/163/157
f 116/163/157 157/162/156 158/164/158
f 116/163/157 158/164/158 115/165/159
f 115/165/159 158/164/158 159/166/160
f 115/165/159 159/166/160 114/117/113
f 114/117/113 159/166/160 160/118/114
f 162/167/161 196/168/162 161/169/163
f 161/169/163 196/168/162 197/170/164
f 161/171/163 197/172/164 184/173/165
f 184/173/165 197/172/164 198/174/166
f 184/173/165 198/174/166 183/175/167
f 183/175/167 198/174/166 199/176/168
f 183/175/167 199/176/168 182/177/169
f 182/177/169 199/176/168 200/178/170
f 182/177/169 200/178/170 181/179/171
f 181/179/171 200/178/170 201/180/172
f 181/179/171 201/180/172 180/181/173
f 180/181/173 201/180/172 202/182/174
f 180/181/173 202/182/174 179/183/175
f 179/183/175 202/182/174 203/184/176
f 179/183/175 203/184/176 178/185/177
f 178/185/177 203/184/176 204/186/178
f 178/185/177 204/186/178 177/187/179
f 177/187/179 204/186/178 205/188/180
f 177/187/179 205/188/180 176/189/181
f 176/189/181 205/188/180 206/190/182
f 176/189/181 206/190/182 175/191/183
f 175/191/183 206/190/182 207/192/184
f 175/191/183 207/192/184 174/193/185
f 174/193/185 207/192/184 208/194/186
f 174/193/185 208/194/186 173/195/187
f 173/195/187 208/194/186 185/196/188
f 173/195/187 185/196/188 172/197/189
f 172/197/189 185/196/188 186/198/190
f 172/197/189 186/198/190 171/199/191
f 171/199/191 186/198/190 187/200/192
f 171/199/191 187/200/192 170/201/193
f 170/201/193 187/200/192 188/202/194
f 170/201/193 188/202/194 169/203/195
f 169/203/195 188/202/194 189/204/196
f 169/203/195 189/204/196 168/205/197
f 168/205/197 189/204/196 190/206/198
f 168/205/197 190/206/198 167/207/199
f 167/207/199 190/206/198 191/208/200
f 167/207/199 191/208/200 166/209/201
f 166/209/201 191/208/200 192/210/202
f 166/209/201 192/210/202 165/211/203
f 165/211/203 192/210/202 193/212/204
f 165/211/203 193/212/204 164/213/205
f 164/213/205 193/212/204 194/214/206
f 164/213/205 194/214/206 163/215/207
f 163/215/207 194/214/206 195/216/208
f 163/215/207 195/216/208 162/167/161
f 162/167/161 195/216/208 196/168/162
f 216/217/209 209/218/210 215/219/211
f 215/219/211 209/218/210 210/220/212
f 215/219/211 210/220/212 214/221/213
f 214/221/213 210/220/212 211/222/214
f 214/221/213 211/222/214 213/223/215
f 213/223/215 211/222/214 212/224/216
f 209/225/217 216/226/218 217/227/219
f 217/227/219 216/226/218 218/228/220
f 219/229/221 217/230/222 220/231/223
f 220/231/223 217/230/222 218/232/224
f 221/233/225 222/234/226 226/235/227
f 226/235/227 222/234/226 225/236/228
f 225/236/228 222/234/226 223/237/229
f 225/236/228 223/237/229 224/238/230
f 224/238/230 223/237/229 219/239/231
f 224/238/230 219/239/231 220/240/232
f 227/241/233 228/242/234 212/243/235
f 212/243/235 228/242/234 213/244/236
f 227/245/237 221/246/238 228/247/239
f 228/247/239 221/246/238 226/248/240
f 229/249/241 230/250/242 236/251/243
f 236/251/243 230/250/242 235/252/244
f 235/252/244 230/250/242 231/253/245
f 235/252/244 231/253/245 234/254/246
f 234/254/246 231/253/245 232/255/247
f 234/254/246 232/255/247 233/256/248
f 237/257/249 238/258/250 239/259/251
f 239/259/251 238/258/250 236/260/252
f 236/260/252 238/258/250 229/261/253
f 240/262/254 241/263/255 242/264/256
f 242/264/256 241/263/255 239/265/257
f 239/265/257 241/263/255 237/266/258
f 248/267/259 243/268/260 247/269/261
f 247/269/261 243/268/260 244/270/262
f 247/269/261 244/270/262 246/271/263
f 246/271/263 244/270/262 245/272/264
f 246/271/263 245/272/264 242/273/265
f 242/273/265 245/272/264 240/274/266
f 232/275/267 249/276/268 233/277/269
f 233/277/269 249/276/268 250/278/270
f 243/279/271 248/280/272 249/281/273
f 249/281/273 248/280/272 250/282/274
f 251/283/275 252/284/276 254/285/277
f 254/285/277 252/284/276 253/286/278
f 255/287/279 256/288/280 258/289/281
f 258/289/281 256/288/280 257/290/282
f 259/291/283 251/292/284 260/293/285
f 260/293/285 251/292/284 254/294/286
f 261/295/287 255/296/288 262/297/289
f 262/297/289 255/296/288 258/298/290
f 252/299/291 263/300/292 253/301/293
f 253/301/293 263/300/292 264/302/294
f 265/303/295 259/304/296 266/305/297
f 266/305/297 259/304/296 260/306/298
f 267/307/299 261/308/300 268/309/301
f 268/309/301 261/308/300 262/310/302
f 263/311/303 269/312/304 264/313/305
f 264/313/305 269/312/304 270/314/306
f 269/315/307 265/316/308 270/317/309
f 270/317/309 265/316/308 266/318/310
f 271/319/311 267/320/312 272/321/313
f 272/321/313 267/320/312 268/322/314
f 273/323/315 271/324/316 274/325/317
f 274/325/317 271/324/316 272/326/318
f 256/327/319 273/328/320 257/329/321
f 257/329/321 273/328/320 274/330/322
f 275/331/323 276/332/324 278/333/325
f 278/333/325 276/332/324 277/334/326
f 279/335/327 280/336/328 282/337/329
f 282/337/329 280/336/328 281/338/330
f 283/339/331 275/340/332 284/341/333
f 284/341/333 275/340/332 278/342/334
f 285/343/335 279/344/336 286/345/337
f 286/345/337 279/344/336 282/346/338
f 276/347/339 287/348/340 277/349/341
f 277/349/341 287/348/340 288/350/342
f 289/351/343 283/352/344 290/353/345
f 290/353/345 283/352/344 284/354/346
f 291/355/347 285/356/348 292/357/349
f 292/357/349 285/356/348 286/358/350
f 287/359/351 293/360/352 288/361/353
f 288/361/353 293/360/352 294/362/354
f 293/363/355 289/364/356 294/365/357
f 294/365/357 289/364/356 290/366/358
f 295/367/359 291/368/360 296/369/361
f 296/369/361 291/368/360 292/370/362
f 297/371/363 295/372/364 298/373/365
f 298/373/365 295/372/364 296/374/366
f 280/375/367 297/376/368 281/377/369
f 281/377/369 297/376/368 298/378/370
f 299/379/371 300/380/372 302/381/373
f 302/381/373 300/380/372 301/382/374
f 299/383/375 302/384/376 303/385/377
f 303/385/377 302/384/376 304/386/378
f 310/387/379 305/388/380 309/389/381
f 309/389/381 305/388/380 306/390/382
f 309/389/381 306/390/382 308/391/383
f 308/391/383 306/390/382 307/392/384
f 308/391/383 307/392/384 304/393/385
f 304/393/385 307/392/384 303/394/386
f 305/395/387 310/396/388 311/397/389
f 311/397/389 310/396/388 312/398/390
f 300/399/391 313/400/392 301/401/393
f 301/401/393 313/400/392 318/402/394
f 318/402/394 313/400/392 314/403/395
f 318/402/394 314/403/395 317/404/396
f 317/404/396 314/403/395 315/405/397
f 317/404/396 315/405/397 316/406/398
f 315/407/399 311/408/400 316/409/401
f 316/409/401 311/408/400 312/410/402
f 326/411/403 319/412/404 325/413/405
f 325/413/405 319/412/404 320/414/406
f 325/413/405 320/414/406 324/415/407
f 324/415/407 320/414/406 321/416/408
f 324/415/407 321/416/408 323/417/409
f 323/417/409 321/416/408 322/418/410
f 319/419/411 326/420/412 327/421/413
f 327/421/413 326/420/412 328/422/414
f 329/423/415 327/424/416 330/425/417
f 330/425/417 327/424/416 328/426/418
f 331/427/419 332/428/420 336/429/421
f 336/429/421 332/428/420 335/430/422
f 335/430/422 332/428/420 333/431/423
f 335/430/422 333/431/423 334/432/424
f 334/432/424 333/431/423 329/433/425
f 334/432/424 329/433/425 330/434/426
f 337/435/427 338/436/428 322/437/429
f 322/437/429 338/436/428 323/438/430
f 337/439/431 331/440/432 338/441/433
f 338/441/433 331/440/432 336/442/434
f 370/443/435 339/444/436 404/445/437
f 404/445/437 339/444/436 340/446/438
f 404/445/437 340/446/438 405/447/439
f 405/447/439 340/446/438 341/448/440
f 405/447/439 341/448/440 406/449/441
f 406/449/441 341/448/440 342/450/442
f 406/449/441 342/450/442 407/451/443
f 407/451/443 342/450/442 343/452/444
f 407/451/443 343/452/444 344/453/445
f 407/451/443 344/453/445 408/454/446
f 408/454/446 344/453/445 345/455/447
f 408/454/446 345/455/447 409/456/448
f 409/456/448 345/455/447 346/457/449
f 409/456/448 346/457/449 410/458/450
f 410/458/450 346/457/449 347/459/451
f 410/458/450 347/459/451 348/460/452
f 410/458/450 348/460/452 411/461/453
f 411/461/453 348/460/452 349/462/454
f 411/461/453 349/462/454 412/463/455
f 412/463/455 349/462/454 350/464/456
f 412/463/455 350/464/456 413/465/457
f 413/465/457 350/464/456 351/466/458
f 413/465/457 351/466/458 352/467/459
f 413/465/457 352/467/459 414/468/460
f 414/468/460 352/467/459 353/469/461
f 414/468/460 353/469/461 415/470/462
f 415/470/462 353/469/461 354/471/463
f 415/470/462 354/471/463 416/472/464
f 416/472/464 354/471/463 355/473/465
f 416/472/464 355/473/465 356/474/466
f 416/472/464 356/474/466 417/475/467
f 417/475/467 356/474/466 357/476/468
f 417/475/467 357/476/468 418/477/469
f 418/477/469 357/476/468 358/478/470
f 418/477/469 358/478/470 419/479/471
f 419/479/471 358/478/470 359/480/472
f 419/479/471 359/480/472 360/481/473
f 419/479/471 360/481/473 420/482/474
f 420/482/474 360/481/473 361/483/475
f 420/482/474 361/483/475 421/484/476
f 421/484/476 361/483/475 362/485/477
f 421/484/476 362/485/477 403/486/478
f 403/486/478 362/485/477 363/487/479
f 403/488/478 363/489/479 364/490/480
f 403/488/478 364/490/480 422/491/481
f 422/491/481 364/490/480 365/492/482
f 422/491/481 365/492/482 423/493/483
f 423/493/483 365/492/482 366/494/484
f 423/493/483 366/494/484 424/495/485
f 424/495/485 366/494/484 367/496/486
f 424/495/485 367/496/486 368/497/487
f 424/495/485 368/497/487 425/498/488
f 425/498/488 368/497/487 369/499/489
f 425/498/488 369/499/489 426/500/490
f 426/500/490 369/499/489 370/443/435
f 426/500/490 370/443/435 404/445/437
f 402/501/491 371/502/492 403/488/478
f 403/486/478 371/503/492 372/504/493
f 403/486/478 372/504/493 421/484/476
f 421/484/476 372/504/493 373/505/494
f 421/484/476 373/505/494 420/482/474
f 420/482/474 373/505/494 374/506/495
f 420/482/474 374/506/495 419/479/471
f 419/479/471 374/506/495 375/507/496
f 419/479/471 375/507/496 376/508/497
f 419/479/471 376/508/497 418/477/469
f 418/477/469 376/508/497 377/509/498
f 418/477/469 377/509/498 417/475/467
f 417/475/467 377/509/498 378/510/499
f 417/475/467 378/510/499 416/472/464
f 416/472/464 378/510/499 379/511/500
f 416/472/464 379/511/500 380/512/501
f 416/472/464 380/512/501 415/470/462
f 415/470/462 380/512/501 381/513/502
f 415/470/462 381/513/502 414/468/460
f 414/468/460 381/513/502 382/514/503
f 414/468/460 382/514/503 413/465/457
f 413/465/457 382/514/503 383/515/504
f 413/465/457 383/515/504 384/516/505
f 413/465/457 384/516/505 412/463/455
f 412/463/455 384/516/505 385/517/506
f 412/463/455 385/517/506 411/461/453
f 411/461/453 385/517/506 386/518/507
f 411/461/453 386/518/507 410/458/450
f 410/458/450 386/518/507 387/519/508
f 410/458/450 387/519/508 388/520/509
f 410/458/450 388/520/509 409/456/448
f 409/456/448 388/520/509 389/521/510
f 409/456/448 389/521/510 408/454/446
f 408/454/446 389/521/510 390/522/511
f 408/454/446 390/522/511 407/451/443
f 407/451/443 390/522/511 391/523/512
f 407/451/443 391/523/512 392/524/513
f 407/451/443 392/524/513 406/449/441
f 406/449/441 392/524/513 393/525/514
f 406/449/441 393/525/514 405/447/439
f 405/447/439 393/525/514 394/526/515
f 405/447/439 394/526/515 404/445/437
f 404/445/437 394/526/515 395/527/516
f 404/445/437 395/527/516 396/528/517
f 404/445/437 396/528/517 426/500/490
f 426/500/490 396/528/517 397/529/518
f 426/500/490 397/529/518 425/498/488
f 425/498/488 397/529/518 398/530/519
f 425/498/488 398/530/519 424/495/485
f 424/495/485 398/530/519 399/531/520
f 424/495/485 399/531/520 400/532/521
f 424/495/485 400/532/521 423/493/483
f 423/493/483 400/532/521 401/533/522
f 423/493/483 401/533/522 422/491/481
f 422/491/481 401/533/522 402/501/491
f 422/491/481 402/501/491 403/488/478
f 428/534/523 431/535/524 427/536/525
f 427/536/525 431/535/524 432/537/526
f 427/536/525 432/537/526 444/538/527
f 444/538/527 432/537/526 443/539/528
f 443/539/528 432/537/526 433/540/529
f 443/539/528 433/540/529 442/541/530
f 442/541/530 433/540/529 434/542/531
f 442/541/530 434/542/531 441/543/532
f 441/543/532 434/542/531 440/544/533
f 440/544/533 434/542/531 435/545/534
f 440/544/533 435/545/534 439/546/535
f 439/546/535 435/545/534 438/547/536
f 438/547/536 435/545/534 436/548/537
f 438/547/536 436/548/537 437/549/538
f 429/550/539 430/551/540 428/534/523
f 428/534/523 430/551/540 431/535/524
f 446/552/541 478/553/542 445/554/543
f 445/554/543 478/553/542 470/555/544
f 445/554/543 470/555/544 467/556/545
f 467/556/545 470/555/544 512/557/546
f 467/556/545 512/557/546 466/558/547
f 466/558/547 512/557/546 465/559/548
f 465/559/548 512/557/546 521/560/549
f 465/559/548 521/560/549 468/561/550
f 468/561/550 521/560/549 520/562/551
f 468/561/550 520/562/551 529/563/552
f 529/563/552 520/562/551 519/564/553
f 529/563/552 519/564/553 528/565/554
f 528/565/554 519/564/553 518/566/555
f 528/565/554 518/566/555 527/567/556
f 527/567/556 518/566/555 517/568/557
f 527/567/556 517/568/557 526/569/558
f 526/569/558 517/568/557 516/570/559
f 526/569/558 516/570/559 525/571/560
f 525/571/560 516/570/559 515/572/561
f 525/571/560 515/572/561 524/573/562
f 524/573/562 515/572/561 514/574/563
f 524/573/562 514/574/563 523/575/564
f 523/575/564 514/574/563 513/576/565
f 523/575/564 513/576/565 522/577/566
f 522/577/566 513/576/565 458/578/567
f 522/577/566 458/578/567 459/579/568
f 447/580/569 479/581/570 446/552/541
f 446/552/541 479/581/570 477/582/571
f 446/552/541 477/582/571 478/553/542
f 478/553/542 477/582/571 470/555/544
f 448/583/572 487/584/573 447/580/569
f 447/580/569 487/584/573 480/585/574
f 447/580/569 480/585/574 479/581/570
f 479/581/570 480/585/574 477/582/571
f 487/584/573 448/583/572 488/586/575
f 488/586/575 448/583/572 449/587/576
f 488/586/575 449/587/576 493/588/577
f 493/588/577 449/587/576 494/589/578
f 493/588/577 494/589/578 490/590/579
f 490/590/579 494/589/578 491/591/580
f 490/590/579 491/591/580 484/592/581
f 484/592/581 491/591/580 485/593/582
f 484/592/581 485/593/582 472/594/583
f 472/594/583 485/593/582 471/595/584
f 472/594/583 471/595/584 498/596/585
f 498/596/585 471/595/584 497/597/586
f 498/596/585 497/597/586 506/598/587
f 506/598/587 497/597/586 505/599/588
f 506/598/587 505/599/588 515/572/561
f 515/572/561 505/599/588 514/574/563
f 449/587/576 450/600/589 494/589/578
f 494/589/578 450/600/589 495/601/590
f 494/589/578 495/601/590 491/591/580
f 491/591/580 495/601/590 492/602/591
f 491/591/580 492/602/591 485/593/582
f 485/593/582 492/602/591 486/603/592
f 485/593/582 486/603/592 471/595/584
f 471/595/584 486/603/592 469/604/593
f 471/595/584 469/604/593 497/597/586
f 497/597/586 469/604/593 496/605/594
f 497/597/586 496/605/594 505/599/588
f 505/599/588 496/605/594 504/606/595
f 505/599/588 504/606/595 514/574/563
f 514/574/563 504/606/595 513/576/565
f 450/600/589 451/607/596 495/601/590
f 495/601/590 451/607/596 452/608/597
f 495/601/590 452/608/597 492/602/591
f 492/602/591 452/608/597 453/609/598
f 492/602/591 453/609/598 486/603/592
f 486/603/592 453/609/598 469/604/593
f 453/609/598 454/610/599 469/604/593
f 469/604/593 454/610/599 496/605/594
f 454/610/599 455/611/600 496/605/594
f 496/605/594 455/611/600 504/606/595
f 455/611/600 456/612/601 504/606/595
f 504/606/595 456/612/601 457/613/602
f 504/606/595 457/613/602 513/576/565
f 513/576/565 457/613/602 458/578/567
f 522/577/566 459/579/568 530/614/603
f 530/614/603 459/579/568 460/615/604
f 530/614/603 460/615/604 539/616/605
f 539/616/605 460/615/604 461/617/606
f 539/616/605 461/617/606 548/618/607
f 548/618/607 461/617/606 436/619/608
f 548/618/607 436/619/608 435/620/609
f 548/618/607 435/620/609 549/621/610
f 549/621/610 435/620/609 434/622/611
f 549/621/610 434/622/611 550/623/612
f 550/623/612 434/622/611 551/624/613
f 550/623/612 551/624/613 541/625/614
f 541/625/614 551/624/613 542/626/615
f 541/625/614 542/626/615 532/627/616
f 532/627/616 542/626/615 533/628/617
f 532/627/616 533/628/617 524/573/562
f 524/573/562 533/628/617 525/571/560
f 434/622/611 433/629/618 551/624/613
f 551/624/613 433/629/618 552/630/619
f 551/624/613 552/630/619 542/626/615
f 542/626/615 552/630/619 543/631/620
f 542/626/615 543/631/620 533/628/617
f 533/628/617 543/631/620 534/632/621
f 533/628/617 534/632/621 525/571/560
f 525/571/560 534/632/621 526/569/558
f 552/630/619 433/629/618 553/633/622
f 553/633/622 433/629/618 432/634/623
f 553/633/622 432/634/623 554/635/624
f 554/635/624 432/634/623 555/636/625
f 554/635/624 555/636/625 545/637/626
f 545/637/626 555/636/625 546/638/627
f 545/637/626 546/638/627 536/639/628
f 536/639/628 546/638/627 537/640/629
f 536/639/628 537/640/629 528/565/554
f 528/565/554 537/640/629 529/563/552
f 432/634/623 431/641/630 555/636/625
f 555/636/625 431/641/630 556/642/631
f 555/636/625 556/642/631 546/638/627
f 546/638/627 556/642/631 547/643/632
f 546/638/627 547/643/632 537/640/629
f 537/640/629 547/643/632 538/644/633
f 537/640/629 538/644/633 529/563/552
f 529/563/552 538/644/633 468/561/550
f 431/641/630 430/645/634 556/642/631
f 556/642/631 430/645/634 462/646/635
f 556/642/631 462/646/635 547/643/632
f 547/643/632 462/646/635 463/647/636
f 547/643/632 463/647/636 538/644/633
f 538/644/633 463/647/636 464/648/637
f 538/644/633 464/648/637 468/561/550
f 468/561/550 464/648/637 465/559/548
f 472/594/583 473/649/638 484/592/581
f 484/592/581 473/649/638 483/650/639
f 484/592/581 483/650/639 490/590/579
f 490/590/579 483/650/639 489/651/640
f 490/590/579 489/651/640 493/588/577
f 493/588/577 489/651/640 488/586/575
f 473/649/638 474/652/641 483/650/639
f 483/650/639 474/652/641 482/653/642
f 483/650/639 482/653/642 489/651/640
f 489/651/640 482/653/642 488/586/575
f 473/649/638 472/594/583 499/654/643
f 499/654/643 472/594/583 498/596/585
f 499/654/643 498/596/585 507/655/644
f 507/655/644 498/596/585 506/598/587
f 507/655/644 506/598/587 516/570/559
f 516/570/559 506/598/587 515/572/561
f 474/652/641 475/656/645 482/653/642
f 482/653/642 475/656/645 481/657/646
f 482/653/642 481/657/646 488/586/575
f 488/586/575 481/657/646 487/584/573
f 474/652/641 473/649/638 500/658/647
f 500/658/647 473/649/638 499/654/643
f 500/658/647 499/654/643 508/659/648
f 508/659/648 499/654/643 507/655/644
f 508/659/648 507/655/644 517/568/557
f 517/568/557 507/655/644 516/570/559
f 475/656/645 476/660/649 481/657/646
f 481/657/646 476/660/649 480/585/574
f 481/657/646 480/585/574 487/584/573
f 475/656/645 474/652/641 501/661/650
f 501/661/650 474/652/641 500/658/647
f 501/661/650 500/658/647 509/662/651
f 509/662/651 500/658/647 508/659/648
f 509/662/651 508/659/648 518/566/555
f 518/566/555 508/659/648 517/568/557
f 480/585/574 476/660/649 477/582/571
f 477/582/571 476/660/649 503/663/652
f 477/582/571 503/663/652 470/555/544
f 470/555/544 503/663/652 512/557/546
f 476/660/649 475/656/645 502/664/653
f 502/664/653 475/656/645 501/661/650
f 502/664/653 501/661/650 510/665/654
f 510/665/654 501/661/650 509/662/651
f 510/665/654 509/662/651 519/564/553
f 519/564/553 509/662/651 518/566/555
f 476/660/649 502/664/653 503/663/652
f 503/663/652 502/664/653 511/666/655
f 503/663/652 511/666/655 512/557/546
f 512/557/546 511/666/655 521/560/549
f 511/666/655 502/664/653 510/665/654
f 519/564/553 520/562/551 510/665/654
f 510/665/654 520/562/551 511/666/655
f 520/562/551 521/560/549 511/666/655
f 532/627/616 524/573/562 523/575/564
f 523/575/564 522/577/566 531/667/656
f 531/667/656 522/577/566 530/614/603
f 531/667/656 530/614/603 540/668/657
f 540/668/657 530/614/603 539/616/605
f 540/668/657 539/616/605 549/621/610
f 549/621/610 539/616/605 548/618/607
f 536/639/628 528/565/554 527/567/556
f 527/567/556 526/569/558 535/669/658
f 535/669/658 526/569/558 534/632/621
f 535/669/658 534/632/621 544/670/659
f 544/670/659 534/632/621 543/631/620
f 544/670/659 543/631/620 553/633/622
f 553/633/622 543/631/620 552/630/619
f 541/625/614 532/627/616 531/667/656
f 531/667/656 532/627/616 523/575/564
f 541/625/614 531/667/656 540/668/657
f 545/637/626 536/639/628 535/669/658
f 535/669/658 536/639/628 527/567/556
f 545/637/626 535/669/658 544/670/659
f 550/623/612 541/625/614 540/668/657
f 550/623/612 540/668/657 549/621/610
f 554/635/624 545/637/626 544/670/659
f 554/635/624 544/670/659 553/633/622
f 88/671/660 437/672/661 57/673/662
f 57/673/662 437/672/661 569/674/663
f 57/673/662 569/674/663 58/675/664
f 58/675/664 569/674/663 59/676/665
f 59/676/665 569/674/663 60/677/666
f 60/677/666 569/674/663 61/678/667
f 61/678/667 569/674/663 62/679/668
f 62/679/668 569/674/663 63/680/669
f 63/680/669 569/674/663 64/681/670
f 64/681/670 569/674/663 65/682/671
f 65/682/671 569/674/663 570/683/672
f 65/682/671 570/683/672 66/684/673
f 66/684/673 570/683/672 67/685/674
f 67/685/674 570/683/672 68/686/675
f 68/686/675 570/683/672 69/687/676
f 69/687/676 570/683/672 70/688/677
f 70/688/677 570/683/672 71/689/678
f 71/689/678 570/683/672 72/690/679
f 72/690/679 570/683/672 73/691/680
f 73/691/680 570/683/672 595/692/681
f 73/691/680 595/692/681 596/693/682
f 88/671/660 87/694/683 437/672/661
f 437/672/661 87/694/683 86/695/684
f 437/672/661 86/695/684 85/696/685
f 437/672/661 85/696/685 599/697/686
f 599/697/686 85/696/685 84/698/687
f 599/697/686 84/698/687 83/699/688
f 83/699/688 82/700/689 599/697/686
f 599/697/686 82/700/689 81/701/690
f 599/697/686 81/701/690 598/702/691
f 598/702/691 81/701/690 80/703/692
f 598/702/691 80/703/692 79/704/693
f 79/704/693 78/705/694 598/702/691
f 598/702/691 78/705/694 77/706/695
f 598/702/691 77/706/695 597/707/696
f 597/707/696 77/706/695 76/708/697
f 597/707/696 76/708/697 596/693/682
f 596/693/682 76/708/697 75/709/698
f 596/693/682 75/709/698 74/710/699
f 74/710/699 73/691/680 596/693/682
f 306/711/700 305/712/701 572/713/702
f 572/713/702 305/712/701 311/714/703
f 572/713/702 311/714/703 571/715/704
f 571/715/704 311/714/703 590/716/705
f 571/715/704 590/716/705 591/717/706
f 590/716/705 311/714/703 589/718/707
f 589/718/707 311/714/703 315/719/708
f 589/718/707 315/719/708 588/720/709
f 588/720/709 315/719/708 314/721/710
f 588/720/709 314/721/710 587/722/711
f 587/722/711 314/721/710 313/723/712
f 587/722/711 313/723/712 586/724/713
f 586/724/713 313/723/712 300/725/714
f 586/724/713 300/725/714 585/726/715
f 585/726/715 300/725/714 299/727/716
f 585/726/715 299/727/716 584/728/717
f 584/728/717 299/727/716 583/729/718
f 583/729/718 299/727/716 575/730/719
f 583/729/718 575/730/719 582/731/720
f 582/731/720 575/730/719 576/732/721
f 582/731/720 576/732/721 580/733/722
f 580/733/722 576/732/721 579/734/723
f 579/734/723 576/732/721 578/735/724
f 578/735/724 576/732/721 577/736/725
f 575/730/719 299/727/716 574/737/726
f 574/737/726 299/727/716 303/738/727
f 574/737/726 303/738/727 573/739/728
f 573/739/728 303/738/727 307/740/729
f 573/739/728 307/740/729 306/711/700
f 573/739/728 306/711/700 572/713/702
f 327/741/730 329/742/731 567/743/732
f 567/743/732 329/742/731 333/744/733
f 567/743/732 333/744/733 566/745/734
f 566/745/734 333/744/733 332/746/735
f 566/745/734 332/746/735 331/747/736
f 566/745/734 331/747/736 565/748/737
f 565/748/737 331/747/736 337/749/738
f 565/748/737 337/749/738 564/750/739
f 564/750/739 337/749/738 450/751/740
f 564/750/739 450/751/740 557/752/741
f 322/753/742 452/754/743 337/749/738
f 337/749/738 452/754/743 451/755/744
f 337/749/738 451/755/744 450/751/740
f 452/754/743 322/753/742 453/756/745
f 453/756/745 322/753/742 321/757/746
f 453/756/745 321/757/746 320/758/747
f 453/756/745 320/758/747 454/759/748
f 454/759/748 320/758/747 319/760/749
f 454/759/748 319/760/749 455/761/750
f 455/761/750 319/760/749 456/762/751
f 456/762/751 319/760/749 327/741/730
f 456/762/751 327/741/730 457/763/752
f 457/763/752 327/741/730 458/764/753
f 458/764/753 327/741/730 568/765/754
f 458/764/753 568/765/754 459/766/755
f 459/766/755 568/765/754 460/767/756
f 460/767/756 568/765/754 461/768/757
f 461/768/757 568/765/754 569/674/663
f 461/768/757 569/674/663 436/769/608
f 436/769/608 569/674/663 437/672/661
f 568/765/754 327/741/730 567/743/732
f 558/770/758 559/771/759 557/752/741
f 557/752/741 559/771/759 563/772/760
f 557/752/741 563/772/760 564/750/739
f 559/771/759 560/773/761 563/772/760
f 563/772/760 560/773/761 561/774/762
f 563/772/760 561/774/762 562/775/763
f 571/715/704 592/776/764 570/683/672
f 570/683/672 592/776/764 593/777/765
f 570/683/672 593/777/765 594/778/766
f 580/733/722 581/779/767 582/731/720
f 591/717/706 592/776/764 571/715/704
f 594/778/766 595/692/681 570/683/672
f 449/780/768 601/781/769 450/782/770
f 450/782/770 601/781/769 602/783/771
f 450/782/770 602/783/771 557/784/772
f 557/784/772 602/783/771 603/785/773
f 557/784/772 603/785/773 558/786/774
f 558/786/774 603/785/773 604/787/775
f 558/786/774 604/787/775 612/788/776
f 612/788/776 604/787/775 605/789/777
f 612/788/776 605/789/777 611/790/778
f 611/790/778 605/789/777 606/791/779
f 611/790/778 606/791/779 610/792/780
f 610/792/780 606/791/779 609/793/781
f 609/793/781 606/791/779 608/794/782
f 608/794/782 606/791/779 607/795/783
f 601/781/769 449/780/768 600/796/784
f 600/796/784 449/780/768 448/797/785
f 600/796/784 448/797/785 447/798/786
f 446/799/787 445/800/788 447/798/786
f 447/798/786 445/800/788 600/796/784
f 429/801/789 428/802/790 613/803/791
f 613/803/791 428/802/790 427/804/792
f 310/805/793 650/806/794 312/807/795
f 312/807/795 650/806/794 651/808/796
f 312/807/795 651/808/796 630/809/797
f 630/809/797 651/808/796 619/810/798
f 630/809/797 619/810/798 629/811/799
f 629/811/799 619/810/798 628/812/800
f 628/812/800 619/810/798 620/813/801
f 628/812/800 620/813/801 627/814/802
f 627/814/802 620/813/801 626/815/803
f 626/815/803 620/813/801 625/816/804
f 625/816/804 620/813/801 621/817/805
f 625/816/804 621/817/805 623/818/806
f 623/818/806 621/817/805 622/819/807
f 622/819/807 621/817/805 614/820/808
f 622/819/807 614/820/808 613/821/809
f 613/821/809 614/820/808 654/822/810
f 613/821/809 654/822/810 429/823/811
f 429/823/811 654/822/810 328/824/812
f 429/823/811 328/824/812 430/825/813
f 430/825/813 328/824/812 326/826/814
f 430/825/813 326/826/814 462/827/815
f 462/827/815 326/826/814 463/828/816
f 463/828/816 326/826/814 325/829/817
f 463/828/816 325/829/817 464/830/818
f 464/830/818 325/829/817 465/831/819
f 465/831/819 325/829/817 466/832/820
f 466/832/820 325/829/817 324/833/821
f 466/832/820 324/833/821 467/834/822
f 467/834/822 324/833/821 323/835/823
f 467/834/822 323/835/823 445/836/824
f 445/836/824 323/835/823 338/837/825
f 445/836/824 338/837/825 600/838/826
f 600/838/826 338/837/825 601/839/827
f 601/839/827 338/837/825 657/840/828
f 601/839/827 657/840/828 602/841/829
f 602/841/829 657/840/828 658/842/830
f 602/841/829 658/842/830 603/843/831
f 603/843/831 658/842/830 604/844/832
f 604/844/832 658/842/830 659/845/833
f 604/844/832 659/845/833 605/846/834
f 605/846/834 659/845/833 606/847/835
f 606/847/835 659/845/833 660/848/836
f 606/847/835 660/848/836 607/849/837
f 607/849/837 660/848/836 661/850/838
f 607/849/837 661/850/838 662/851/839
f 310/805/793 309/852/840 650/806/794
f 650/806/794 309/852/840 308/853/841
f 650/806/794 308/853/841 649/854/842
f 649/854/842 308/853/841 304/855/843
f 649/854/842 304/855/843 302/856/844
f 301/857/845 634/858/846 302/856/844
f 302/856/844 634/858/846 635/859/847
f 302/856/844 635/859/847 648/860/848
f 648/860/848 635/859/847 636/861/849
f 648/860/848 636/861/849 647/862/850
f 647/862/850 636/861/849 637/863/851
f 647/862/850 637/863/851 638/864/852
f 634/858/846 301/857/845 633/865/853
f 633/865/853 301/857/845 318/866/854
f 633/865/853 318/866/854 317/867/855
f 633/865/853 317/867/855 632/868/856
f 632/868/856 317/867/855 316/869/857
f 632/868/856 316/869/857 631/870/858
f 631/870/858 316/869/857 312/807/795
f 631/870/858 312/807/795 630/809/797
f 338/837/825 336/871/859 656/872/860
f 656/872/860 336/871/859 335/873/861
f 656/872/860 335/873/861 655/874/862
f 655/874/862 335/873/861 334/875/863
f 655/874/862 334/875/863 330/876/864
f 655/874/862 330/876/864 654/822/810
f 654/822/810 330/876/864 328/824/812
f 657/840/828 338/837/825 656/872/860
f 614/820/808 615/877/865 654/822/810
f 654/822/810 615/877/865 653/878/866
f 653/878/866 615/877/865 616/879/867
f 653/878/866 616/879/867 652/880/868
f 652/880/868 616/879/867 617/881/869
f 652/880/868 617/881/869 618/882/870
f 652/880/868 618/882/870 651/808/796
f 651/808/796 618/882/870 619/810/798
f 623/818/806 624/883/871 625/816/804
f 647/862/850 638/864/852 646/884/872
f 646/884/872 638/864/852 639/885/873
f 646/884/872 639/885/873 640/886/874
f 646/884/872 640/886/874 645/887/875
f 645/887/875 640/886/874 641/888/876
f 645/887/875 641/888/876 642/889/877
f 642/889/877 643/890/878 645/887/875
f 645/887/875 643/890/878 644/891/879
f 648/860/848 649/854/842 302/856/844
f 662/851/839 663/892/880 607/849/837
f 607/849/837 663/892/880 664/893/881
f 613/894/791 427/895/792 622/896/882
f 622/896/882 427/895/792 444/897/883
f 622/896/882 444/897/883 443/898/884
f 443/898/884 442/899/885 622/896/882
f 622/896/882 442/899/885 441/900/886
f 622/896/882 441/900/886 440/901/887
f 440/901/887 439/902/888 622/896/882
f 622/896/882 439/902/888 438/903/889
f 622/896/882 438/903/889 437/904/890
f 622/896/882 437/904/890 623/905/891
f 623/905/891 437/904/890 599/906/892
f 623/905/891 599/906/892 598/907/893
f 597/908/894 624/909/895 598/907/893
f 598/907/893 624/909/895 623/905/891
f 666/910/896 681/911/897 665/912/898
f 665/912/898 681/911/897 682/913/899
f 665/912/898 682/913/899 680/914/900
f 680/914/900 682/913/899 679/915/901
f 679/915/901 682/913/899 678/916/902
f 678/916/902 682/913/899 684/917/903
f 678/916/902 684/917/903 677/918/904
f 677/918/904 684/917/903 686/919/905
f 677/918/904 686/919/905 676/920/906
f 676/920/906 686/919/905 688/921/907
f 676/920/906 688/921/907 675/922/908
f 675/922/908 688/921/907 690/923/909
f 675/922/908 690/923/909 674/924/910
f 674/924/910 690/923/909 692/925/911
f 674/924/910 692/925/911 673/926/912
f 673/926/912 692/925/911 691/927/913
f 673/926/912 691/927/913 672/928/914
f 672/928/914 691/927/913 671/929/915
f 671/929/915 691/927/913 670/930/916
f 670/930/916 691/927/913 689/931/917
f 670/930/916 689/931/917 669/932/918
f 669/932/918 689/931/917 687/933/919
f 669/932/918 687/933/919 668/934/920
f 668/934/920 687/933/919 685/935/921
f 668/934/920 685/935/921 667/936/922
f 667/936/922 685/935/921 683/937/923
f 667/936/922 683/937/923 666/910/896
f 666/910/896 683/937/923 681/911/897
f 684/917/903 682/913/899 681/911/897
f 684/917/903 681/911/897 683/937/923
f 686/919/905 684/917/903 683/937/923
f 686/919/905 683/937/923 685/935/921
f 688/921/907 686/919/905 685/935/921
f 688/921/907 685/935/921 687/933/919
f 690/923/909 688/921/907 687/933/919
f 690/923/909 687/933/919 689/931/917
f 692/925/911 690/923/909 689/931/917
f 692/925/911 689/931/917 691/927/913
f 56/938/924 715/939/925 25/940/926
f 25/940/926 715/939/925 695/941/927
f 25/940/926 695/941/927 26/942/928
f 26/942/928 695/941/927 673/943/912
f 26/942/928 673/943/912 27/944/929
f 27/944/929 673/943/912 28/945/930
f 28/945/930 673/943/912 29/946/931
f 29/946/931 673/943/912 30/947/932
f 30/947/932 673/943/912 31/948/933
f 31/948/933 673/943/912 402/949/934
f 31/948/933 402/949/934 401/950/935
f 56/938/924 55/951/936 715/939/925
f 715/939/925 55/951/936 54/952/937
f 715/939/925 54/952/937 53/953/938
f 53/953/938 52/954/939 715/939/925
f 715/939/925 52/954/939 51/955/940
f 715/939/925 51/955/940 50/956/941
f 50/956/941 49/957/942 715/939/925
f 715/939/925 49/957/942 48/958/943
f 715/939/925 48/958/943 714/959/944
f 714/959/944 48/958/943 47/960/945
f 714/959/944 47/960/945 46/961/946
f 46/961/946 45/962/947 714/959/944
f 714/959/944 45/962/947 44/963/948
f 714/959/944 44/963/948 43/964/949
f 43/964/949 42/965/950 714/959/944
f 714/959/944 42/965/950 41/966/951
f 714/959/944 41/966/951 699/967/952
f 699/967/952 41/966/951 40/968/953
f 699/967/952 40/968/953 39/969/954
f 39/969/954 38/970/955 699/967/952
f 699/967/952 38/970/955 37/971/956
f 699/967/952 37/971/956 36/972/957
f 35/973/958 391/974/959 36/972/957
f 36/972/957 391/974/959 390/975/960
f 36/972/957 390/975/960 389/976/961
f 34/977/962 393/978/963 35/973/958
f 35/973/958 393/978/963 392/979/964
f 35/973/958 392/979/964 391/974/959
f 33/980/965 395/981/966 34/977/962
f 34/977/962 395/981/966 394/982/967
f 34/977/962 394/982/967 393/978/963
f 32/983/968 397/984/969 33/980/965
f 33/980/965 397/984/969 396/985/970
f 33/980/965 396/985/970 395/981/966
f 31/948/933 399/986/971 32/983/968
f 32/983/968 399/986/971 398/987/972
f 32/983/968 398/987/972 397/984/969
f 223/988/973 693/989/974 219/990/975
f 219/990/975 693/989/974 694/991/976
f 219/990/975 694/991/976 217/992/977
f 217/992/977 694/991/976 716/993/978
f 217/992/977 716/993/978 717/994/979
f 693/989/974 223/988/973 726/995/980
f 726/995/980 223/988/973 222/996/981
f 726/995/980 222/996/981 725/997/982
f 725/997/982 222/996/981 221/998/983
f 725/997/982 221/998/983 724/999/984
f 724/999/984 221/998/983 227/1000/985
f 724/999/984 227/1000/985 720/1001/986
f 720/1001/986 227/1000/985 719/1002/987
f 719/1002/987 227/1000/985 212/1003/988
f 719/1002/987 212/1003/988 718/1004/989
f 718/1004/989 212/1003/988 211/1005/990
f 718/1004/989 211/1005/990 210/1006/991
f 718/1004/989 210/1006/991 717/994/979
f 717/994/979 210/1006/991 209/1007/992
f 717/994/979 209/1007/992 217/992/977
f 245/1008/993 704/1009/994 240/1010/995
f 240/1010/995 704/1009/994 705/1011/996
f 240/1010/995 705/1011/996 241/1012/997
f 241/1012/997 705/1011/996 237/1013/998
f 237/1013/998 705/1011/996 706/1014/999
f 237/1013/998 706/1014/999 709/1015/1000
f 709/1015/1000 706/1014/999 708/1016/1001
f 708/1016/1001 706/1014/999 707/1017/1002
f 245/1008/993 244/1018/1003 704/1009/994
f 704/1009/994 244/1018/1003 703/1019/1004
f 703/1019/1004 244/1018/1003 702/1020/1005
f 702/1020/1005 244/1018/1003 243/1021/1006
f 702/1020/1005 243/1021/1006 249/1022/1007
f 232/1023/1008 712/1024/1009 249/1022/1007
f 249/1022/1007 712/1024/1009 713/1025/1010
f 249/1022/1007 713/1025/1010 701/1026/1011
f 701/1026/1011 713/1025/1010 700/1027/1012
f 700/1027/1012 713/1025/1010 714/959/944
f 700/1027/1012 714/959/944 699/967/952
f 712/1024/1009 232/1023/1008 711/1028/1013
f 711/1028/1013 232/1023/1008 231/1029/1014
f 711/1028/1013 231/1029/1014 230/1030/1015
f 711/1028/1013 230/1030/1015 710/1031/1016
f 710/1031/1016 230/1030/1015 229/1032/1017
f 710/1031/1016 229/1032/1017 238/1033/1018
f 238/1033/1018 237/1013/998 710/1031/1016
f 710/1031/1016 237/1013/998 709/1015/1000
f 402/949/934 673/943/912 371/1034/1019
f 371/1034/1019 673/943/912 672/1035/914
f 371/1034/1019 672/1035/914 372/1036/1020
f 372/1036/1020 672/1035/914 373/1037/1021
f 373/1037/1021 672/1035/914 374/1038/1022
f 374/1038/1022 672/1035/914 375/1039/1023
f 375/1039/1023 672/1035/914 696/1040/1024
f 375/1039/1023 696/1040/1024 376/1041/1025
f 376/1041/1025 696/1040/1024 377/1042/1026
f 377/1042/1026 696/1040/1024 378/1043/1027
f 378/1043/1027 696/1040/1024 379/1044/1028
f 379/1044/1028 696/1040/1024 697/1045/1029
f 379/1044/1028 697/1045/1029 380/1046/1030
f 380/1046/1030 697/1045/1029 381/1047/1031
f 381/1047/1031 697/1045/1029 382/1048/1032
f 382/1048/1032 697/1045/1029 383/1049/1033
f 383/1049/1033 697/1045/1029 698/1050/1034
f 383/1049/1033 698/1050/1034 384/1051/1035
f 384/1051/1035 698/1050/1034 385/1052/1036
f 385/1052/1036 698/1050/1034 386/1053/1037
f 386/1053/1037 698/1050/1034 387/1054/1038
f 387/1054/1038 698/1050/1034 699/967/952
f 387/1054/1038 699/967/952 388/1055/1039
f 388/1055/1039 699/967/952 389/976/961
f 389/976/961 699/967/952 36/972/957
f 401/950/935 400/1056/1040 31/948/933
f 31/948/933 400/1056/1040 399/986/971
f 694/991/976 695/941/927 716/993/978
f 716/993/978 695/941/927 715/939/925
f 701/1026/1011 702/1020/1005 249/1022/1007
f 724/999/984 720/1001/986 723/1057/1041
f 723/1057/1041 720/1001/986 721/1058/1042
f 723/1057/1041 721/1058/1042 722/1059/1043
f 671/1060/1044 670/1061/1045 672/1062/1046
f 672/1062/1046 670/1061/1045 669/1063/1047
f 672/1062/1046 669/1063/1047 696/1064/1048
f 696/1064/1048 669/1063/1047 668/1065/1049
f 696/1064/1048 668/1065/1049 697/1066/1050
f 697/1066/1050 668/1065/1049 667/1067/1051
f 697/1066/1050 667/1067/1051 728/1068/1052
f 728/1068/1052 667/1067/1051 666/1069/1053
f 728/1068/1052 666/1069/1053 665/1070/1054
f 665/1070/1054 727/1071/1055 728/1068/1052
f 728/1068/1052 729/1072/1056 697/1066/1050
f 697/1066/1050 729/1072/1056 733/1073/1057
f 697/1066/1050 733/1073/1057 734/1074/1058
f 730/1075/1059 731/1076/1060 729/1072/1056
f 729/1072/1056 731/1076/1060 732/1077/1061
f 729/1072/1056 732/1077/1061 733/1073/1057
f 734/1074/1058 735/1078/1062 697/1066/1050
f 697/1066/1050 735/1078/1062 698/1079/1063
f 698/1079/1063 735/1078/1062 736/1080/1064
f 698/1079/1063 736/1080/1064 737/1081/1065
f 737/1082/1066 745/1083/1067 698/1084/1034
f 698/1084/1034 745/1083/1067 746/1085/1068
f 698/1084/1034 746/1085/1068 699/1086/952
f 699/1086/952 746/1085/1068 744/1087/1069
f 744/1087/1069 746/1085/1068 743/1088/1070
f 743/1088/1070 746/1085/1068 748/1089/1071
f 743/1088/1070 748/1089/1071 742/1090/1072
f 742/1090/1072 748/1089/1071 750/1091/1073
f 742/1090/1072 750/1091/1073 741/1092/1074
f 741/1092/1074 750/1091/1073 752/1093/1075
f 741/1092/1074 752/1093/1075 740/1094/1076
f 740/1094/1076 752/1093/1075 754/1095/1077
f 740/1094/1076 754/1095/1077 739/1096/1078
f 739/1096/1078 754/1095/1077 756/1097/1079
f 739/1096/1078 756/1097/1079 738/1098/1080
f 738/1098/1080 756/1097/1079 755/1099/1081
f 738/1098/1080 755/1099/1081 731/1100/1082
f 731/1100/1082 755/1099/1081 732/1101/1083
f 732/1101/1083 755/1099/1081 733/1102/1084
f 733/1102/1084 755/1099/1081 753/1103/1085
f 733/1102/1084 753/1103/1085 734/1104/1086
f 734/1104/1086 753/1103/1085 751/1105/1087
f 734/1104/1086 751/1105/1087 735/1106/1088
f 735/1106/1088 751/1105/1087 749/1107/1089
f 735/1106/1088 749/1107/1089 736/1108/1090
f 736/1108/1090 749/1107/1089 747/1109/1091
f 736/1108/1090 747/1109/1091 737/1082/1066
f 737/1082/1066 747/1109/1091 745/1083/1067
f 748/1089/1071 746/1085/1068 745/1083/1067
f 748/1089/1071 745/1083/1067 747/1109/1091
f 750/1091/1073 748/1089/1071 747/1109/1091
f 750/1091/1073 747/1109/1091 749/1107/1089
f 752/1093/1075 750/1091/1073 749/1107/1089
f 752/1093/1075 749/1107/1089 751/1105/1087
f 754/1095/1077 752/1093/1075 751/1105/1087
f 754/1095/1077 751/1105/1087 753/1103/1085
f 756/1097/1079 754/1095/1077 753/1103/1085
f 756/1097/1079 753/1103/1085 755/1099/1081
f 225/1110/1092 776/1111/1093 226/1112/1094
f 226/1112/1094 776/1111/1093 777/1113/1095
f 226/1112/1094 777/1113/1095 228/1114/1096
f 228/1114/1096 777/1113/1095 778/1115/1097
f 228/1114/1096 778/1115/1097 779/1116/1098
f 225/1110/1092 224/1117/1099 776/1111/1093
f 776/1111/1093 224/1117/1099 220/1118/1100
f 776/1111/1093 220/1118/1100 775/1119/1101
f 775/1119/1101 220/1118/1100 218/1120/1102
f 775/1119/1101 218/1120/1102 789/1121/1103
f 789/1121/1103 218/1120/1102 788/1122/1104
f 788/1122/1104 218/1120/1102 216/1123/1105
f 788/1122/1104 216/1123/1105 215/1124/1106
f 215/1124/1106 214/1125/1107 788/1122/1104
f 788/1122/1104 214/1125/1107 787/1126/1108
f 787/1126/1108 214/1125/1107 213/1127/1109
f 787/1126/1108 213/1127/1109 228/1114/1096
f 247/1128/1110 771/1129/1111 248/1130/1112
f 248/1130/1112 771/1129/1111 772/1131/1113
f 248/1130/1112 772/1131/1113 250/1132/1114
f 250/1132/1114 772/1131/1113 792/1133/1115
f 250/1132/1114 792/1133/1115 793/1134/1116
f 247/1128/1110 246/1135/1117 771/1129/1111
f 771/1129/1111 246/1135/1117 770/1136/1118
f 770/1136/1118 246/1135/1117 242/1137/1119
f 770/1136/1118 242/1137/1119 239/1138/1120
f 236/1139/1121 795/1140/1122 239/1138/1120
f 239/1138/1120 795/1140/1122 768/1141/1123
f 239/1138/1120 768/1141/1123 769/1142/1124
f 795/1140/1122 236/1139/1121 794/1143/1125
f 794/1143/1125 236/1139/1121 235/1144/1126
f 794/1143/1125 235/1144/1126 234/1145/1127
f 794/1143/1125 234/1145/1127 793/1134/1116
f 793/1134/1116 234/1145/1127 233/1146/1128
f 793/1134/1116 233/1146/1128 250/1132/1114
f 354/1147/1129 729/1148/1130 355/1149/1131
f 355/1149/1131 729/1148/1130 728/1150/1132
f 355/1149/1131 728/1150/1132 356/1151/1133
f 356/1151/1133 728/1150/1132 357/1152/1134
f 357/1152/1134 728/1150/1132 358/1153/1135
f 358/1153/1135 728/1150/1132 359/1154/1136
f 359/1154/1136 728/1150/1132 360/1155/1137
f 360/1155/1137 728/1150/1132 361/1156/1138
f 361/1156/1138 728/1150/1132 362/1157/1139
f 362/1157/1139 728/1150/1132 363/1158/1140
f 363/1158/1140 728/1150/1132 364/1159/1141
f 364/1159/1141 728/1150/1132 759/1160/1142
f 364/1159/1141 759/1160/1142 365/1161/1143
f 365/1161/1143 759/1160/1142 366/1162/1144
f 366/1162/1144 759/1160/1142 367/1163/1145
f 367/1163/1145 759/1160/1142 368/1164/1146
f 368/1164/1146 759/1160/1142 369/1165/1147
f 369/1165/1147 759/1160/1142 370/1166/1148
f 370/1166/1148 759/1160/1142 339/1167/1149
f 339/1167/1149 759/1160/1142 340/1168/1150
f 340/1168/1150 759/1160/1142 341/1169/1151
f 341/1169/1151 759/1160/1142 760/1170/1152
f 341/1169/1151 760/1170/1152 342/1171/1153
f 342/1171/1153 760/1170/1152 343/1172/1154
f 343/1172/1154 760/1170/1152 344/1173/1155
f 344/1173/1155 760/1170/1152 345/1174/1156
f 345/1174/1156 760/1170/1152 346/1175/1157
f 346/1175/1157 760/1170/1152 729/1148/1130
f 346/1175/1157 729/1148/1130 347/1176/1158
f 347/1176/1158 729/1148/1130 348/1177/1159
f 348/1177/1159 729/1148/1130 349/1178/1160
f 349/1178/1160 729/1148/1130 350/1179/1161
f 350/1179/1161 729/1148/1130 351/1180/1162
f 351/1180/1162 729/1148/1130 352/1181/1163
f 352/1181/1163 729/1148/1130 353/1182/1164
f 353/1182/1164 729/1148/1130 354/1147/1129
f 758/1183/1165 789/1121/1103 757/1184/1166
f 757/1184/1166 789/1121/1103 790/1185/1167
f 757/1184/1166 790/1185/1167 764/1186/1168
f 764/1186/1168 790/1185/1167 791/1187/1169
f 764/1186/1168 791/1187/1169 763/1188/1170
f 763/1188/1170 791/1187/1169 762/1189/1171
f 762/1189/1171 791/1187/1169 792/1133/1115
f 762/1189/1171 792/1133/1115 761/1190/1172
f 761/1190/1172 792/1133/1115 772/1131/1113
f 761/1190/1172 772/1131/1113 773/1191/1173
f 759/1160/1142 774/1192/1174 758/1183/1165
f 758/1183/1165 774/1192/1174 775/1119/1101
f 758/1183/1165 775/1119/1101 789/1121/1103
f 761/1190/1172 773/1191/1173 760/1170/1152
f 760/1170/1152 773/1191/1173 730/1193/1175
f 760/1170/1152 730/1193/1175 729/1148/1130
f 765/1194/1176 766/1195/1177 798/1196/1178
f 798/1196/1178 766/1195/1177 797/1197/1179
f 797/1197/1179 766/1195/1177 767/1198/1180
f 797/1197/1179 767/1198/1180 796/1199/1181
f 796/1199/1181 767/1198/1180 768/1141/1123
f 796/1199/1181 768/1141/1123 795/1140/1122
f 769/1142/1124 770/1136/1118 239/1138/1120
f 728/1150/1132 727/1200/1182 759/1160/1142
f 759/1160/1142 727/1200/1182 774/1192/1174
f 780/1201/1183 785/1202/1184 779/1116/1098
f 779/1116/1098 785/1202/1184 786/1203/1185
f 779/1116/1098 786/1203/1185 228/1114/1096
f 228/1114/1096 786/1203/1185 787/1126/1108
f 785/1202/1184 780/1201/1183 784/1204/1186
f 784/1204/1186 780/1201/1183 781/1205/1187
f 784/1204/1186 781/1205/1187 783/1206/1188
f 783/1206/1188 781/1205/1187 782/1207/1189
f 769/1208/1190 799/1209/1191 770/1210/1192
f 770/1210/1192 799/1209/1191 800/1211/1193
f 799/1212/1194 703/1213/1195 800/1214/1196
f 800/1214/1196 703/1213/1195 702/1215/1197
f 773/1216/1198 772/1217/1199 738/1218/1200
f 738/1218/1200 772/1217/1199 739/1219/1201
f 739/1219/1201 772/1217/1199 740/1220/1202
f 740/1220/1202 772/1217/1199 771/1221/1203
f 740/1220/1202 771/1221/1203 700/1222/1204
f 700/1222/1204 771/1221/1203 701/1223/1205
f 701/1223/1205 771/1221/1203 770/1224/1206
f 701/1223/1205 770/1224/1206 702/1225/1207
f 702/1225/1207 770/1224/1206 800/1226/1208
f 699/1227/1209 744/1228/1210 700/1222/1204
f 700/1222/1204 744/1228/1210 743/1229/1211
f 700/1222/1204 743/1229/1211 742/1230/1212
f 742/1230/1212 741/1231/1213 700/1222/1204
f 700/1222/1204 741/1231/1213 740/1220/1202
f 726/1232/1214 801/1233/1215 693/1234/1216
f 693/1234/1216 801/1233/1215 802/1235/1217
f 778/1236/1218 777/1237/1219 801/1238/1220
f 801/1238/1220 777/1237/1219 802/1239/1221
f 776/1240/1222 694/1241/1223 777/1242/1224
f 777/1242/1224 694/1241/1223 693/1243/1225
f 777/1242/1224 693/1243/1225 802/1244/1226
f 775/1245/1227 678/1246/1228 776/1240/1222
f 776/1240/1222 678/1246/1228 695/1247/1229
f 776/1240/1222 695/1247/1229 694/1241/1223
f 774/1248/1230 680/1249/1231 775/1245/1227
f 775/1245/1227 680/1249/1231 679/1250/1232
f 775/1245/1227 679/1250/1232 678/1246/1228
f 678/1246/1228 677/1251/1233 695/1247/1229
f 695/1247/1229 677/1251/1233 676/1252/1234
f 695/1247/1229 676/1252/1234 675/1253/1235
f 675/1253/1235 674/1254/1236 695/1247/1229
f 695/1247/1229 674/1254/1236 673/1255/1237
f 665/1256/898 680/1257/900 727/1258/1238
f 727/1258/1238 680/1257/900 774/1259/1239
f 738/1260/1080 731/1261/1082 773/1262/1240
f 773/1262/1240 731/1261/1082 730/1263/1241
f 706/1264/1242 766/1265/1243 707/1266/1244
f 707/1266/1244 766/1265/1243 765/1267/1245
f 707/1266/1244 765/1267/1245 804/1268/1246
f 804/1268/1246 765/1267/1245 803/1269/1247
f 766/1265/1243 706/1264/1242 767/1270/1248
f 767/1270/1248 706/1264/1242 705/1271/1249
f 767/1270/1248 705/1271/1249 768/1272/1250
f 768/1272/1250 705/1271/1249 799/1273/1251
f 768/1272/1250 799/1273/1251 769/1274/1252
f 705/1271/1249 704/1275/1253 799/1273/1251
f 799/1273/1251 704/1275/1253 703/1276/1254
f 805/1277/1255 806/1278/1256 808/1279/1257
f 808/1279/1257 806/1278/1256 807/1280/1258
f 807/1281/1259 782/1282/1260 722/1283/1261
f 722/1283/1261 782/1282/1260 781/1284/1262
f 722/1283/1261 781/1284/1262 723/1285/1263
f 723/1285/1263 781/1284/1262 780/1286/1264
f 723/1285/1263 780/1286/1264 724/1287/1265
f 724/1287/1265 780/1286/1264 779/1288/1266
f 724/1287/1265 779/1288/1266 801/1289/1267
f 801/1289/1267 779/1288/1266 778/1290/1268
f 726/1291/1269 725/1292/1270 801/1289/1267
f 801/1289/1267 725/1292/1270 724/1287/1265
f 722/1283/1261 808/1293/1271 807/1281/1259
f 184/1294/1272 256/1295/1273 161/1296/1274
f 161/1296/1274 256/1295/1273 279/1297/1275
f 161/1296/1274 279/1297/1275 162/1298/1276
f 162/1298/1276 279/1297/1275 163/1299/1277
f 163/1299/1277 279/1297/1275 164/1300/1278
f 164/1300/1278 279/1297/1275 285/1301/1279
f 164/1300/1278 285/1301/1279 165/1302/1280
f 165/1302/1280 285/1301/1279 166/1303/1281
f 166/1303/1281 285/1301/1279 167/1304/1282
f 167/1304/1282 285/1301/1279 168/1305/1283
f 168/1305/1283 285/1301/1279 169/1306/1284
f 169/1306/1284 285/1301/1279 170/1307/1285
f 170/1307/1285 285/1301/1279 171/1308/1286
f 171/1308/1286 285/1301/1279 291/1309/1287
f 171/1308/1286 291/1309/1287 172/1310/1288
f 172/1310/1288 291/1309/1287 173/1311/1289
f 173/1311/1289 291/1309/1287 271/1312/1290
f 173/1311/1289 271/1312/1290 174/1313/1291
f 174/1313/1291 271/1312/1290 175/1314/1292
f 175/1314/1292 271/1312/1290 273/1315/1293
f 175/1314/1292 273/1315/1293 176/1316/1294
f 176/1316/1294 273/1315/1293 177/1317/1295
f 177/1317/1295 273/1315/1293 178/1318/1296
f 178/1318/1296 273/1315/1293 179/1319/1297
f 179/1319/1297 273/1315/1293 180/1320/1298
f 180/1320/1298 273/1315/1293 181/1321/1299
f 181/1321/1299 273/1315/1293 256/1295/1273
f 181/1321/1299 256/1295/1273 182/1322/1300
f 182/1322/1300 256/1295/1273 183/1323/1301
f 183/1323/1301 256/1295/1273 184/1294/1272
f 261/1324/1302 267/1325/1303 563/1326/1304
f 563/1326/1304 267/1325/1303 271/1312/1290
f 563/1326/1304 271/1312/1290 721/1327/1305
f 721/1327/1305 271/1312/1290 291/1309/1287
f 721/1327/1305 291/1309/1287 295/1328/1306
f 279/1297/1275 256/1295/1273 562/1329/1307
f 562/1329/1307 256/1295/1273 255/1330/1308
f 562/1329/1307 255/1330/1308 261/1324/1302
f 562/1329/1307 261/1324/1302 563/1326/1304
f 295/1328/1306 297/1331/1309 721/1327/1305
f 721/1327/1305 297/1331/1309 722/1332/1310
f 722/1332/1310 297/1331/1309 280/1333/1311
f 722/1332/1310 280/1333/1311 808/1334/1312
f 808/1334/1312 280/1333/1311 805/1335/1313
f 805/1335/1313 280/1333/1311 279/1297/1275
f 805/1335/1313 279/1297/1275 562/1329/1307
f 804/1336/1314 803/1337/1315 810/1338/1316
f 810/1338/1316 803/1337/1315 809/1339/1317
f 160/1340/1318 252/1341/1319 137/1342/1320
f 137/1342/1320 252/1341/1319 275/1343/1321
f 137/1342/1320 275/1343/1321 138/1344/1322
f 138/1344/1322 275/1343/1321 139/1345/1323
f 139/1345/1323 275/1343/1321 140/1346/1324
f 140/1346/1324 275/1343/1321 283/1347/1325
f 140/1346/1324 283/1347/1325 141/1348/1326
f 141/1348/1326 283/1347/1325 142/1349/1327
f 142/1349/1327 283/1347/1325 143/1350/1328
f 143/1350/1328 283/1347/1325 144/1351/1329
f 144/1351/1329 283/1347/1325 145/1352/1330
f 145/1352/1330 283/1347/1325 146/1353/1331
f 146/1353/1331 283/1347/1325 147/1354/1332
f 147/1354/1332 283/1347/1325 289/1355/1333
f 147/1354/1332 289/1355/1333 148/1356/1334
f 148/1356/1334 289/1355/1333 149/1357/1335
f 149/1357/1335 289/1355/1333 269/1358/1336
f 149/1357/1335 269/1358/1336 150/1359/1337
f 150/1359/1337 269/1358/1336 151/1360/1338
f 151/1360/1338 269/1358/1336 263/1361/1339
f 151/1360/1338 263/1361/1339 152/1362/1340
f 152/1362/1340 263/1361/1339 153/1363/1341
f 153/1363/1341 263/1361/1339 154/1364/1342
f 154/1364/1342 263/1361/1339 155/1365/1343
f 155/1365/1343 263/1361/1339 156/1366/1344
f 156/1366/1344 263/1361/1339 157/1367/1345
f 157/1367/1345 263/1361/1339 252/1341/1319
f 157/1367/1345 252/1341/1319 158/1368/1346
f 158/1368/1346 252/1341/1319 159/1369/1347
f 159/1369/1347 252/1341/1319 160/1340/1318
f 259/1370/1348 265/1371/1349 645/1372/1350
f 645/1372/1350 265/1371/1349 269/1358/1336
f 645/1372/1350 269/1358/1336 798/1373/1351
f 798/1373/1351 269/1358/1336 289/1355/1333
f 798/1373/1351 289/1355/1333 293/1374/1352
f 275/1343/1321 252/1341/1319 644/1375/1353
f 644/1375/1353 252/1341/1319 251/1376/1354
f 644/1375/1353 251/1376/1354 259/1370/1348
f 644/1375/1353 259/1370/1348 645/1372/1350
f 293/1374/1352 287/1377/1355 798/1373/1351
f 798/1373/1351 287/1377/1355 765/1378/1356
f 765/1378/1356 287/1377/1355 809/1379/1357
f 765/1378/1356 809/1379/1357 803/1380/1358
f 287/1377/1355 276/1381/1359 809/1379/1357
f 809/1379/1357 276/1381/1359 275/1343/1321
f 809/1379/1357 275/1343/1321 644/1375/1353
f 806/1382/1360 805/1383/1361 610/1384/1362
f 610/1384/1362 805/1383/1361 562/1385/1363
f 610/1384/1362 562/1385/1363 561/1386/1364
f 561/1386/1364 560/1387/1365 610/1384/1362
f 610/1384/1362 560/1387/1365 559/1388/1366
f 664/1389/1367 663/1390/1368 610/1384/1362
f 610/1384/1362 663/1390/1368 662/1391/1369
f 610/1384/1362 662/1391/1369 661/1392/1370
f 661/1392/1370 806/1382/1360 610/1384/1362
f 644/1393/1371 643/1394/1372 809/1395/1373
f 809/1395/1373 643/1394/1372 642/1396/1374
f 809/1395/1373 642/1396/1374 641/1397/1375
f 580/1398/1376 579/1399/1377 641/1397/1375
f 641/1397/1375 579/1399/1377 578/1400/1378
f 641/1397/1375 578/1400/1378 577/1401/1379
f 810/1402/1380 809/1395/1373 577/1401/1379
f 577/1401/1379 809/1395/1373 641/1397/1375
f 558/1403/1381 612/1404/1382 559/1405/1383
f 559/1405/1383 612/1404/1382 611/1406/1384
f 559/1405/1383 611/1406/1384 610/1407/1385
f 581/1408/1386 580/1409/1387 815/1410/1388
f 815/1410/1388 580/1409/1387 814/1411/1389
f 814/1411/1389 580/1409/1387 811/1412/1390
f 814/1411/1389 811/1412/1390 812/1413/1391
f 580/1409/1387 641/1414/1392 811/1412/1390
f 812/1413/1391 813/1415/1393 814/1411/1389
f 582/1416/1394 581/1417/1395 637/1418/1396
f 637/1418/1396 581/1417/1395 815/1419/1397
f 637/1418/1396 815/1419/1397 638/1420/1398
f 638/1420/1398 815/1419/1397 814/1421/1399
f 638/1420/1398 814/1421/1399 639/1422/1400
f 639/1422/1400 814/1421/1399 813/1423/1401
f 639/1422/1400 813/1423/1401 640/1424/1402
f 637/1418/1396 636/1425/1403 582/1416/1394
f 582/1416/1394 636/1425/1403 583/1426/1404
f 583/1426/1404 636/1425/1403 635/1427/1405
f 583/1426/1404 635/1427/1405 584/1428/1406
f 584/1428/1406 635/1427/1405 585/1429/1407
f 585/1429/1407 635/1427/1405 634/1430/1408
f 585/1429/1407 634/1430/1408 586/1431/1409
f 586/1431/1409 634/1430/1408 633/1432/1410
f 586/1431/1409 633/1432/1410 587/1433/1411
f 587/1433/1411 633/1432/1410 632/1434/1412
f 587/1433/1411 632/1434/1412 588/1435/1413
f 588/1435/1413 632/1434/1412 631/1436/1414
f 588/1435/1413 631/1436/1414 589/1437/1415
f 589/1437/1415 631/1436/1414 630/1438/1416
f 589/1437/1415 630/1438/1416 590/1439/1417
f 590/1439/1417 630/1438/1416 591/1440/1418
f 591/1440/1418 630/1438/1416 629/1441/1419
f 591/1440/1418 629/1441/1419 592/1442/1420
f 592/1442/1420 629/1441/1419 628/1443/1421
f 592/1442/1420 628/1443/1421 593/1444/1422
f 593/1444/1422 628/1443/1421 627/1445/1423
f 593/1444/1422 627/1445/1423 594/1446/1424
f 594/1446/1424 627/1445/1423 626/1447/1425
f 594/1446/1424 626/1447/1425 595/1448/1426
f 595/1448/1426 626/1447/1425 625/1449/1427
f 595/1448/1426 625/1449/1427 596/1450/1428
f 596/1450/1428 625/1449/1427 624/1451/1429
f 596/1450/1428 624/1451/1429 597/1452/1430
f 813/1453/1431 812/1454/1432 640/1455/1433
f 640/1455/1433 812/1454/1432 811/1456/1434
f 640/1455/1433 811/1456/1434 641/1457/1435
f 208/1458/1436 272/1459/1437 185/1460/1438
f 185/1460/1438 272/1459/1437 292/1461/1439
f 185/1460/1438 292/1461/1439 186/1462/1440
f 186/1462/1440 292/1461/1439 187/1463/1441
f 187/1463/1441 292/1461/1439 286/1464/1442
f 187/1463/1441 286/1464/1442 188/1465/1443
f 188/1465/1443 286/1464/1442 189/1466/1444
f 189/1466/1444 286/1464/1442 190/1467/1445
f 190/1467/1445 286/1464/1442 191/1468/1446
f 191/1468/1446 286/1464/1442 192/1469/1447
f 192/1469/1447 286/1464/1442 193/1470/1448
f 193/1470/1448 286/1464/1442 194/1471/1449
f 194/1471/1449 286/1464/1442 282/1472/1450
f 194/1471/1449 282/1472/1450 195/1473/1451
f 195/1473/1451 282/1472/1450 196/1474/1452
f 196/1474/1452 282/1472/1450 197/1475/1453
f 197/1475/1453 282/1472/1450 257/1476/1454
f 197/1475/1453 257/1476/1454 198/1477/1455
f 198/1477/1455 257/1476/1454 199/1478/1456
f 199/1478/1456 257/1476/1454 200/1479/1457
f 200/1479/1457 257/1476/1454 201/1480/1458
f 201/1480/1458 257/1476/1454 274/1481/1459
f 201/1480/1458 274/1481/1459 202/1482/1460
f 202/1482/1460 274/1481/1459 203/1483/1461
f 203/1483/1461 274/1481/1459 204/1484/1462
f 204/1484/1462 274/1481/1459 205/1485/1463
f 205/1485/1463 274/1481/1459 206/1486/1464
f 206/1486/1464 274/1481/1459 207/1487/1465
f 207/1487/1465 274/1481/1459 272/1459/1437
f 207/1487/1465 272/1459/1437 208/1458/1436
f 268/1488/1466 660/1489/1467 272/1459/1437
f 272/1459/1437 660/1489/1467 783/1490/1468
f 272/1459/1437 783/1490/1468 292/1461/1439
f 292/1461/1439 783/1490/1468 296/1491/1469
f 296/1491/1469 783/1490/1468 298/1492/1470
f 298/1492/1470 783/1490/1468 782/1493/1471
f 298/1492/1470 782/1493/1471 281/1494/1472
f 281/1494/1472 782/1493/1471 807/1495/1473
f 281/1494/1472 807/1495/1473 806/1496/1474
f 268/1488/1466 262/1497/1475 660/1489/1467
f 660/1489/1467 262/1497/1475 661/1498/1476
f 661/1498/1476 262/1497/1475 258/1499/1477
f 661/1498/1476 258/1499/1477 257/1476/1454
f 281/1494/1472 806/1496/1474 282/1472/1450
f 282/1472/1450 806/1496/1474 661/1498/1476
f 282/1472/1450 661/1498/1476 257/1476/1454
f 136/1500/1478 278/1501/1479 113/1502/1480
f 113/1502/1480 278/1501/1479 253/1503/1481
f 113/1502/1480 253/1503/1481 114/1504/1482
f 114/1504/1482 253/1503/1481 115/1505/1483
f 115/1505/1483 253/1503/1481 116/1506/1484
f 116/1506/1484 253/1503/1481 117/1507/1485
f 117/1507/1485 253/1503/1481 264/1508/1486
f 117/1507/1485 264/1508/1486 118/1509/1487
f 118/1509/1487 264/1508/1486 119/1510/1488
f 119/1510/1488 264/1508/1486 120/1511/1489
f 120/1511/1489 264/1508/1486 121/1512/1490
f 121/1512/1490 264/1508/1486 122/1513/1491
f 122/1513/1491 264/1508/1486 123/1514/1492
f 123/1514/1492 264/1508/1486 270/1515/1493
f 123/1514/1492 270/1515/1493 124/1516/1494
f 124/1516/1494 270/1515/1493 125/1517/1495
f 125/1517/1495 270/1515/1493 290/1518/1496
f 125/1517/1495 290/1518/1496 126/1519/1497
f 126/1519/1497 290/1518/1496 127/1520/1498
f 127/1520/1498 290/1518/1496 284/1521/1499
f 127/1520/1498 284/1521/1499 128/1522/1500
f 128/1522/1500 284/1521/1499 129/1523/1501
f 129/1523/1501 284/1521/1499 130/1524/1502
f 130/1524/1502 284/1521/1499 131/1525/1503
f 131/1525/1503 284/1521/1499 132/1526/1504
f 132/1526/1504 284/1521/1499 133/1527/1505
f 133/1527/1505 284/1521/1499 134/1528/1506
f 134/1528/1506 284/1521/1499 278/1501/1479
f 134/1528/1506 278/1501/1479 135/1529/1507
f 135/1529/1507 278/1501/1479 136/1500/1478
f 266/1530/1508 576/1531/1509 270/1515/1493
f 270/1515/1493 576/1531/1509 708/1532/1510
f 270/1515/1493 708/1532/1510 290/1518/1496
f 290/1518/1496 708/1532/1510 294/1533/1511
f 294/1533/1511 708/1532/1510 288/1534/1512
f 288/1534/1512 708/1532/1510 707/1535/1513
f 288/1534/1512 707/1535/1513 810/1536/1514
f 810/1536/1514 707/1535/1513 804/1537/1515
f 266/1530/1508 260/1538/1516 576/1531/1509
f 576/1531/1509 260/1538/1516 577/1539/1517
f 577/1539/1517 260/1538/1516 254/1540/1518
f 577/1539/1517 254/1540/1518 253/1503/1481
f 277/1541/1519 810/1536/1514 278/1501/1479
f 278/1501/1479 810/1536/1514 577/1539/1517
f 278/1501/1479 577/1539/1517 253/1503/1481
f 277/1541/1519 288/1534/1512 810/1536/1514
f 610/1542/1520 609/1543/1521 664/1544/1522
f 664/1544/1522 609/1543/1521 608/1545/1523
f 664/1544/1522 608/1545/1523 607/1546/1524
f 112/1547/1525 817/1548/1526 89/1549/1527
f 89/1549/1527 817/1548/1526 818/1550/1528
f 89/1549/1527 818/1550/1528 90/1551/1529
f 90/1551/1529 818/1550/1528 91/1552/1530
f 91/1552/1530 818/1550/1528 92/1553/1531
f 92/1553/1531 818/1550/1528 93/1554/1532
f 93/1554/1532 818/1550/1528 94/1555/1533
f 94/1555/1533 818/1550/1528 95/1556/1534
f 95/1556/1534 818/1550/1528 819/1557/1535
f 95/1556/1534 819/1557/1535 96/1558/1536
f 96/1558/1536 819/1557/1535 97/1559/1537
f 97/1559/1537 819/1557/1535 98/1560/1538
f 98/1560/1538 819/1557/1535 99/1561/1539
f 99/1561/1539 819/1557/1535 100/1562/1540
f 100/1562/1540 819/1557/1535 101/1563/1541
f 101/1563/1541 819/1557/1535 816/1564/1542
f 101/1563/1541 816/1564/1542 102/1565/1543
f 102/1565/1543 816/1564/1542 103/1566/1544
f 103/1566/1544 816/1564/1542 104/1567/1545
f 104/1567/1545 816/1564/1542 105/1568/1546
f 105/1568/1546 816/1564/1542 106/1569/1547
f 106/1569/1547 816/1564/1542 107/1570/1548
f 107/1570/1548 816/1564/1542 817/1548/1526
f 107/1570/1548 817/1548/1526 108/1571/1549
f 108/1571/1549 817/1548/1526 109/1572/1550
f 109/1572/1550 817/1548/1526 110/1573/1551
f 110/1573/1551 817/1548/1526 111/1574/1552
f 111/1574/1552 817/1548/1526 112/1547/1525
f 818/1575/1553 817/1576/1554 614/1577/1555
f 614/1577/1555 817/1576/1554 615/1578/1556
f 615/1579/1557 817/1580/1558 616/1581/1559
f 616/1581/1559 817/1580/1558 816/1582/1560
f 616/1581/1559 816/1582/1560 617/1583/1561
f 617/1583/1561 816/1582/1560 618/1584/1562
f 24/1585/1563 821/1586/1564 1/1587/1565
f 1/1587/1565 821/1586/1564 822/1588/1566
f 1/1587/1565 822/1588/1566 2/1589/1567
f 2/1589/1567 822/1588/1566 3/1590/1568
f 3/1590/1568 822/1588/1566 4/1591/1569
f 4/1591/1569 822/1588/1566 5/1592/1570
f 5/1592/1570 822/1588/1566 6/1593/1571
f 6/1593/1571 822/1588/1566 7/1594/1572
f 7/1594/1572 822/1588/1566 823/1595/1573
f 7/1594/1572 823/1595/1573 8/1596/1574
f 8/1596/1574 823/1595/1573 9/1597/1575
f 9/1597/1575 823/1595/1573 10/1598/1576
f 10/1598/1576 823/1595/1573 11/1599/1577
f 11/1599/1577 823/1595/1573 12/1600/1578
f 12/1600/1578 823/1595/1573 13/1601/1579
f 13/1601/1579 823/1595/1573 820/1602/1580
f 13/1601/1579 820/1602/1580 14/1603/1581
f 14/1603/1581 820/1602/1580 15/1604/1582
f 15/1604/1582 820/1602/1580 16/1605/1583
f 16/1605/1583 820/1602/1580 17/1606/1584
f 17/1606/1584 820/1602/1580 18/1607/1585
f 18/1607/1585 820/1602/1580 19/1608/1586
f 19/1608/1586 820/1602/1580 821/1586/1564
f 19/1608/1586 821/1586/1564 20/1609/1587
f 20/1609/1587 821/1586/1564 21/1610/1588
f 21/1610/1588 821/1586/1564 22/1611/1589
f 22/1611/1589 821/1586/1564 23/1612/1590
f 23/1612/1590 821/1586/1564 24/1585/1563
f 762/1613/1591 761/1614/1592 821/1615/1593
f 821/1615/1593 761/1614/1592 822/1616/1594
f 757/1617/1595 764/1618/1596 820/1619/1597
f 820/1619/1597 764/1618/1596 821/1620/1598
f 821/1620/1598 764/1618/1596 763/1621/1599
f 821/1620/1598 763/1621/1599 762/1622/1600
f 816/1623/1601 819/1624/1602 618/1625/1603
f 618/1625/1603 819/1624/1602 619/1626/1604
f 761/1627/1605 760/1628/1606 822/1629/1607
f 822/1629/1607 760/1628/1606 759/1630/1608
f 822/1629/1607 759/1630/1608 823/1631/1609
f 823/1631/1609 759/1630/1608 758/1632/1610
f 818/1633/1611 621/1634/1612 819/1635/1613
f 819/1635/1613 621/1634/1612 620/1636/1614
f 819/1635/1613 620/1636/1614 619/1637/1615
f 818/1633/1611 614/1638/1616 621/1634/1612
f 758/1639/1617 757/1640/1618 823/1641/1619
f 823/1641/1619 757/1640/1618 820/1642/1620
f 575/1643/1621 646/1644/1622 576/1645/1623
f 576/1645/1623 646/1644/1622 645/1646/1624
f 576/1645/1623 645/1646/1624 798/1647/1625
f 646/1644/1622 575/1643/1621 647/1648/1626
f 647/1648/1626 575/1643/1621 574/1649/1627
f 647/1648/1626 574/1649/1627 648/1650/1628
f 648/1650/1628 574/1649/1627 573/1651/1629
f 648/1650/1628 573/1651/1629 649/1652/1630
f 649/1652/1630 573/1651/1629 572/1653/1631
f 649/1652/1630 572/1653/1631 650/1654/1632
f 650/1654/1632 572/1653/1631 571/1655/1633
f 650/1654/1632 571/1655/1633 651/1656/1634
f 651/1656/1634 571/1655/1633 570/1657/1635
f 651/1656/1634 570/1657/1635 652/1658/1636
f 652/1658/1636 570/1657/1635 653/1659/1637
f 653/1659/1637 570/1657/1635 569/1660/1638
f 653/1659/1637 569/1660/1638 654/1661/1639
f 654/1661/1639 569/1660/1638 568/1662/1640
f 654/1661/1639 568/1662/1640 655/1663/1641
f 655/1663/1641 568/1662/1640 567/1664/1642
f 655/1663/1641 567/1664/1642 656/1665/1643
f 656/1665/1643 567/1664/1642 566/1666/1644
f 656/1665/1643 566/1666/1644 657/1667/1645
f 657/1667/1645 566/1666/1644 565/1668/1646
f 657/1667/1645 565/1668/1646 658/1669/1647
f 658/1669/1647 565/1668/1646 564/1670/1648
f 658/1669/1647 564/1670/1648 659/1671/1649
f 659/1671/1649 564/1670/1648 563/1672/1650
f 659/1671/1649 563/1672/1650 660/1673/1651
f 660/1673/1651 563/1672/1650 721/1674/1652
f 660/1673/1651 721/1674/1652 783/1675/1653
f 783/1675/1653 721/1674/1652 784/1676/1654
f 784/1676/1654 721/1674/1652 720/1677/1655
f 784/1676/1654 720/1677/1655 785/1678/1656
f 785/1678/1656 720/1677/1655 719/1679/1657
f 785/1678/1656 719/1679/1657 786/1680/1658
f 786/1680/1658 719/1679/1657 718/1681/1659
f 786/1680/1658 718/1681/1659 787/1682/1660
f 787/1682/1660 718/1681/1659 717/1683/1661
f 787/1682/1660 717/1683/1661 788/1684/1662
f 788/1684/1662 717/1683/1661 716/1685/1663
f 788/1684/1662 716/1685/1663 789/1686/1664
f 789/1686/1664 716/1685/1663 715/1687/1665
f 789/1686/1664 715/1687/1665 790/1688/1666
f 790/1688/1666 715/1687/1665 714/1689/1667
f 790/1688/1666 714/1689/1667 791/1690/1668
f 791/1690/1668 714/1689/1667 792/1691/1669
f 792/1691/1669 714/1689/1667 713/1692/1670
f 792/1691/1669 713/1692/1670 793/1693/1671
f 793/1693/1671 713/1692/1670 712/1694/1672
f 793/1693/1671 712/1694/1672 794/1695/1673
f 794/1695/1673 712/1694/1672 711/1696/1674
f 794/1695/1673 711/1696/1674 795/1697/1675
f 795/1697/1675 711/1696/1674 710/1698/1676
f 795/1697/1675 710/1698/1676 796/1699/1677
f 796/1699/1677 710/1698/1676 709/1700/1678
f 796/1699/1677 709/1700/1678 797/1701/1679
f 797/1701/1679 709/1700/1678 708/1702/1680
f 797/1701/1679 708/1702/1680 798/1647/1625
f 798/1647/1625 708/1702/1680 576/1645/1623
g Body2

v -4.194400 -0.664570 5.299408
v -4.194400 -0.789809 5.299408
v -4.394400 -0.789809 5.299408
v -4.394400 -0.664570 5.299408
v -4.194400 -0.789809 5.479763
v -4.394400 -0.789809 5.479763
vt 0.000000 0.200000 0.000000
vt -0.125239 0.200000 0.000000
vt -0.000000 0.000000 0.000000
vt -0.125239 0.000000 0.000000
vt -0.000000 0.200000 0.000000
vt -0.219574 0.200000 0.000000
vt -0.000000 0.000000 0.000000
vt -0.219574 -0.000000 0.000000
vt -0.000000 0.200000 0.000000
vt -0.180355 0.200000 0.000000
vt -0.000000 0.000000 0.000000
vt -0.180355 0.000000 0.000000
vt -0.140905 0.319364 0.000000
vt -0.266262 0.139092 0.000000
vt -0.141023 0.139010 0.000000
vt 0.266262 0.139092 0.000000
vt 0.140905 0.319364 0.000000
vt 0.141023 0.139010 0.000000
vn -0.000000 -0.000000 -1.000000
vn -0.000000 -0.000000 -1.000000
vn -0.000000 -0.000000 -1.000000
vn -0.000000 -0.000000 -1.000000
vn 0.000000 0.821386 0.570373
vn 0.000000 0.821386 0.570373
vn 0.000000 0.821386 0.570373
vn 0.000000 0.821386 0.570373
vn 0.000000 -1.000000 0.000000
vn 0.000000 -1.000000 0.000000
vn 0.000000 -1.000000 0.000000
vn 0.000000 -1.000000 0.000000
vn -1.000000 0.000000 -0.000000
vn -1.000000 0.000000 -0.000000
vn -1.000000 0.000000 -0.000000
vn 1.000000 -0.000000 0.000000
vn 1.000000 -0.000000 0.000000
vn 1.000000 -0.000000 0.000000
usemtl Steel_-_Satin
f 824/1703/1681 825/1704/1682 827/1705/1683
f 827/1705/1683 825/1704/1682 826/1706/1684
f 828/1707/1685 824/1708/1686 829/1709/1687
f 829/1709/1687 824/1708/1686 827/1710/1688
f 825/1711/1689 828/1712/1690 826/1713/1691
f 826/1713/1691 828/1712/1690 829/1714/1692
f 829/1715/1693 827/1716/1694 826/1717/1695
f 824/1718/1696 828/1719/1697 825/1720/1698
g Body3

v -3.543972 -0.866924 3.632059
v -3.505149 -0.866920 3.637170
v -3.468972 -0.866911 3.652155
v -3.437906 -0.866895 3.675993
v -3.414068 -0.866875 3.707059
v -3.399083 -0.866851 3.743236
v -3.393972 -0.866825 3.782059
v -3.399083 -0.866800 3.820882
v -3.414068 -0.866776 3.857059
v -3.437906 -0.866756 3.888125
v -3.468972 -0.866740 3.911963
v -3.505149 -0.866731 3.926948
v -3.543972 -0.866727 3.932059
v -3.582795 -0.866731 3.926948
v -3.618972 -0.866740 3.911963
v -3.650038 -0.866756 3.888125
v -3.673876 -0.866776 3.857059
v -3.688861 -0.866800 3.820882
v -3.693972 -0.866825 3.782059
v -3.688861 -0.866851 3.743236
v -3.673876 -0.866875 3.707059
v -3.650038 -0.866895 3.675993
v -3.618972 -0.866911 3.652155
v -3.582795 -0.866920 3.637170
v -3.543972 -0.776696 3.782000
v -3.543972 -1.766924 3.632649
v -3.505149 -1.766920 3.637760
v -3.468972 -1.766910 3.652745
v -3.437906 -1.766895 3.676583
v -3.414068 -1.766874 3.707649
v -3.399083 -1.766851 3.743826
v -3.393972 -1.766825 3.782649
v -3.399083 -1.766800 3.821472
v -3.414068 -1.766776 3.857649
v -3.437906 -1.766756 3.888715
v -3.468972 -1.766740 3.912553
v -3.505149 -1.766730 3.927538
v -3.543972 -1.766727 3.932649
v -3.582795 -1.766730 3.927538
v -3.618972 -1.766740 3.912553
v -3.650038 -1.766756 3.888715
v -3.673876 -1.766776 3.857649
v -3.688861 -1.766800 3.821472
v -3.693972 -1.766825 3.782649
v -3.688861 -1.766851 3.743826
v -3.673876 -1.766874 3.707649
v -3.650038 -1.766895 3.676583
v -3.618972 -1.766910 3.652745
v -3.582795 -1.766920 3.637760
v -3.543404 -0.865108 6.403869
v -3.504581 -0.865104 6.408980
v -3.468404 -0.865095 6.423965
v -3.437338 -0.865079 6.447803
v -3.413500 -0.865059 6.478869
v -3.398515 -0.865035 6.515046
v -3.393404 -0.865010 6.553869
v -3.398515 -0.864984 6.592692
v -3.413500 -0.864960 6.628869
v -3.437338 -0.864940 6.659935
v -3.468404 -0.864924 6.683773
v -3.504581 -0.864915 6.698758
v -3.543404 -0.864911 6.703869
v -3.582227 -0.864915 6.698758
v -3.618404 -0.864924 6.683773
v -3.649470 -0.864940 6.659935
v -3.673308 -0.864960 6.628869
v -3.688293 -0.864984 6.592692
v -3.693404 -0.865010 6.553869
v -3.688293 -0.865035 6.515046
v -3.673308 -0.865059 6.478869
v -3.649470 -0.865079 6.447803
v -3.618404 -0.865095 6.423965
v -3.582227 -0.865104 6.408980
v -3.543404 -0.774880 6.553810
v -3.543404 -1.765108 6.404459
v -3.504581 -1.765104 6.409570
v -3.468404 -1.765094 6.424555
v -3.437338 -1.765079 6.448393
v -3.413500 -1.765058 6.479459
v -3.398515 -1.765035 6.515636
v -3.393404 -1.765009 6.554459
v -3.398515 -1.764984 6.593282
v -3.413500 -1.764960 6.629459
v -3.437338 -1.764940 6.660525
v -3.468404 -1.764924 6.684363
v -3.504581 -1.764914 6.699348
v -3.543404 -1.764911 6.704459
v -3.582227 -1.764914 6.699348
v -3.618404 -1.764924 6.684363
v -3.649470 -1.764940 6.660525
v -3.673308 -1.764960 6.629459
v -3.688293 -1.764984 6.593282
v -3.693404 -1.765009 6.554459
v -3.688293 -1.765035 6.515636
v -3.673308 -1.765058 6.479459
v -3.649470 -1.765079 6.448393
v -3.618404 -1.765094 6.424555
v -3.582227 -1.765104 6.409570
v -2.934400 0.382752 6.334630
v -2.934400 0.382752 6.834958
v -2.934400 -0.117248 6.834958
v -2.934400 -1.764825 6.836037
v -2.934400 -1.765152 6.336037
v -4.194400 -1.765152 6.336037
v -4.194400 0.382752 6.334630
v -4.394400 -0.117248 6.834958
v -4.394400 -1.764825 6.836037
v -3.744399 -0.117248 3.484957
v -3.744399 -0.492913 3.485203
v -3.744399 -0.492586 3.985203
v -3.744399 -0.117248 3.984957
v -3.744399 0.382752 3.984957
v -3.744399 0.382752 3.484957
v -3.957239 -0.492844 3.590388
v -4.149788 -0.492844 3.590388
v -4.149788 -0.492586 3.985203
v -3.957239 -0.492913 3.485203
v -4.149788 0.382752 3.590388
v -4.149788 0.382752 3.984957
v -4.149788 -0.117248 3.984957
v -2.934400 -0.117248 3.984957
v -2.934400 -1.766692 3.986038
v -2.934400 -1.767020 3.486038
v -2.934400 -0.117248 3.484957
v -2.934400 0.382752 3.484957
v -2.934400 0.382752 3.984957
v -3.957239 -1.767020 3.486038
v -4.394400 0.382752 6.834958
v -4.394400 -1.766951 3.590388
v -3.957239 -1.766951 3.590388
v -4.194400 -1.766692 3.986038
v -4.394400 0.382752 3.590388
v -4.194400 -0.117248 3.984957
v -4.194400 0.382752 3.984957
v -4.194400 -0.186261 5.158617
v -4.194400 -0.186261 5.511413
v -4.194400 -0.318594 5.511413
v -4.194400 -0.318594 5.558617
v -4.194400 -0.001541 5.558617
v -4.194400 -0.001541 5.511413
v -4.194400 -0.133328 5.511413
v -4.194400 -0.133328 5.158617
v -4.194400 -0.492946 5.158617
v -4.194400 -0.602633 5.448385
v -4.194400 -0.552155 5.448385
v -4.194400 -0.487762 5.271577
v -4.194400 -0.469481 5.216461
v -4.194400 -0.450927 5.274851
v -4.194400 -0.388717 5.448385
v -4.194400 -0.336875 5.448385
v -4.194400 -0.447107 5.158617
v -4.194400 -0.838922 5.158617
v -4.194400 -0.838922 5.254387
v -4.194400 -0.892946 5.254387
v -4.194400 -0.892946 5.299408
v -4.194400 -0.838922 5.299408
v -4.194400 -0.838922 5.558617
v -4.194400 -0.798813 5.558617
v -4.194400 -0.616275 5.299408
v -4.194400 -0.616275 5.254387
v -4.194400 -0.789809 5.254387
v -4.194400 -0.789809 5.158617
v -4.394400 -0.186261 5.511413
v -4.394400 -0.186261 5.158617
v -4.394400 -0.133328 5.158617
v -4.394400 -0.133328 5.511413
v -4.394400 -0.001541 5.511413
v -4.394400 -0.001541 5.558617
v -4.394400 -0.318594 5.558617
v -4.394400 -0.318594 5.511413
v -4.394400 -0.602633 5.448385
v -4.394400 -0.492946 5.158617
v -4.394400 -0.447107 5.158617
v -4.394400 -0.336875 5.448385
v -4.394400 -0.388717 5.448385
v -4.394400 -0.450927 5.274851
v -4.394400 -0.455931 5.260370
v -4.394400 -0.460733 5.245824
v -4.394400 -0.465205 5.231174
v -4.394400 -0.469481 5.216461
v -4.394400 -0.473714 5.230351
v -4.394400 -0.478145 5.244176
v -4.394400 -0.482871 5.257904
v -4.394400 -0.487762 5.271577
v -4.394400 -0.552155 5.448385
v -4.394400 -0.838922 5.254387
v -4.394400 -0.838922 5.158617
v -4.394400 -0.789809 5.158617
v -4.394400 -0.789809 5.254387
v -4.394400 -0.616275 5.254387
v -4.394400 -0.616275 5.299408
v -4.394400 -0.798813 5.558617
v -4.394400 -0.838922 5.558617
v -4.394400 -0.838922 5.299408
v -4.394400 -0.892946 5.299408
v -4.394400 -0.892946 5.254387
vt -0.087498 -0.019635 0.000000
vt 0.087498 -0.019635 0.000000
vt -0.087498 0.000000 0.000000
vt -0.087498 -0.058905 0.000000
vt 0.087498 -0.058905 0.000000
vt -0.087498 -0.039270 0.000000
vt -0.087498 -0.098175 0.000000
vt 0.087498 -0.098175 0.000000
vt -0.087498 -0.078540 0.000000
vt -0.087498 -0.137445 0.000000
vt 0.087498 -0.137445 0.000000
vt -0.087498 -0.117810 0.000000
vt -0.087498 -0.176715 0.000000
vt 0.087498 -0.176715 0.000000
vt -0.087498 -0.157080 0.000000
vt -0.087498 -0.215984 0.000000
vt 0.087498 -0.215984 0.000000
vt -0.087498 -0.196350 0.000000
vt -0.087498 0.215984 0.000000
vt 0.087498 0.215984 0.000000
vt -0.087498 0.235619 0.000000
vt -0.087498 0.176715 0.000000
vt 0.087498 0.176715 0.000000
vt -0.087498 0.196350 0.000000
vt -0.087498 0.137445 0.000000
vt 0.087498 0.137445 0.000000
vt -0.087498 0.157080 0.000000
vt -0.087498 0.098175 0.000000
vt 0.087498 0.098175 0.000000
vt -0.087498 0.117810 0.000000
vt -0.087498 0.058905 0.000000
vt 0.087498 0.058905 0.000000
vt -0.087498 0.078540 0.000000
vt -0.087498 0.019635 0.000000
vt 0.087498 0.019635 0.000000
vt -0.087498 0.039270 0.000000
vt -0.087498 -0.235619 0.000000
vt 0.087498 -0.235619 0.000000
vt 0.087498 -0.078540 0.000000
vt 0.087498 0.078540 0.000000
vt 0.087498 -0.196350 0.000000
vt 0.087498 -0.157080 0.000000
vt 0.087498 -0.117810 0.000000
vt 0.087498 -0.039270 0.000000
vt 0.087498 0.000000 0.000000
vt 0.087498 0.039270 0.000000
vt 0.087498 0.117810 0.000000
vt 0.087498 0.157080 0.000000
vt 0.087498 0.196350 0.000000
vt -0.450000 -0.039270 0.000000
vt 0.450000 -0.039270 0.000000
vt -0.450000 0.000000 0.000000
vt 0.450000 0.000000 0.000000
vt -0.450000 0.039270 0.000000
vt 0.450000 0.039270 0.000000
vt -0.450000 0.078540 0.000000
vt 0.450000 0.078540 0.000000
vt -0.450000 0.117810 0.000000
vt 0.450000 0.117810 0.000000
vt -0.450000 0.157080 0.000000
vt 0.450000 0.157080 0.000000
vt -0.450000 0.196350 0.000000
vt 0.450000 0.196350 0.000000
vt -0.450000 0.235619 0.000000
vt 0.450000 0.235619 0.000000
vt -0.450000 0.274889 0.000000
vt 0.450000 0.274889 0.000000
vt -0.450000 0.314159 0.000000
vt 0.450000 0.314159 0.000000
vt -0.450000 0.353429 0.000000
vt 0.450000 0.353429 0.000000
vt -0.450000 0.392699 0.000000
vt 0.450000 0.392699 0.000000
vt -0.450000 0.431969 0.000000
vt 0.450000 0.431969 0.000000
vt -0.450000 0.471239 0.000000
vt 0.450000 0.471239 0.000000
vt -0.450000 -0.471239 0.000000
vt 0.450000 -0.471239 0.000000
vt -0.450000 -0.431969 0.000000
vt 0.450000 -0.431969 0.000000
vt -0.450000 -0.392699 0.000000
vt 0.450000 -0.392699 0.000000
vt -0.450000 -0.353429 0.000000
vt 0.450000 -0.353429 0.000000
vt -0.450000 -0.314159 0.000000
vt 0.450000 -0.314159 0.000000
vt -0.450000 -0.274889 0.000000
vt 0.450000 -0.274889 0.000000
vt -0.450000 -0.235619 0.000000
vt 0.450000 -0.235619 0.000000
vt -0.450000 -0.196350 0.000000
vt 0.450000 -0.196350 0.000000
vt -0.450000 -0.157080 0.000000
vt 0.450000 -0.157080 0.000000
vt -0.450000 -0.117810 0.000000
vt 0.450000 -0.117810 0.000000
vt -0.450000 -0.078540 0.000000
vt 0.450000 -0.078540 0.000000
vt -0.087498 -0.019635 0.000000
vt 0.087498 -0.019635 0.000000
vt -0.087498 0.000000 0.000000
vt -0.087498 -0.058905 0.000000
vt 0.087498 -0.058905 0.000000
vt -0.087498 -0.039270 0.000000
vt -0.087498 -0.098175 0.000000
vt 0.087498 -0.098175 0.000000
vt -0.087498 -0.078540 0.000000
vt -0.087498 -0.137445 0.000000
vt 0.087498 -0.137445 0.000000
vt -0.087498 -0.117810 0.000000
vt -0.087498 -0.176715 0.000000
vt 0.087498 -0.176715 0.000000
vt -0.087498 -0.157080 0.000000
vt -0.087498 -0.215984 0.000000
vt 0.087498 -0.215984 0.000000
vt -0.087498 -0.196350 0.000000
vt -0.087498 0.215984 0.000000
vt 0.087498 0.215984 0.000000
vt -0.087498 0.235619 0.000000
vt -0.087498 0.176715 0.000000
vt 0.087498 0.176715 0.000000
vt -0.087498 0.196350 0.000000
vt -0.087498 0.137445 0.000000
vt 0.087498 0.137445 0.000000
vt -0.087498 0.157080 0.000000
vt -0.087498 0.098175 0.000000
vt 0.087498 0.098175 0.000000
vt -0.087498 0.117810 0.000000
vt -0.087498 0.058905 0.000000
vt 0.087498 0.058905 0.000000
vt -0.087498 0.078540 0.000000
vt -0.087498 0.019635 0.000000
vt 0.087498 0.019635 0.000000
vt -0.087498 0.039270 0.000000
vt -0.087498 -0.235619 0.000000
vt 0.087498 -0.235619 0.000000
vt 0.087498 -0.078540 0.000000
vt 0.087498 0.078540 0.000000
vt 0.087498 -0.196350 0.000000
vt 0.087498 -0.157080 0.000000
vt 0.087498 -0.117810 0.000000
vt 0.087498 -0.039270 0.000000
vt 0.087498 0.000000 0.000000
vt 0.087498 0.039270 0.000000
vt 0.087498 0.117810 0.000000
vt 0.087498 0.157080 0.000000
vt 0.087498 0.196350 0.000000
vt -0.450000 -0.039270 0.000000
vt 0.450000 -0.039270 0.000000
vt -0.450000 0.000000 0.000000
vt 0.450000 0.000000 0.000000
vt -0.450000 0.039270 0.000000
vt 0.450000 0.039270 0.000000
vt -0.450000 0.078540 0.000000
vt 0.450000 0.078540 0.000000
vt -0.450000 0.117810 0.000000
vt 0.450000 0.117810 0.000000
vt -0.450000 0.157080 0.000000
vt 0.450000 0.157080 0.000000
vt -0.450000 0.196350 0.000000
vt 0.450000 0.196350 0.000000
vt -0.450000 0.235619 0.000000
vt 0.450000 0.235619 0.000000
vt -0.450000 0.274889 0.000000
vt 0.450000 0.274889 0.000000
vt -0.450000 0.314159 0.000000
vt 0.450000 0.314159 0.000000
vt -0.450000 0.353429 0.000000
vt 0.450000 0.353429 0.000000
vt -0.450000 0.392699 0.000000
vt 0.450000 0.392699 0.000000
vt -0.450000 0.431969 0.000000
vt 0.450000 0.431969 0.000000
vt -0.450000 0.471239 0.000000
vt 0.450000 0.471239 0.000000
vt -0.450000 -0.471239 0.000000
vt 0.450000 -0.471239 0.000000
vt -0.450000 -0.431969 0.000000
vt 0.450000 -0.431969 0.000000
vt -0.450000 -0.392699 0.000000
vt 0.450000 -0.392699 0.000000
vt -0.450000 -0.353429 0.000000
vt 0.450000 -0.353429 0.000000
vt -0.450000 -0.314159 0.000000
vt 0.450000 -0.314159 0.000000
vt -0.450000 -0.274889 0.000000
vt 0.450000 -0.274889 0.000000
vt -0.450000 -0.235619 0.000000
vt 0.450000 -0.235619 0.000000
vt -0.450000 -0.196350 0.000000
vt 0.450000 -0.196350 0.000000
vt -0.450000 -0.157080 0.000000
vt 0.450000 -0.157080 0.000000
vt -0.450000 -0.117810 0.000000
vt 0.450000 -0.117810 0.000000
vt -0.450000 -0.078540 0.000000
vt 0.450000 -0.078540 0.000000
vt 1.312577 0.450328 0.000000
vt 0.812577 0.450000 0.000000
vt 1.312905 -0.050000 0.000000
vt -0.835000 -0.050000 0.000000
vt -0.835000 0.450000 0.000000
vt 2.147905 1.260000 0.000000
vt 0.000000 1.260000 0.000000
vt 2.147905 -0.000000 0.000000
vt 0.000000 0.000000 0.000000
vt 1.460000 -0.022423 0.000000
vt 0.000000 -0.022423 0.000000
vt 1.460000 -1.670000 0.000000
vt 0.000000 -1.670000 0.000000
vt -0.875665 1.550325 0.000000
vt -0.375665 1.549997 0.000000
vt -0.375338 2.049997 0.000000
vt -0.000000 1.549997 0.000000
vt 0.000000 2.049997 0.000000
vt -0.875338 2.050325 0.000000
vt 0.000000 1.655182 0.000000
vt 0.000000 2.049997 0.000000
vt -0.192549 1.655182 0.000000
vt -0.405389 2.049997 0.000000
vt -0.405389 1.549997 0.000000
vt -0.192549 1.549997 0.000000
vt -0.175894 2.049997 0.000000
vt -0.175894 1.655182 0.000000
vt 0.199443 2.049997 0.000000
vt 0.699702 1.655756 0.000000
vt 0.699443 2.050325 0.000000
vt -0.835000 0.050000 0.000000
vt -0.835000 -0.450000 0.000000
vt 0.814445 0.050000 0.000000
vt 0.814772 -0.450000 0.000000
vt 1.314772 -0.449672 0.000000
vt 1.314445 0.050328 0.000000
vt -0.650001 1.649772 0.000000
vt -1.460000 1.649772 0.000000
vt -0.650001 1.274107 0.000000
vt -1.460000 -0.000000 0.000000
vt -0.437161 -0.000000 0.000000
vt -0.437161 1.274107 0.000000
vt 0.000000 0.000000 0.000000
vt 1.460000 -0.000000 0.000000
vt 0.000000 0.500000 0.000000
vt 1.460000 0.500000 0.000000
vt 2.798278 0.811605 0.000000
vt 2.950000 0.437161 0.000000
vt 2.803389 0.850428 0.000000
vt 2.950000 1.460000 0.000000
vt 2.798278 0.889251 0.000000
vt 2.783293 0.925428 0.000000
vt 2.759455 0.956494 0.000000
vt 2.728389 0.980332 0.000000
vt 2.692212 0.995317 0.000000
vt 2.653389 1.000428 0.000000
vt 2.450000 1.460000 0.000000
vt 2.614566 0.995317 0.000000
vt 2.578389 0.980332 0.000000
vt 2.547323 0.956494 0.000000
vt 2.523485 0.925428 0.000000
vt 2.508500 0.889251 0.000000
vt 2.503389 0.850428 0.000000
vt 2.450000 0.200000 0.000000
vt 2.508500 0.811605 0.000000
vt 2.523485 0.775428 0.000000
vt 2.547323 0.744362 0.000000
vt 2.578389 0.720524 0.000000
vt 2.614566 0.705539 0.000000
vt 2.845650 0.437161 0.000000
vt 2.653389 0.700428 0.000000
vt 2.692212 0.705539 0.000000
vt 2.728389 0.720524 0.000000
vt 2.759455 0.744362 0.000000
vt 2.783293 0.775428 0.000000
vt 0.026467 0.812173 0.000000
vt 0.100000 0.200000 0.000000
vt 0.031579 0.850996 0.000000
vt 0.100000 1.460000 0.000000
vt 0.026467 0.889819 0.000000
vt 0.011482 0.925996 0.000000
vt -0.012355 0.957062 0.000000
vt -0.043421 0.980900 0.000000
vt -0.079599 0.995885 0.000000
vt -0.118421 1.000996 0.000000
vt -0.400000 1.460000 0.000000
vt -0.157244 0.995885 0.000000
vt -0.193421 0.980900 0.000000
vt -0.224487 0.957062 0.000000
vt -0.248325 0.925996 0.000000
vt -0.263310 0.889819 0.000000
vt -0.268421 0.850996 0.000000
vt -0.400000 0.000000 0.000000
vt -0.263310 0.812173 0.000000
vt -0.248325 0.775996 0.000000
vt -0.224487 0.744930 0.000000
vt -0.193421 0.721092 0.000000
vt -0.157244 0.706107 0.000000
vt -0.118421 0.700996 0.000000
vt -0.079599 0.706107 0.000000
vt -0.043421 0.721092 0.000000
vt -0.012355 0.744930 0.000000
vt 0.011482 0.775996 0.000000
vt 2.845650 -0.000000 0.000000
vt 0.809999 0.500000 0.000000
vt -0.000000 0.500000 0.000000
vt 0.809999 0.000000 0.000000
vt -0.000000 0.000000 0.000000
vt -2.223265 0.105185 0.000000
vt -3.497371 0.104350 0.000000
vt -2.223196 0.000000 0.000000
vt -3.497303 0.000000 0.000000
vt 5.219887 1.178025 0.000000
vt 5.219887 0.302428 0.000000
vt 5.464499 1.178025 0.000000
vt 5.464499 -0.971679 0.000000
vt 5.027338 -0.971679 0.000000
vt 5.027338 0.302428 0.000000
vt 0.020555 0.450001 0.000000
vt 0.395893 0.450001 0.000000
vt 0.020555 1.260000 0.000000
vt 1.670000 1.260000 0.000000
vt 1.670000 -0.000000 0.000000
vt 0.395893 0.044612 0.000000
vt 0.020555 0.000000 0.000000
vt 0.020555 0.044612 0.000000
vt -1.675000 -0.079999 0.000000
vt -1.175000 -0.079999 0.000000
vt -1.675000 0.730000 0.000000
vt -1.175000 0.730000 0.000000
vt 0.450001 0.500000 0.000000
vt 0.450001 -0.000000 0.000000
vt 1.260000 0.500000 0.000000
vt 1.260000 -0.000000 0.000000
vt 0.044612 0.500000 0.000000
vt 0.000000 0.500000 0.000000
vt 0.044612 0.000000 0.000000
vt 0.000000 0.000000 0.000000
vt 1.174673 0.730000 0.000000
vt 1.174673 -0.530000 0.000000
vt 1.675000 0.730000 0.000000
vt 1.675000 -0.730000 0.000000
vt -1.569570 -0.730000 0.000000
vt -1.175000 -0.530000 0.000000
vt -1.569570 -0.485388 0.000000
vt -1.175000 -0.485388 0.000000
vt -0.835000 1.175000 0.000000
vt 0.131849 0.398212 0.000000
vt 1.312905 1.175000 0.000000
vt 0.612067 0.398527 0.000000
vt 0.929120 0.398735 0.000000
vt -0.835000 -1.175000 0.000000
vt 0.037915 0.093922 0.000000
vt 0.037885 0.138942 0.000000
vt 0.091740 0.398186 0.000000
vt 0.091910 0.138977 0.000000
vt 0.092002 -0.001814 0.000000
vt 0.814445 -1.175000 0.000000
vt 0.141115 -0.001782 0.000000
vt 0.437977 -0.001587 0.000000
vt 0.314586 0.094103 0.000000
vt 0.314556 0.139123 0.000000
vt 0.328101 0.288109 0.000000
vt 0.378579 0.288142 0.000000
vt 0.542017 0.288249 0.000000
vt 0.612098 0.351324 0.000000
vt 0.593858 0.288283 0.000000
vt 0.744431 0.351410 0.000000
vt 0.744662 -0.001386 0.000000
vt 0.483816 -0.001557 0.000000
vt 0.797595 -0.001352 0.000000
vt 1.314445 -1.174672 0.000000
vt 0.929151 0.351531 0.000000
vt 0.797364 0.351445 0.000000
vt 0.479920 0.114675 0.000000
vt 0.443087 0.111377 0.000000
vt 0.461404 0.056273 0.000000
vt 0.091939 0.093957 0.000000
vt 0.141052 0.093989 0.000000
vt 0.835000 -1.570650 0.000000
vt -0.141115 -0.001782 0.000000
vt -1.314703 -1.569242 0.000000
vt -0.437977 -0.001587 0.000000
vt -0.483816 -0.001557 0.000000
vt 0.835000 1.675000 0.000000
vt -0.037915 0.093922 0.000000
vt -0.092002 -0.001814 0.000000
vt -0.812577 1.675000 0.000000
vt -0.091740 0.398186 0.000000
vt -0.037885 0.138942 0.000000
vt -1.312577 1.675328 0.000000
vt -0.929120 0.398735 0.000000
vt -0.612067 0.398527 0.000000
vt -0.378579 0.288142 0.000000
vt -0.542017 0.288249 0.000000
vt -0.479920 0.114675 0.000000
vt -0.929151 0.351531 0.000000
vt -0.797595 -0.001352 0.000000
vt -0.744662 -0.001386 0.000000
vt -0.593858 0.288283 0.000000
vt -0.612098 0.351324 0.000000
vt -0.744431 0.351410 0.000000
vt -0.797364 0.351445 0.000000
vt -0.314556 0.139123 0.000000
vt -0.328101 0.288109 0.000000
vt -0.131849 0.398212 0.000000
vt -0.443087 0.111377 0.000000
vt -0.474926 0.100190 0.000000
vt -0.447987 0.097707 0.000000
vt -0.470133 0.085642 0.000000
vt -0.452723 0.083982 0.000000
vt -0.465671 0.070988 0.000000
vt -0.457162 0.070160 0.000000
vt -0.461404 0.056273 0.000000
vt -0.091939 0.093957 0.000000
vt -0.141052 0.093989 0.000000
vt -0.314586 0.094103 0.000000
vt -0.091910 0.138977 0.000000
vt 0.000000 0.200000 0.000000
vt -0.317053 0.200000 0.000000
vt -0.000000 0.000000 0.000000
vt -0.317053 0.000000 0.000000
vt -0.000000 0.200000 0.000000
vt -0.047203 0.200000 0.000000
vt -0.000000 0.000000 0.000000
vt -0.047203 0.000000 0.000000
vt -0.000000 0.200000 0.000000
vt -0.132333 0.200000 0.000000
vt -0.000000 0.000000 0.000000
vt -0.132333 -0.000000 0.000000
vt -0.000000 0.200000 0.000000
vt -0.352797 0.200000 0.000000
vt -0.000000 -0.000000 0.000000
vt -0.352797 0.000000 0.000000
vt -0.000000 0.200000 0.000000
vt -0.052933 0.200000 0.000000
vt -0.000000 0.000000 0.000000
vt -0.052933 -0.000000 0.000000
vt -0.000000 0.200000 0.000000
vt -0.352797 0.200000 0.000000
vt -0.000000 0.000000 0.000000
vt -0.352797 -0.000000 0.000000
vt -0.000000 0.200000 0.000000
vt -0.131787 0.200000 0.000000
vt -0.000000 0.000000 0.000000
vt -0.131787 -0.000000 0.000000
vt -0.000000 0.200000 0.000000
vt -0.047203 0.200000 0.000000
vt -0.000000 0.000000 0.000000
vt -0.047203 -0.000000 0.000000
vt -0.061267 0.200000 0.000000
vt -0.030634 0.000000 0.000000
vt -0.000000 0.200000 0.000000
vt -0.015317 0.000000 0.000000
vt -0.000000 0.000000 0.000000
vt -0.061267 0.000000 0.000000
vt -0.045950 0.000000 0.000000
vt -0.058069 0.200000 0.000000
vt -0.029034 0.000000 0.000000
vt -0.000000 0.200000 0.000000
vt -0.014517 0.000000 0.000000
vt -0.000000 0.000000 0.000000
vt -0.058069 0.000000 0.000000
vt -0.043552 0.000000 0.000000
vt 0.000000 0.200000 0.000000
vt -0.188169 0.200000 0.000000
vt -0.000000 0.000000 0.000000
vt -0.188169 0.000000 0.000000
vt 0.000000 0.200000 0.000000
vt -0.050478 0.200000 0.000000
vt -0.000000 0.000000 0.000000
vt -0.050478 0.000000 0.000000
vt -0.000000 0.200000 0.000000
vt -0.309833 0.200000 0.000000
vt -0.000000 0.000000 0.000000
vt -0.309833 -0.000000 0.000000
vt -0.000000 0.200000 0.000000
vt -0.045839 0.200000 0.000000
vt -0.000000 0.000000 0.000000
vt -0.045839 -0.000000 0.000000
vt -0.000000 0.200000 0.000000
vt -0.310027 0.200000 0.000000
vt -0.000000 0.000000 0.000000
vt -0.310027 -0.000000 0.000000
vt 0.000000 0.200000 0.000000
vt -0.051842 0.200000 0.000000
vt -0.000000 0.000000 0.000000
vt -0.051842 0.000000 0.000000
vt 0.000000 0.200000 0.000000
vt -0.184347 0.200000 0.000000
vt 0.000000 0.000000 0.000000
vt -0.184347 0.000000 0.000000
vt 0.000000 0.200000 0.000000
vt -0.040109 0.200000 0.000000
vt -0.000000 0.000000 0.000000
vt -0.040109 0.000000 0.000000
vt -0.000000 0.200000 0.000000
vt -0.259209 0.200000 0.000000
vt -0.000000 0.000000 0.000000
vt -0.259209 -0.000000 0.000000
vt 0.000000 0.200000 0.000000
vt -0.054025 0.200000 0.000000
vt -0.000000 0.000000 0.000000
vt -0.054025 0.000000 0.000000
vt -0.000000 0.200000 0.000000
vt -0.045020 0.200000 0.000000
vt -0.000000 0.000000 0.000000
vt -0.045020 0.000000 0.000000
vt -0.000000 0.200000 0.000000
vt -0.054025 0.200000 0.000000
vt -0.000000 0.000000 0.000000
vt -0.054025 -0.000000 0.000000
vt -0.000000 0.200000 0.000000
vt -0.095771 0.200000 0.000000
vt -0.000000 0.000000 0.000000
vt -0.095771 0.000000 0.000000
vt -0.000000 0.200000 0.000000
vt -0.049113 0.200000 0.000000
vt -0.000000 0.000000 0.000000
vt -0.049113 -0.000000 0.000000
vt -0.000000 0.200000 0.000000
vt -0.095771 0.200000 0.000000
vt -0.000000 0.000000 0.000000
vt -0.095771 -0.000000 0.000000
vt -0.000000 0.200000 0.000000
vt -0.173533 0.200000 0.000000
vt -0.000000 0.000000 0.000000
vt -0.173533 -0.000000 0.000000
vt -0.000000 0.200000 0.000000
vt -0.045020 0.200000 0.000000
vt -0.000000 0.000000 0.000000
vt -0.045020 -0.000000 0.000000
vt 0.000000 0.200000 0.000000
vt -0.317032 0.200000 0.000000
vt -0.000000 0.000000 0.000000
vt -0.317032 0.000000 0.000000
vn -0.133302 -0.856841 0.498050
vn -0.133302 -0.856841 0.498050
vn -0.000000 -0.856830 0.515600
vn -0.364187 -0.856929 0.364748
vn -0.364187 -0.856929 0.364748
vn -0.257519 -0.856875 0.446598
vn -0.497489 -0.857080 0.133863
vn -0.497489 -0.857080 0.133863
vn -0.446036 -0.856998 0.258081
vn -0.497489 -0.857254 -0.132740
vn -0.497489 -0.857254 -0.132740
vn -0.515038 -0.857167 0.000562
vn -0.364187 -0.857406 -0.363625
vn -0.364187 -0.857406 -0.363625
vn -0.446036 -0.857336 -0.256957
vn -0.133302 -0.857493 -0.496927
vn -0.133302 -0.857493 -0.496927
vn -0.257519 -0.857459 -0.445474
vn 0.133302 -0.857493 -0.496927
vn 0.133302 -0.857493 -0.496927
vn -0.000000 -0.857505 -0.514476
vn 0.364187 -0.857406 -0.363625
vn 0.364187 -0.857406 -0.363625
vn 0.257519 -0.857459 -0.445474
vn 0.497489 -0.857254 -0.132740
vn 0.497489 -0.857254 -0.132740
vn 0.446036 -0.857336 -0.256957
vn 0.497489 -0.857080 0.133863
vn 0.497489 -0.857080 0.133863
vn 0.515038 -0.857167 0.000562
vn 0.364187 -0.856929 0.364748
vn 0.364187 -0.856929 0.364748
vn 0.446036 -0.856998 0.258081
vn 0.133302 -0.856841 0.498050
vn 0.133302 -0.856841 0.498050
vn 0.257519 -0.856875 0.446598
vn -0.000000 -0.857505 -0.514476
vn -0.446036 -0.856998 0.258081
vn 0.446036 -0.856998 0.258081
vn -0.257519 -0.857459 -0.445474
vn -0.446036 -0.857336 -0.256957
vn -0.515038 -0.857167 0.000562
vn -0.257519 -0.856875 0.446598
vn -0.000000 -0.856830 0.515600
vn 0.257519 -0.856875 0.446598
vn 0.515038 -0.857167 0.000562
vn 0.446036 -0.857336 -0.256957
vn 0.257519 -0.857459 -0.445474
vn -0.258819 0.000633 0.965926
vn -0.258819 0.000633 0.965926
vn 0.000000 0.000655 1.000000
vn 0.000000 0.000655 1.000000
vn 0.258819 0.000633 0.965926
vn 0.258819 0.000633 0.965926
vn 0.500000 0.000567 0.866025
vn 0.500000 0.000567 0.866025
vn 0.707107 0.000463 0.707107
vn 0.707107 0.000463 0.707107
vn 0.866025 0.000328 0.500000
vn 0.866025 0.000328 0.500000
vn 0.965926 0.000170 0.258819
vn 0.965926 0.000170 0.258819
vn 1.000000 -0.000000 -0.000000
vn 1.000000 -0.000000 -0.000000
vn 0.965926 -0.000170 -0.258819
vn 0.965926 -0.000170 -0.258819
vn 0.866025 -0.000328 -0.500000
vn 0.866025 -0.000328 -0.500000
vn 0.707107 -0.000463 -0.707107
vn 0.707107 -0.000463 -0.707107
vn 0.500000 -0.000567 -0.866025
vn 0.500000 -0.000567 -0.866025
vn 0.258819 -0.000633 -0.965926
vn 0.258819 -0.000633 -0.965926
vn 0.000000 -0.000655 -1.000000
vn 0.000000 -0.000655 -1.000000
vn -0.258819 -0.000633 -0.965926
vn -0.258819 -0.000633 -0.965926
vn -0.500000 -0.000567 -0.866025
vn -0.500000 -0.000567 -0.866025
vn -0.707107 -0.000463 -0.707107
vn -0.707107 -0.000463 -0.707107
vn -0.866025 -0.000328 -0.500000
vn -0.866025 -0.000328 -0.500000
vn -0.965926 -0.000170 -0.258819
vn -0.965926 -0.000170 -0.258819
vn -1.000000 0.000000 -0.000000
vn -1.000000 0.000000 -0.000000
vn -0.965926 0.000170 0.258819
vn -0.965926 0.000170 0.258819
vn -0.866025 0.000328 0.500000
vn -0.866025 0.000328 0.500000
vn -0.707107 0.000463 0.707107
vn -0.707107 0.000463 0.707107
vn -0.500000 0.000567 0.866025
vn -0.500000 0.000567 0.866025
vn -0.133302 -0.856841 0.498050
vn -0.133302 -0.856841 0.498050
vn -0.000000 -0.856830 0.515600
vn -0.364187 -0.856929 0.364748
vn -0.364187 -0.856929 0.364748
vn -0.257519 -0.856875 0.446598
vn -0.497489 -0.857080 0.133863
vn -0.497489 -0.857080 0.133863
vn -0.446036 -0.856998 0.258081
vn -0.497489 -0.857254 -0.132740
vn -0.497489 -0.857254 -0.132740
vn -0.515038 -0.857167 0.000562
vn -0.364187 -0.857406 -0.363625
vn -0.364187 -0.857406 -0.363625
vn -0.446036 -0.857336 -0.256957
vn -0.133302 -0.857493 -0.496927
vn -0.133302 -0.857493 -0.496927
vn -0.257519 -0.857459 -0.445474
vn 0.133302 -0.857493 -0.496927
vn 0.133302 -0.857493 -0.496927
vn -0.000000 -0.857505 -0.514476
vn 0.364187 -0.857406 -0.363625
vn 0.364187 -0.857406 -0.363625
vn 0.257519 -0.857459 -0.445474
vn 0.497489 -0.857254 -0.132740
vn 0.497489 -0.857254 -0.132740
vn 0.446036 -0.857336 -0.256957
vn 0.497489 -0.857080 0.133863
vn 0.497489 -0.857080 0.133863
vn 0.515038 -0.857167 0.000562
vn 0.364187 -0.856929 0.364748
vn 0.364187 -0.856929 0.364748
vn 0.446036 -0.856998 0.258081
vn 0.133302 -0.856841 0.498050
vn 0.133302 -0.856841 0.498050
vn 0.257519 -0.856875 0.446598
vn -0.000000 -0.857505 -0.514476
vn -0.446036 -0.856998 0.258081
vn 0.446036 -0.856998 0.258081
vn -0.257519 -0.857459 -0.445474
vn -0.446036 -0.857336 -0.256957
vn -0.515038 -0.857167 0.000562
vn -0.257519 -0.856875 0.446598
vn -0.000000 -0.856830 0.515600
vn 0.257519 -0.856875 0.446598
vn 0.515038 -0.857167 0.000562
vn 0.446036 -0.857336 -0.256957
vn 0.257519 -0.857459 -0.445474
vn -0.258819 0.000633 0.965926
vn -0.258819 0.000633 0.965926
vn 0.000000 0.000655 1.000000
vn 0.000000 0.000655 1.000000
vn 0.258819 0.000633 0.965926
vn 0.258819 0.000633 0.965926
vn 0.500000 0.000567 0.866025
vn 0.500000 0.000567 0.866025
vn 0.707107 0.000463 0.707107
vn 0.707107 0.000463 0.707107
vn 0.866025 0.000328 0.500000
vn 0.866025 0.000328 0.500000
vn 0.965926 0.000170 0.258819
vn 0.965926 0.000170 0.258819
vn 1.000000 -0.000000 -0.000000
vn 1.000000 -0.000000 -0.000000
vn 0.965926 -0.000170 -0.258819
vn 0.965926 -0.000170 -0.258819
vn 0.866025 -0.000328 -0.500000
vn 0.866025 -0.000328 -0.500000
vn 0.707107 -0.000463 -0.707107
vn 0.707107 -0.000463 -0.707107
vn 0.500000 -0.000567 -0.866025
vn 0.500000 -0.000567 -0.866025
vn 0.258819 -0.000633 -0.965926
vn 0.258819 -0.000633 -0.965926
vn 0.000000 -0.000655 -1.000000
vn 0.000000 -0.000655 -1.000000
vn -0.258819 -0.000633 -0.965926
vn -0.258819 -0.000633 -0.965926
vn -0.500000 -0.000567 -0.866025
vn -0.500000 -0.000567 -0.866025
vn -0.707107 -0.000463 -0.707107
vn -0.707107 -0.000463 -0.707107
vn -0.866025 -0.000328 -0.500000
vn -0.866025 -0.000328 -0.500000
vn -0.965926 -0.000170 -0.258819
vn -0.965926 -0.000170 -0.258819
vn -1.000000 0.000000 -0.000000
vn -1.000000 0.000000 -0.000000
vn -0.965926 0.000170 0.258819
vn -0.965926 0.000170 0.258819
vn -0.866025 0.000328 0.500000
vn -0.866025 0.000328 0.500000
vn -0.707107 0.000463 0.707107
vn -0.707107 0.000463 0.707107
vn -0.500000 0.000567 0.866025
vn -0.500000 0.000567 0.866025
vn 1.000000 -0.000000 0.000000
vn 1.000000 -0.000000 0.000000
vn 1.000000 -0.000000 0.000000
vn 1.000000 -0.000000 0.000000
vn 1.000000 -0.000000 0.000000
vn 0.000000 -0.000655 -1.000000
vn 0.000000 -0.000655 -1.000000
vn 0.000000 -0.000655 -1.000000
vn 0.000000 -0.000655 -1.000000
vn -0.000000 0.000655 1.000000
vn -0.000000 0.000655 1.000000
vn -0.000000 0.000655 1.000000
vn -0.000000 0.000655 1.000000
vn -1.000000 0.000000 -0.000000
vn -1.000000 0.000000 -0.000000
vn -1.000000 0.000000 -0.000000
vn -1.000000 0.000000 -0.000000
vn -1.000000 0.000000 -0.000000
vn -1.000000 0.000000 -0.000000
vn 0.000000 1.000000 -0.000655
vn 0.000000 1.000000 -0.000655
vn 0.000000 1.000000 -0.000655
vn 0.000000 1.000000 -0.000655
vn 0.000000 1.000000 -0.000655
vn 0.000000 1.000000 -0.000655
vn 1.000000 -0.000000 0.000000
vn 1.000000 -0.000000 0.000000
vn 1.000000 -0.000000 0.000000
vn 1.000000 -0.000000 0.000000
vn 1.000000 -0.000000 0.000000
vn 1.000000 -0.000000 0.000000
vn 1.000000 -0.000000 0.000000
vn 1.000000 -0.000000 0.000000
vn 1.000000 -0.000000 0.000000
vn 1.000000 -0.000000 0.000000
vn 1.000000 -0.000000 0.000000
vn 0.000000 -0.000655 -1.000000
vn 0.000000 -0.000655 -1.000000
vn 0.000000 -0.000655 -1.000000
vn 0.000000 -0.000655 -1.000000
vn 0.000000 -0.000655 -1.000000
vn 0.000000 -0.000655 -1.000000
vn -0.000000 0.000000 1.000000
vn -0.000000 0.000000 1.000000
vn -0.000000 0.000000 1.000000
vn -0.000000 0.000000 1.000000
vn -0.000000 -1.000000 0.000655
vn -0.000000 -1.000000 0.000655
vn -0.000000 -1.000000 0.000655
vn -0.000000 -1.000000 0.000655
vn -0.000000 -1.000000 0.000655
vn -0.000000 -1.000000 0.000655
vn -0.000000 -1.000000 0.000655
vn -0.000000 -1.000000 0.000655
vn -0.000000 -1.000000 0.000655
vn -0.000000 -1.000000 0.000655
vn -0.000000 -1.000000 0.000655
vn -0.000000 -1.000000 0.000655
vn -0.000000 -1.000000 0.000655
vn -0.000000 -1.000000 0.000655
vn -0.000000 -1.000000 0.000655
vn -0.000000 -1.000000 0.000655
vn -0.000000 -1.000000 0.000655
vn -0.000000 -1.000000 0.000655
vn -0.000000 -1.000000 0.000655
vn -0.000000 -1.000000 0.000655
vn -0.000000 -1.000000 0.000655
vn -0.000000 -1.000000 0.000655
vn -0.000000 -1.000000 0.000655
vn -0.000000 -1.000000 0.000655
vn -0.000000 -1.000000 0.000655
vn -0.000000 -1.000000 0.000655
vn -0.000000 -1.000000 0.000655
vn -0.000000 -1.000000 0.000655
vn -0.000000 -1.000000 0.000655
vn -0.000000 -1.000000 0.000655
vn -0.000000 -1.000000 0.000655
vn -0.000000 -1.000000 0.000655
vn -0.000000 -1.000000 0.000655
vn -0.000000 -1.000000 0.000655
vn -0.000000 -1.000000 0.000655
vn -0.000000 -1.000000 0.000655
vn -0.000000 -1.000000 0.000655
vn -0.000000 -1.000000 0.000655
vn -0.000000 -1.000000 0.000655
vn -0.000000 -1.000000 0.000655
vn -0.000000 -1.000000 0.000655
vn -0.000000 -1.000000 0.000655
vn -0.000000 -1.000000 0.000655
vn -0.000000 -1.000000 0.000655
vn -0.000000 -1.000000 0.000655
vn -0.000000 -1.000000 0.000655
vn -0.000000 -1.000000 0.000655
vn -0.000000 -1.000000 0.000655
vn -0.000000 -1.000000 0.000655
vn -0.000000 -1.000000 0.000655
vn -0.000000 -1.000000 0.000655
vn -0.000000 -1.000000 0.000655
vn -0.000000 -1.000000 0.000655
vn -0.000000 -1.000000 0.000655
vn -0.000000 -1.000000 0.000655
vn -0.000000 -1.000000 0.000655
vn -0.000000 -1.000000 0.000655
vn -0.000000 -1.000000 0.000655
vn 0.000000 -0.000000 -1.000000
vn 0.000000 -0.000000 -1.000000
vn 0.000000 -0.000000 -1.000000
vn 0.000000 -0.000000 -1.000000
vn -1.000000 0.000000 0.000000
vn -1.000000 0.000000 0.000000
vn -1.000000 0.000000 0.000000
vn -1.000000 0.000000 0.000000
vn -0.000000 -0.000000 -1.000000
vn -0.000000 -0.000000 -1.000000
vn -0.000000 -0.000000 -1.000000
vn -0.000000 -0.000000 -1.000000
vn -0.000000 -0.000000 -1.000000
vn -0.000000 -0.000000 -1.000000
vn -0.000000 0.000655 1.000000
vn -0.000000 0.000655 1.000000
vn -0.000000 0.000655 1.000000
vn -0.000000 0.000655 1.000000
vn -0.000000 0.000655 1.000000
vn -0.000000 0.000655 1.000000
vn -0.000000 0.000655 1.000000
vn -0.000000 0.000655 1.000000
vn -0.000000 1.000000 -0.000000
vn -0.000000 1.000000 -0.000000
vn -0.000000 1.000000 -0.000000
vn -0.000000 1.000000 -0.000000
vn -0.000000 0.000000 1.000000
vn -0.000000 0.000000 1.000000
vn -0.000000 0.000000 1.000000
vn -0.000000 0.000000 1.000000
vn -0.000000 0.000000 1.000000
vn -0.000000 0.000000 1.000000
vn -0.000000 0.000000 1.000000
vn -0.000000 0.000000 1.000000
vn -0.000000 1.000000 -0.000000
vn -0.000000 1.000000 -0.000000
vn -0.000000 1.000000 -0.000000
vn -0.000000 1.000000 -0.000000
vn -0.000000 1.000000 -0.000000
vn -0.000000 1.000000 -0.000000
vn -0.000000 1.000000 -0.000000
vn -0.000000 1.000000 -0.000000
vn 1.000000 -0.000000 0.000000
vn 1.000000 -0.000000 0.000000
vn 1.000000 -0.000000 0.000000
vn 1.000000 -0.000000 0.000000
vn 1.000000 -0.000000 0.000000
vn 1.000000 -0.000000 0.000000
vn 1.000000 -0.000000 0.000000
vn 1.000000 -0.000000 0.000000
vn 1.000000 -0.000000 0.000000
vn 1.000000 -0.000000 0.000000
vn 1.000000 -0.000000 0.000000
vn 1.000000 -0.000000 0.000000
vn 1.000000 -0.000000 0.000000
vn 1.000000 -0.000000 0.000000
vn 1.000000 -0.000000 0.000000
vn 1.000000 -0.000000 0.000000
vn 1.000000 -0.000000 0.000000
vn 1.000000 -0.000000 0.000000
vn 1.000000 -0.000000 0.000000
vn 1.000000 -0.000000 0.000000
vn 1.000000 -0.000000 0.000000
vn 1.000000 -0.000000 0.000000
vn 1.000000 -0.000000 0.000000
vn 1.000000 -0.000000 0.000000
vn 1.000000 -0.000000 0.000000
vn 1.000000 -0.000000 0.000000
vn 1.000000 -0.000000 0.000000
vn 1.000000 -0.000000 0.000000
vn 1.000000 -0.000000 0.000000
vn 1.000000 -0.000000 0.000000
vn 1.000000 -0.000000 0.000000
vn 1.000000 -0.000000 0.000000
vn 1.000000 -0.000000 0.000000
vn -1.000000 0.000000 -0.000000
vn -1.000000 0.000000 -0.000000
vn -1.000000 0.000000 -0.000000
vn -1.000000 0.000000 -0.000000
vn -1.000000 0.000000 -0.000000
vn -1.000000 0.000000 -0.000000
vn -1.000000 0.000000 -0.000000
vn -1.000000 0.000000 -0.000000
vn -1.000000 0.000000 -0.000000
vn -1.000000 0.000000 -0.000000
vn -1.000000 0.000000 -0.000000
vn -1.000000 0.000000 -0.000000
vn -1.000000 0.000000 -0.000000
vn -1.000000 0.000000 -0.000000
vn -1.000000 0.000000 -0.000000
vn -1.000000 0.000000 -0.000000
vn -1.000000 0.000000 -0.000000
vn -1.000000 0.000000 -0.000000
vn -1.000000 0.000000 -0.000000
vn -1.000000 0.000000 -0.000000
vn -1.000000 0.000000 -0.000000
vn -1.000000 0.000000 -0.000000
vn -1.000000 0.000000 -0.000000
vn -1.000000 0.000000 -0.000000
vn -1.000000 0.000000 -0.000000
vn -1.000000 0.000000 -0.000000
vn -1.000000 0.000000 -0.000000
vn -1.000000 0.000000 -0.000000
vn -1.000000 0.000000 -0.000000
vn -1.000000 0.000000 -0.000000
vn -1.000000 0.000000 -0.000000
vn -1.000000 0.000000 -0.000000
vn -1.000000 0.000000 -0.000000
vn -1.000000 0.000000 -0.000000
vn -1.000000 0.000000 -0.000000
vn -1.000000 0.000000 -0.000000
vn -1.000000 0.000000 -0.000000
vn -1.000000 0.000000 -0.000000
vn -1.000000 0.000000 -0.000000
vn -0.000000 -0.000000 -1.000000
vn -0.000000 -0.000000 -1.000000
vn -0.000000 -0.000000 -1.000000
vn -0.000000 -0.000000 -1.000000
vn -0.000000 1.000000 -0.000000
vn -0.000000 1.000000 -0.000000
vn -0.000000 1.000000 -0.000000
vn -0.000000 1.000000 -0.000000
vn 0.000000 0.000000 1.000000
vn 0.000000 0.000000 1.000000
vn 0.000000 0.000000 1.000000
vn 0.000000 0.000000 1.000000
vn -0.000000 1.000000 -0.000000
vn -0.000000 1.000000 -0.000000
vn -0.000000 1.000000 -0.000000
vn -0.000000 1.000000 -0.000000
vn 0.000000 0.000000 1.000000
vn 0.000000 0.000000 1.000000
vn 0.000000 0.000000 1.000000
vn 0.000000 0.000000 1.000000
vn 0.000000 -1.000000 0.000000
vn 0.000000 -1.000000 0.000000
vn 0.000000 -1.000000 0.000000
vn 0.000000 -1.000000 0.000000
vn 0.000000 0.000000 1.000000
vn 0.000000 0.000000 1.000000
vn 0.000000 0.000000 1.000000
vn 0.000000 0.000000 1.000000
vn 0.000000 -1.000000 0.000000
vn 0.000000 -1.000000 0.000000
vn 0.000000 -1.000000 0.000000
vn 0.000000 -1.000000 0.000000
vn -0.000000 0.960891 -0.276927
vn -0.000000 0.953112 -0.302617
vn -0.000000 0.944419 -0.328745
vn -0.000000 0.946660 -0.322235
vn -0.000000 0.944419 -0.328745
vn -0.000000 0.960891 -0.276927
vn -0.000000 0.959011 -0.283367
vn 0.000000 -0.940899 -0.338687
vn 0.000000 -0.948721 -0.316115
vn 0.000000 -0.957253 -0.289253
vn 0.000000 -0.955160 -0.296090
vn 0.000000 -0.957253 -0.289253
vn 0.000000 -0.940899 -0.338687
vn 0.000000 -0.942904 -0.333063
vn -0.000000 -0.939624 -0.342209
vn -0.000000 -0.939624 -0.342209
vn -0.000000 -0.939624 -0.342209
vn -0.000000 -0.939624 -0.342209
vn -0.000000 -0.000000 -1.000000
vn -0.000000 -0.000000 -1.000000
vn -0.000000 -0.000000 -1.000000
vn -0.000000 -0.000000 -1.000000
vn 0.000000 0.935239 0.354017
vn 0.000000 0.935239 0.354017
vn 0.000000 0.935239 0.354017
vn 0.000000 0.935239 0.354017
vn 0.000000 0.000000 1.000000
vn 0.000000 0.000000 1.000000
vn 0.000000 0.000000 1.000000
vn 0.000000 0.000000 1.000000
vn 0.000000 -0.934655 0.355556
vn 0.000000 -0.934655 0.355556
vn 0.000000 -0.934655 0.355556
vn 0.000000 -0.934655 0.355556
vn -0.000000 -0.000000 -1.000000
vn -0.000000 -0.000000 -1.000000
vn -0.000000 -0.000000 -1.000000
vn -0.000000 -0.000000 -1.000000
vn -0.000000 0.941339 -0.337461
vn -0.000000 0.941339 -0.337461
vn -0.000000 0.941339 -0.337461
vn -0.000000 0.941339 -0.337461
vn -0.000000 -0.000000 -1.000000
vn -0.000000 -0.000000 -1.000000
vn -0.000000 -0.000000 -1.000000
vn -0.000000 -0.000000 -1.000000
vn -0.000000 1.000000 -0.000000
vn -0.000000 1.000000 -0.000000
vn -0.000000 1.000000 -0.000000
vn -0.000000 1.000000 -0.000000
vn -0.000000 -0.000000 -1.000000
vn -0.000000 -0.000000 -1.000000
vn -0.000000 -0.000000 -1.000000
vn -0.000000 -0.000000 -1.000000
vn -0.000000 1.000000 -0.000000
vn -0.000000 1.000000 -0.000000
vn -0.000000 1.000000 -0.000000
vn -0.000000 1.000000 -0.000000
vn 0.000000 0.000000 1.000000
vn 0.000000 0.000000 1.000000
vn 0.000000 0.000000 1.000000
vn 0.000000 0.000000 1.000000
vn -0.000000 1.000000 -0.000000
vn -0.000000 1.000000 -0.000000
vn -0.000000 1.000000 -0.000000
vn -0.000000 1.000000 -0.000000
vn 0.000000 0.000000 1.000000
vn 0.000000 0.000000 1.000000
vn 0.000000 0.000000 1.000000
vn 0.000000 0.000000 1.000000
vn 0.000000 -1.000000 0.000000
vn 0.000000 -1.000000 0.000000
vn 0.000000 -1.000000 0.000000
vn 0.000000 -1.000000 0.000000
vn 0.000000 0.000000 1.000000
vn 0.000000 0.000000 1.000000
vn 0.000000 0.000000 1.000000
vn 0.000000 0.000000 1.000000
vn 0.000000 -1.000000 0.000000
vn 0.000000 -1.000000 0.000000
vn 0.000000 -1.000000 0.000000
vn 0.000000 -1.000000 0.000000
vn -0.000000 -0.817611 -0.575770
vn -0.000000 -0.817611 -0.575770
vn -0.000000 -0.817611 -0.575770
vn -0.000000 -0.817611 -0.575770
f 831/1721/1699 854/1722/1700 830/1723/1701
f 833/1724/1702 854/1725/1703 832/1726/1704
f 835/1727/1705 854/1728/1706 834/1729/1707
f 837/1730/1708 854/1731/1709 836/1732/1710
f 839/1733/1711 854/1734/1712 838/1735/1713
f 841/1736/1714 854/1737/1715 840/1738/1716
f 843/1739/1717 854/1740/1718 842/1741/1719
f 845/1742/1720 854/1743/1721 844/1744/1722
f 847/1745/1723 854/1746/1724 846/1747/1725
f 849/1748/1726 854/1749/1727 848/1750/1728
f 851/1751/1729 854/1752/1730 850/1753/1731
f 853/1754/1732 854/1755/1733 852/1756/1734
f 842/1757/1719 854/1758/1735 841/1736/1714
f 834/1729/1707 854/1759/1736 833/1724/1702
f 850/1753/1731 854/1760/1737 849/1748/1726
f 840/1738/1716 854/1761/1738 839/1733/1711
f 838/1735/1713 854/1762/1739 837/1730/1708
f 836/1732/1710 854/1763/1740 835/1727/1705
f 832/1726/1704 854/1764/1741 831/1721/1699
f 830/1723/1701 854/1765/1742 853/1754/1732
f 852/1756/1734 854/1766/1743 851/1751/1729
f 848/1750/1728 854/1767/1744 847/1745/1723
f 846/1747/1725 854/1768/1745 845/1742/1720
f 844/1744/1722 854/1769/1746 843/1739/1717
f 856/1770/1747 831/1771/1748 855/1772/1749
f 855/1772/1749 831/1771/1748 830/1773/1750
f 855/1772/1749 830/1773/1750 878/1774/1751
f 878/1774/1751 830/1773/1750 853/1775/1752
f 878/1774/1751 853/1775/1752 877/1776/1753
f 877/1776/1753 853/1775/1752 852/1777/1754
f 877/1776/1753 852/1777/1754 876/1778/1755
f 876/1778/1755 852/1777/1754 851/1779/1756
f 876/1778/1755 851/1779/1756 875/1780/1757
f 875/1780/1757 851/1779/1756 850/1781/1758
f 875/1780/1757 850/1781/1758 874/1782/1759
f 874/1782/1759 850/1781/1758 849/1783/1760
f 874/1782/1759 849/1783/1760 873/1784/1761
f 873/1784/1761 849/1783/1760 848/1785/1762
f 873/1784/1761 848/1785/1762 872/1786/1763
f 872/1786/1763 848/1785/1762 847/1787/1764
f 872/1786/1763 847/1787/1764 871/1788/1765
f 871/1788/1765 847/1787/1764 846/1789/1766
f 871/1788/1765 846/1789/1766 870/1790/1767
f 870/1790/1767 846/1789/1766 845/1791/1768
f 870/1790/1767 845/1791/1768 869/1792/1769
f 869/1792/1769 845/1791/1768 844/1793/1770
f 869/1792/1769 844/1793/1770 868/1794/1771
f 868/1794/1771 844/1793/1770 843/1795/1772
f 868/1794/1771 843/1795/1772 867/1796/1773
f 867/1796/1773 843/1795/1772 842/1797/1774
f 867/1798/1773 842/1799/1774 866/1800/1775
f 866/1800/1775 842/1799/1774 841/1801/1776
f 866/1800/1775 841/1801/1776 865/1802/1777
f 865/1802/1777 841/1801/1776 840/1803/1778
f 865/1802/1777 840/1803/1778 864/1804/1779
f 864/1804/1779 840/1803/1778 839/1805/1780
f 864/1804/1779 839/1805/1780 863/1806/1781
f 863/1806/1781 839/1805/1780 838/1807/1782
f 863/1806/1781 838/1807/1782 862/1808/1783
f 862/1808/1783 838/1807/1782 837/1809/1784
f 862/1808/1783 837/1809/1784 861/1810/1785
f 861/1810/1785 837/1809/1784 836/1811/1786
f 861/1810/1785 836/1811/1786 860/1812/1787
f 860/1812/1787 836/1811/1786 835/1813/1788
f 860/1812/1787 835/1813/1788 859/1814/1789
f 859/1814/1789 835/1813/1788 834/1815/1790
f 859/1814/1789 834/1815/1790 858/1816/1791
f 858/1816/1791 834/1815/1790 833/1817/1792
f 858/1816/1791 833/1817/1792 857/1818/1793
f 857/1818/1793 833/1817/1792 832/1819/1794
f 857/1818/1793 832/1819/1794 856/1770/1747
f 856/1770/1747 832/1819/1794 831/1771/1748
f 880/1820/1795 903/1821/1796 879/1822/1797
f 882/1823/1798 903/1824/1799 881/1825/1800
f 884/1826/1801 903/1827/1802 883/1828/1803
f 886/1829/1804 903/1830/1805 885/1831/1806
f 888/1832/1807 903/1833/1808 887/1834/1809
f 890/1835/1810 903/1836/1811 889/1837/1812
f 892/1838/1813 903/1839/1814 891/1840/1815
f 894/1841/1816 903/1842/1817 893/1843/1818
f 896/1844/1819 903/1845/1820 895/1846/1821
f 898/1847/1822 903/1848/1823 897/1849/1824
f 900/1850/1825 903/1851/1826 899/1852/1827
f 902/1853/1828 903/1854/1829 901/1855/1830
f 891/1856/1815 903/1857/1831 890/1835/1810
f 883/1828/1803 903/1858/1832 882/1823/1798
f 899/1852/1827 903/1859/1833 898/1847/1822
f 889/1837/1812 903/1860/1834 888/1832/1807
f 887/1834/1809 903/1861/1835 886/1829/1804
f 885/1831/1806 903/1862/1836 884/1826/1801
f 881/1825/1800 903/1863/1837 880/1820/1795
f 879/1822/1797 903/1864/1838 902/1853/1828
f 901/1855/1830 903/1865/1839 900/1850/1825
f 897/1849/1824 903/1866/1840 896/1844/1819
f 895/1846/1821 903/1867/1841 894/1841/1816
f 893/1843/1818 903/1868/1842 892/1838/1813
f 905/1869/1843 880/1870/1844 904/1871/1845
f 904/1871/1845 880/1870/1844 879/1872/1846
f 904/1871/1845 879/1872/1846 927/1873/1847
f 927/1873/1847 879/1872/1846 902/1874/1848
f 927/1873/1847 902/1874/1848 926/1875/1849
f 926/1875/1849 902/1874/1848 901/1876/1850
f 926/1875/1849 901/1876/1850 925/1877/1851
f 925/1877/1851 901/1876/1850 900/1878/1852
f 925/1877/1851 900/1878/1852 924/1879/1853
f 924/1879/1853 900/1878/1852 899/1880/1854
f 924/1879/1853 899/1880/1854 923/1881/1855
f 923/1881/1855 899/1880/1854 898/1882/1856
f 923/1881/1855 898/1882/1856 922/1883/1857
f 922/1883/1857 898/1882/1856 897/1884/1858
f 922/1883/1857 897/1884/1858 921/1885/1859
f 921/1885/1859 897/1884/1858 896/1886/1860
f 921/1885/1859 896/1886/1860 920/1887/1861
f 920/1887/1861 896/1886/1860 895/1888/1862
f 920/1887/1861 895/1888/1862 919/1889/1863
f 919/1889/1863 895/1888/1862 894/1890/1864
f 919/1889/1863 894/1890/1864 918/1891/1865
f 918/1891/1865 894/1890/1864 893/1892/1866
f 918/1891/1865 893/1892/1866 917/1893/1867
f 917/1893/1867 893/1892/1866 892/1894/1868
f 917/1893/1867 892/1894/1868 916/1895/1869
f 916/1895/1869 892/1894/1868 891/1896/1870
f 916/1897/1869 891/1898/1870 915/1899/1871
f 915/1899/1871 891/1898/1870 890/1900/1872
f 915/1899/1871 890/1900/1872 914/1901/1873
f 914/1901/1873 890/1900/1872 889/1902/1874
f 914/1901/1873 889/1902/1874 913/1903/1875
f 913/1903/1875 889/1902/1874 888/1904/1876
f 913/1903/1875 888/1904/1876 912/1905/1877
f 912/1905/1877 888/1904/1876 887/1906/1878
f 912/1905/1877 887/1906/1878 911/1907/1879
f 911/1907/1879 887/1906/1878 886/1908/1880
f 911/1907/1879 886/1908/1880 910/1909/1881
f 910/1909/1881 886/1908/1880 885/1910/1882
f 910/1909/1881 885/1910/1882 909/1911/1883
f 909/1911/1883 885/1910/1882 884/1912/1884
f 909/1911/1883 884/1912/1884 908/1913/1885
f 908/1913/1885 884/1912/1884 883/1914/1886
f 908/1913/1885 883/1914/1886 907/1915/1887
f 907/1915/1887 883/1914/1886 882/1916/1888
f 907/1915/1887 882/1916/1888 906/1917/1889
f 906/1917/1889 882/1916/1888 881/1918/1890
f 906/1917/1889 881/1918/1890 905/1869/1843
f 905/1869/1843 881/1918/1890 880/1870/1844
f 929/1919/1891 930/1920/1892 928/1921/1893
f 928/1921/1893 930/1920/1892 932/1922/1894
f 932/1922/1894 930/1920/1892 931/1923/1895
f 928/1924/1896 932/1925/1897 934/1926/1898
f 934/1926/1898 932/1925/1897 933/1927/1899
f 930/1928/1900 935/1929/1901 931/1930/1902
f 931/1930/1902 935/1929/1901 936/1931/1903
f 942/1932/1904 937/1933/1905 940/1934/1906
f 940/1934/1906 937/1933/1905 938/1935/1907
f 940/1934/1906 938/1935/1907 939/1936/1908
f 940/1934/1906 941/1937/1909 942/1932/1904
f 944/1938/1910 945/1939/1911 943/1940/1912
f 943/1940/1912 945/1939/1911 939/1941/1913
f 943/1940/1912 939/1941/1913 938/1942/1914
f 938/1942/1914 946/1943/1915 943/1940/1912
f 945/1944/1916 944/1945/1917 949/1946/1918
f 949/1946/1918 944/1945/1917 947/1947/1919
f 949/1946/1918 947/1947/1919 948/1948/1920
f 951/1949/1921 952/1950/1922 950/1951/1923
f 950/1951/1923 952/1950/1922 953/1952/1924
f 950/1951/1923 953/1952/1924 954/1953/1925
f 954/1953/1925 955/1954/1926 950/1951/1923
f 937/1955/1927 953/1956/1928 938/1957/1929
f 938/1957/1929 953/1956/1928 952/1958/1930
f 938/1957/1929 952/1958/1930 956/1959/1931
f 956/1959/1931 946/1960/1932 938/1957/1929
f 935/1961/1933 930/1962/1934 957/1963/1935
f 957/1963/1935 930/1962/1934 929/1964/1936
f 878/1965/1937 956/1966/1938 855/1967/1939
f 855/1967/1939 956/1966/1938 952/1968/1940
f 855/1967/1939 952/1968/1940 856/1969/1941
f 856/1969/1941 952/1968/1940 857/1970/1942
f 857/1970/1942 952/1968/1940 858/1971/1943
f 858/1971/1943 952/1968/1940 859/1972/1944
f 859/1972/1944 952/1968/1940 860/1973/1945
f 860/1973/1945 952/1968/1940 861/1974/1946
f 861/1974/1946 952/1968/1940 951/1975/1947
f 861/1974/1946 951/1975/1947 862/1976/1948
f 862/1976/1948 951/1975/1947 863/1977/1949
f 863/1977/1949 951/1975/1947 864/1978/1950
f 864/1978/1950 951/1975/1947 865/1979/1951
f 865/1979/1951 951/1975/1947 866/1980/1952
f 866/1980/1952 951/1975/1947 867/1981/1953
f 867/1981/1953 951/1975/1947 960/1982/1954
f 867/1981/1953 960/1982/1954 868/1983/1955
f 868/1983/1955 960/1982/1954 869/1984/1956
f 869/1984/1956 960/1982/1954 870/1985/1957
f 870/1985/1957 960/1982/1954 871/1986/1958
f 871/1986/1958 960/1982/1954 872/1987/1959
f 872/1987/1959 960/1982/1954 959/1988/1960
f 872/1987/1959 959/1988/1960 873/1989/1961
f 873/1989/1961 959/1988/1960 874/1990/1962
f 874/1990/1962 959/1988/1960 956/1966/1938
f 874/1990/1962 956/1966/1938 875/1991/1963
f 875/1991/1963 956/1966/1938 876/1992/1964
f 876/1992/1964 956/1966/1938 877/1993/1965
f 877/1993/1965 956/1966/1938 878/1965/1937
f 927/1994/1966 933/1995/1967 904/1996/1968
f 904/1996/1968 933/1995/1967 932/1997/1969
f 904/1996/1968 932/1997/1969 905/1998/1970
f 905/1998/1970 932/1997/1969 906/1999/1971
f 906/1999/1971 932/1997/1969 907/2000/1972
f 907/2000/1972 932/1997/1969 908/2001/1973
f 908/2001/1973 932/1997/1969 909/2002/1974
f 909/2002/1974 932/1997/1969 910/2003/1975
f 910/2003/1975 932/1997/1969 931/2004/1976
f 910/2003/1975 931/2004/1976 911/2005/1977
f 911/2005/1977 931/2004/1976 912/2006/1978
f 912/2006/1978 931/2004/1976 913/2007/1979
f 913/2007/1979 931/2004/1976 914/2008/1980
f 914/2008/1980 931/2004/1976 915/2009/1981
f 915/2009/1981 931/2004/1976 916/2010/1982
f 916/2010/1982 931/2004/1976 936/2011/1983
f 916/2010/1982 936/2011/1983 917/2012/1984
f 917/2012/1984 936/2011/1983 918/2013/1985
f 918/2013/1985 936/2011/1983 919/2014/1986
f 919/2014/1986 936/2011/1983 920/2015/1987
f 920/2015/1987 936/2011/1983 921/2016/1988
f 921/2016/1988 936/2011/1983 933/1995/1967
f 921/2016/1988 933/1995/1967 922/2017/1989
f 922/2017/1989 933/1995/1967 923/2018/1990
f 923/2018/1990 933/1995/1967 924/2019/1991
f 924/2019/1991 933/1995/1967 925/2020/1992
f 925/2020/1992 933/1995/1967 926/2021/1993
f 926/2021/1993 933/1995/1967 927/1994/1966
f 959/1988/1960 960/1982/1954 958/2022/1994
f 958/2022/1994 960/1982/1954 933/1995/1967
f 958/2022/1994 933/1995/1967 936/2011/1983
f 942/2023/1995 954/2024/1996 937/2025/1997
f 937/2025/1997 954/2024/1996 953/2026/1998
f 946/2027/1999 956/2028/2000 943/2029/2001
f 943/2029/2001 956/2028/2000 959/2030/2002
f 947/2031/2003 944/2032/2004 961/2033/2005
f 961/2033/2005 944/2032/2004 958/2034/2006
f 958/2034/2006 944/2032/2004 959/2035/2007
f 959/2035/2007 944/2032/2004 943/2036/2008
f 940/2037/2009 939/2038/2010 950/2039/2011
f 950/2039/2011 939/2038/2010 951/2040/2012
f 951/2040/2012 939/2038/2010 960/2041/2013
f 960/2041/2013 939/2038/2010 945/2042/2014
f 960/2041/2013 945/2042/2014 962/2043/2015
f 962/2043/2015 945/2042/2014 949/2044/2016
f 942/2045/2017 941/2046/2018 954/2047/2019
f 954/2047/2019 941/2046/2018 955/2048/2020
f 941/2049/2021 940/2050/2022 955/2051/2023
f 955/2051/2023 940/2050/2022 950/2052/2024
f 948/2053/2025 963/2054/2026 949/2055/2027
f 949/2055/2027 963/2054/2026 962/2056/2028
f 928/2057/2029 934/2058/2030 929/2059/2031
f 929/2059/2031 934/2058/2030 957/2060/2032
f 957/2060/2032 934/2058/2030 961/2061/2033
f 961/2061/2033 934/2058/2030 963/2062/2034
f 961/2061/2033 963/2062/2034 947/2063/2035
f 947/2063/2035 963/2062/2034 948/2064/2036
f 933/2065/2037 987/2066/2038 934/2067/2039
f 934/2067/2039 987/2066/2038 967/2068/2040
f 934/2067/2039 967/2068/2040 968/2069/2041
f 960/2070/2042 983/2071/2043 933/2065/2037
f 933/2065/2037 983/2071/2043 984/2072/2044
f 933/2065/2037 984/2072/2044 986/2073/2045
f 986/2073/2045 984/2072/2044 985/2074/2046
f 983/2071/2043 960/2070/2042 981/2075/2047
f 981/2075/2047 960/2070/2042 962/2076/2048
f 981/2075/2047 962/2076/2048 991/2077/2049
f 991/2077/2049 962/2076/2048 972/2078/2050
f 991/2077/2049 972/2078/2050 989/2079/2051
f 989/2079/2051 972/2078/2050 988/2080/2052
f 988/2080/2052 972/2078/2050 973/2081/2053
f 988/2080/2052 973/2081/2053 987/2066/2038
f 987/2066/2038 973/2081/2053 974/2082/2054
f 987/2066/2038 974/2082/2054 967/2068/2040
f 967/2068/2040 974/2082/2054 978/2083/2055
f 967/2068/2040 978/2083/2055 966/2084/2056
f 966/2084/2056 978/2083/2055 979/2085/2057
f 966/2084/2056 979/2085/2057 965/2086/2058
f 965/2086/2058 979/2085/2057 964/2087/2059
f 964/2087/2059 979/2085/2057 980/2088/2060
f 964/2087/2059 980/2088/2060 962/2076/2048
f 962/2076/2048 980/2088/2060 972/2078/2050
f 964/2087/2059 962/2076/2048 971/2089/2061
f 971/2089/2061 962/2076/2048 963/2090/2062
f 971/2089/2061 963/2090/2062 969/2091/2063
f 969/2091/2063 963/2090/2062 934/2067/2039
f 969/2091/2063 934/2067/2039 968/2069/2041
f 969/2091/2063 970/2092/2064 971/2089/2061
f 978/2083/2055 974/2082/2054 977/2093/2065
f 977/2093/2065 974/2082/2054 975/2094/2066
f 977/2093/2065 975/2094/2066 976/2095/2067
f 981/2075/2047 982/2096/2068 983/2071/2043
f 986/2073/2045 987/2066/2038 933/2065/2037
f 989/2079/2051 990/2097/2069 991/2077/2049
f 958/2098/2070 1017/2099/2071 961/2100/2072
f 961/2100/2072 1017/2099/2071 1001/2101/2073
f 961/2100/2072 1001/2101/2073 1002/2102/2074
f 936/2103/2075 1025/2104/2076 958/2098/2070
f 958/2098/2070 1025/2104/2076 1016/2105/2077
f 958/2098/2070 1016/2105/2077 1017/2099/2071
f 935/2106/2078 1022/2107/2079 936/2103/2075
f 936/2103/2075 1022/2107/2079 1024/2108/2080
f 936/2103/2075 1024/2108/2080 1025/2104/2076
f 957/2109/2081 997/2110/2082 935/2106/2078
f 935/2106/2078 997/2110/2082 998/2111/2083
f 935/2106/2078 998/2111/2083 1014/2112/2084
f 1014/2112/2084 998/2111/2083 1004/2113/2085
f 1014/2112/2084 1004/2113/2085 1005/2114/2086
f 997/2110/2082 957/2109/2081 996/2115/2087
f 996/2115/2087 957/2109/2081 961/2100/2072
f 996/2115/2087 961/2100/2072 994/2116/2088
f 994/2116/2088 961/2100/2072 993/2117/2089
f 993/2117/2089 961/2100/2072 1002/2102/2074
f 993/2117/2089 1002/2102/2074 1003/2118/2090
f 999/2119/2091 992/2120/2092 1003/2118/2090
f 1003/2118/2090 992/2120/2092 993/2117/2089
f 994/2116/2088 995/2121/2093 996/2115/2087
f 998/2111/2083 999/2119/2091 1004/2113/2085
f 1004/2113/2085 999/2119/2091 1003/2118/2090
f 1001/2101/2073 1020/2122/2094 1000/2123/2095
f 1000/2123/2095 1020/2122/2094 1021/2124/2096
f 1000/2123/2095 1021/2124/2096 1014/2112/2084
f 1014/2112/2084 1021/2124/2096 935/2106/2078
f 1014/2112/2084 1005/2114/2086 1013/2125/2097
f 1013/2125/2097 1005/2114/2086 1006/2126/2098
f 1013/2125/2097 1006/2126/2098 1012/2127/2099
f 1012/2127/2099 1006/2126/2098 1007/2128/2100
f 1012/2127/2099 1007/2128/2100 1011/2129/2101
f 1011/2129/2101 1007/2128/2100 1008/2130/2102
f 1011/2129/2101 1008/2130/2102 1010/2131/2103
f 1010/2131/2103 1008/2130/2102 1009/2132/2104
f 1015/2133/2105 1016/2105/2077 1025/2104/2076
f 1018/2134/2106 1019/2135/2107 1017/2099/2071
f 1017/2099/2071 1019/2135/2107 1001/2101/2073
f 1019/2135/2107 1020/2122/2094 1001/2101/2073
f 1021/2124/2096 1022/2107/2079 935/2106/2078
f 1022/2107/2079 1023/2136/2108 1024/2108/2080
f 968/2137/2109 967/2138/2110 997/2139/2111
f 997/2139/2111 967/2138/2110 998/2140/2112
f 967/2141/2113 966/2142/2114 998/2143/2115
f 998/2143/2115 966/2142/2114 999/2144/2116
f 966/2145/2117 965/2146/2118 999/2147/2119
f 999/2147/2119 965/2146/2118 992/2148/2120
f 965/2149/2121 964/2150/2122 992/2151/2123
f 992/2151/2123 964/2150/2122 993/2152/2124
f 964/2153/2125 971/2154/2126 993/2155/2127
f 993/2155/2127 971/2154/2126 994/2156/2128
f 971/2157/2129 970/2158/2130 994/2159/2131
f 994/2159/2131 970/2158/2130 995/2160/2132
f 970/2161/2133 969/2162/2134 995/2163/2135
f 995/2163/2135 969/2162/2134 996/2164/2136
f 969/2165/2137 968/2166/2138 996/2167/2139
f 996/2167/2139 968/2166/2138 997/2168/2140
f 976/2169/2141 1007/2170/2142 977/2171/2143
f 977/2171/2143 1007/2170/2142 1006/2172/2144
f 977/2171/2143 1006/2172/2144 1005/2173/2145
f 1009/2174/2146 1008/2175/2147 976/2169/2141
f 976/2169/2141 1008/2175/2147 1007/2170/2142
f 975/2176/2148 1011/2177/2149 976/2178/2150
f 976/2178/2150 1011/2177/2149 1010/2179/2151
f 976/2178/2150 1010/2179/2151 1009/2180/2152
f 1013/2181/2153 1012/2182/2154 975/2176/2148
f 975/2176/2148 1012/2182/2154 1011/2177/2149
f 975/2183/2155 974/2184/2156 1013/2185/2157
f 1013/2185/2157 974/2184/2156 1014/2186/2158
f 974/2187/2159 973/2188/2160 1014/2189/2161
f 1014/2189/2161 973/2188/2160 1000/2190/2162
f 973/2191/2163 972/2192/2164 1000/2193/2165
f 1000/2193/2165 972/2192/2164 1001/2194/2166
f 972/2195/2167 980/2196/2168 1001/2197/2169
f 1001/2197/2169 980/2196/2168 1002/2198/2170
f 980/2199/2171 979/2200/2172 1002/2201/2173
f 1002/2201/2173 979/2200/2172 1003/2202/2174
f 979/2203/2175 978/2204/2176 1003/2205/2177
f 1003/2205/2177 978/2204/2176 1004/2206/2178
f 978/2207/2179 977/2208/2180 1004/2209/2181
f 1004/2209/2181 977/2208/2180 1005/2210/2182
f 987/2211/2183 986/2212/2184 1021/2213/2185
f 1021/2213/2185 986/2212/2184 1022/2214/2186
f 986/2215/2187 985/2216/2188 1022/2217/2189
f 1022/2217/2189 985/2216/2188 1023/2218/2190
f 985/2219/2191 984/2220/2192 1023/2221/2193
f 1023/2221/2193 984/2220/2192 1024/2222/2194
f 984/2223/2195 983/2224/2196 1024/2225/2197
f 1024/2225/2197 983/2224/2196 1025/2226/2198
f 983/2227/2199 982/2228/2200 1025/2229/2201
f 1025/2229/2201 982/2228/2200 1015/2230/2202
f 982/2231/2203 981/2232/2204 1015/2233/2205
f 1015/2233/2205 981/2232/2204 1016/2234/2206
f 981/2235/2207 991/2236/2208 1016/2237/2209
f 1016/2237/2209 991/2236/2208 1017/2238/2210
f 991/2239/2211 990/2240/2212 1017/2241/2213
f 1017/2241/2213 990/2240/2212 1018/2242/2214
f 990/2243/2215 989/2244/2216 1018/2245/2217
f 1018/2245/2217 989/2244/2216 1019/2246/2218
f 989/2247/2219 988/2248/2220 1019/2249/2221
f 1019/2249/2221 988/2248/2220 1020/2250/2222
f 988/2251/2223 987/2252/2224 1020/2253/2225
f 1020/2253/2225 987/2252/2224 1021/2254/2226
# 1025 vertices
# 2254 texture params
# 2226 normals
# 2106 facets

# 3 groups
